,steps,times,rewards,std_rewards,rewards_isac,std_rewards_isac,rewards_s,std_rewards_s,rewards_c,std_rewards_c,best_rewards,best_rewards_isac,best_rewards_s,best_rewards_c
0,256,5,226.5944061279297,0.31975796818733215,226.5944061279297,0.31975796818733215,6554.52880859375,0.0,8.850090026855469,0.012488413602113724,1.8910424801917025,1.8910424801917025,25.603627501125892,0.07385838120432528
1,20480,121,229.3280487060547,1.876108169555664,229.3280487060547,1.876108169555664,6554.52880859375,0.0,8.956857681274414,0.07327483594417572,1.8910424801917025,1.8910424801917025,25.603627501125892,0.07385838120432528
2,40704,235,128.41163635253906,0.21871037781238556,128.41163635253906,0.21871037781238556,7694.43603515625,0.0005980199784971774,4.27235746383667,0.007276782765984535,1.8910424801917025,1.8910424801917025,25.603627501125892,0.07385838120432528
3,60928,350,128.53907775878906,0.10129713267087936,128.53907775878906,0.10129713267087936,7694.43603515625,0.0005980199784971774,4.276597023010254,0.003370205871760845,1.8910424801917025,1.8910424801917025,25.603627501125892,0.07385838120432528
4,81152,464,128.35537719726562,0.09201884269714355,128.35537719726562,0.09201884269714355,7694.43603515625,0.0005980199784971774,4.2704854011535645,0.003061567898839712,1.8910424801917025,1.8910424801917025,25.603627501125892,0.07385838120432528
5,101376,577,168.9868927001953,0.5646818280220032,168.9868927001953,0.5646818280220032,8243.24609375,0.0,5.248010635375977,0.017536811530590057,1.8910424801917025,1.8910424801917025,25.603627501125892,0.07385838120432528
6,121600,690,3424.637939453125,44.94408416748047,3424.637939453125,44.94408416748047,9609.505859375,0.0,91.23333740234375,1.19731867313385,25.572549895659684,25.572549895659684,37.53713361620962,0.6812600598948427
7,141824,805,4857.9384765625,68.414306640625,4857.9384765625,68.414306640625,11011.5234375,0.0,112.93915557861328,1.5905213356018066,31.70974112015752,31.70974112015752,43.01376429281316,0.7371998624509053
8,162048,919,4807.66845703125,30.760805130004883,4807.66845703125,30.760805130004883,11011.5234375,0.0,111.77047729492188,0.7151359915733337,32.938566239641865,32.938566239641865,43.01376429281316,0.7657680461401821
9,182272,1033,5381.287109375,14.290900230407715,5381.287109375,14.290900230407715,12127.9638671875,0.0011960399569943547,113.58951568603516,0.30166009068489075,37.61638720050221,37.61638720050221,47.37485506440302,0.7940158792964156
10,202496,1147,5409.67822265625,59.951107025146484,5409.67822265625,59.951107025146484,12127.9638671875,0.0011960399569943547,114.18880462646484,1.2654646635055542,38.35322436159779,38.35322436159779,47.37485506440302,0.8095692178785368
11,222720,1262,4401.7265625,68.28446197509766,4401.7265625,68.28446197509766,12435.19921875,0.0,90.61712646484375,1.4057546854019165,38.35322436159779,38.35322436159779,47.37485506440302,0.8095692178785368
12,242944,1375,2988.037841796875,65.66797637939453,2988.037841796875,65.66797637939453,12284.36328125,0.0,62.26921463012695,1.3684862852096558,38.35322436159779,38.35322436159779,47.37485506440302,0.8095692178785368
13,263168,1488,238.7713165283203,1.2729068994522095,238.7713165283203,1.2729068994522095,11985.5087890625,0.0,5.099946975708008,0.027188215404748917,38.35322436159779,38.35322436159779,47.37485506440302,0.8095692178785368
14,283392,1602,237.8642120361328,1.0586731433868408,237.8642120361328,1.0586731433868408,11985.5087890625,0.0,5.08057165145874,0.022612497210502625,38.35322436159779,38.35322436159779,47.37485506440302,0.8095692178785368
15,303616,1715,239.1859893798828,0.34464171528816223,239.1859893798828,0.34464171528816223,11985.5087890625,0.0,5.108803749084473,0.007361098192632198,38.35322436159779,38.35322436159779,47.37485506440302,0.8095692178785368
16,323840,1828,238.156494140625,1.085261583328247,238.156494140625,1.085261583328247,11985.5087890625,0.0,5.086814880371094,0.023180518299341202,38.35322436159779,38.35322436159779,47.37485506440302,0.8095692178785368
17,344064,1942,237.71339416503906,1.2095013856887817,237.71339416503906,1.2095013856887817,11985.5087890625,0.0,5.07735013961792,0.025833947584033012,38.35322436159779,38.35322436159779,47.37485506440302,0.8095692178785368
18,364288,2054,238.9896240234375,0.7193284034729004,238.9896240234375,0.7193284034729004,11985.5087890625,0.0,5.10460901260376,0.015364251099526882,38.35322436159779,38.35322436159779,47.37485506440302,0.8095692178785368
19,384512,2168,237.63124084472656,0.3472610414028168,237.63124084472656,0.3472610414028168,11985.5087890625,0.0,5.075596332550049,0.007417166605591774,38.35322436159779,38.35322436159779,47.37485506440302,0.8095692178785368
20,404736,2282,237.4456024169922,0.3897828161716461,237.4456024169922,0.3897828161716461,11985.5087890625,0.0,5.071630477905273,0.008325310423970222,38.35322436159779,38.35322436159779,47.37485506440302,0.8095692178785368
21,424960,2395,238.05421447753906,0.23633809387683868,238.05421447753906,0.23633809387683868,11985.5087890625,0.0,5.084630489349365,0.005047953221946955,38.35322436159779,38.35322436159779,47.37485506440302,0.8095692178785368
22,445184,2509,238.05767822265625,0.08556194603443146,238.05767822265625,0.08556194603443146,11985.5087890625,0.0,5.0847039222717285,0.0018274749163538218,38.35322436159779,38.35322436159779,47.37485506440302,0.8095692178785368
23,465408,2623,237.8443603515625,0.5997909903526306,237.8443603515625,0.5997909903526306,11985.5087890625,0.0,5.080147743225098,0.012811042368412018,38.35322436159779,38.35322436159779,47.37485506440302,0.8095692178785368
24,485632,2736,237.35450744628906,0.46818670630455017,237.35450744628906,0.46818670630455017,11985.5087890625,0.0,5.069684982299805,0.010000047273933887,38.35322436159779,38.35322436159779,47.37485506440302,0.8095692178785368
25,505856,2850,238.1451873779297,0.866547167301178,238.1451873779297,0.866547167301178,11985.5087890625,0.0,5.086572647094727,0.018508799374103546,38.35322436159779,38.35322436159779,47.37485506440302,0.8095692178785368
26,526080,2964,238.7991943359375,0.6999643445014954,238.7991943359375,0.6999643445014954,11985.5087890625,0.0,5.100542068481445,0.014950637705624104,38.35322436159779,38.35322436159779,47.37485506440302,0.8095692178785368
27,546304,3078,239.03562927246094,0.14426064491271973,239.03562927246094,0.14426064491271973,11985.5087890625,0.0,5.105592250823975,0.0030811955220997334,38.35322436159779,38.35322436159779,47.37485506440302,0.8095692178785368
28,566528,3191,237.6259307861328,0.40990138053894043,237.6259307861328,0.40990138053894043,11985.5087890625,0.0,5.0754828453063965,0.008755332790315151,38.35322436159779,38.35322436159779,47.37485506440302,0.8095692178785368
29,586752,3304,238.3546905517578,0.3829910159111023,238.3546905517578,0.3829910159111023,11985.5087890625,0.0,5.091047763824463,0.008180234581232071,38.35322436159779,38.35322436159779,47.37485506440302,0.8095692178785368
30,606976,3417,238.14381408691406,0.2254595011472702,238.14381408691406,0.2254595011472702,11985.5087890625,0.0,5.086544036865234,0.004815584979951382,38.35322436159779,38.35322436159779,47.37485506440302,0.8095692178785368
31,627200,3530,238.5529022216797,0.946637749671936,238.5529022216797,0.946637749671936,11985.5087890625,0.0,5.095282077789307,0.02021951600909233,38.35322436159779,38.35322436159779,47.37485506440302,0.8095692178785368
32,647424,3644,238.623291015625,0.5581609606742859,238.623291015625,0.5581609606742859,11985.5087890625,0.0,5.096785068511963,0.011921925470232964,38.35322436159779,38.35322436159779,47.37485506440302,0.8095692178785368
33,667648,3759,238.49037170410156,0.5146483778953552,238.49037170410156,0.5146483778953552,11985.5087890625,0.0,5.0939459800720215,0.01099256332963705,38.35322436159779,38.35322436159779,47.37485506440302,0.8095692178785368
34,687872,3872,238.4553985595703,0.633216917514801,238.4553985595703,0.633216917514801,11985.5087890625,0.0,5.093199253082275,0.013524947687983513,38.35322436159779,38.35322436159779,47.37485506440302,0.8095692178785368
35,708096,3986,238.35462951660156,0.712648332118988,238.35462951660156,0.712648332118988,11985.5087890625,0.0,5.0910468101501465,0.0152214290574193,38.35322436159779,38.35322436159779,47.37485506440302,0.8095692178785368
36,728320,4100,238.7631378173828,0.7980174422264099,238.7631378173828,0.7980174422264099,11985.5087890625,0.0,5.099771976470947,0.01704487018287182,38.35322436159779,38.35322436159779,47.37485506440302,0.8095692178785368
37,748544,4214,237.9650115966797,0.7643407583236694,237.9650115966797,0.7643407583236694,11985.5087890625,0.0,5.082724571228027,0.01632543094456196,38.35322436159779,38.35322436159779,47.37485506440302,0.8095692178785368
38,768768,4327,238.2786102294922,0.5420206785202026,238.2786102294922,0.5420206785202026,11985.5087890625,0.0,5.089422702789307,0.011577039957046509,38.35322436159779,38.35322436159779,47.37485506440302,0.8095692178785368
39,788992,4441,238.20045471191406,0.6796596050262451,238.20045471191406,0.6796596050262451,11985.5087890625,0.0,5.087753772735596,0.01451699249446392,38.35322436159779,38.35322436159779,47.37485506440302,0.8095692178785368
40,809216,4555,238.9272003173828,0.9771048426628113,238.9272003173828,0.9771048426628113,11985.5087890625,0.0,5.103276252746582,0.02087031491100788,38.35322436159779,38.35322436159779,47.37485506440302,0.8095692178785368
41,829440,4670,238.11907958984375,0.2902587354183197,238.11907958984375,0.2902587354183197,11985.5087890625,0.0,5.086015224456787,0.006199744064360857,38.35322436159779,38.35322436159779,47.37485506440302,0.8095692178785368
42,849664,4783,238.4795684814453,0.888507604598999,238.4795684814453,0.888507604598999,11985.5087890625,0.0,5.093715190887451,0.018977738916873932,38.35322436159779,38.35322436159779,47.37485506440302,0.8095692178785368
43,869888,4896,238.1311492919922,0.6216673254966736,238.1311492919922,0.6216673254966736,11985.5087890625,0.0,5.086273193359375,0.013278313912451267,38.35322436159779,38.35322436159779,47.37485506440302,0.8095692178785368
44,890112,5009,239.2783660888672,0.7822865843772888,239.2783660888672,0.7822865843772888,11985.5087890625,0.0,5.110776901245117,0.016708994284272194,38.35322436159779,38.35322436159779,47.37485506440302,0.8095692178785368
45,910336,5123,238.3893585205078,0.5471956133842468,238.3893585205078,0.5471956133842468,11985.5087890625,0.0,5.0917887687683105,0.0116874473169446,38.35322436159779,38.35322436159779,47.37485506440302,0.8095692178785368
46,930560,5238,238.107421875,0.42957714200019836,238.107421875,0.42957714200019836,11985.5087890625,0.0,5.085766315460205,0.009175530634820461,38.35322436159779,38.35322436159779,47.37485506440302,0.8095692178785368
47,950784,5352,238.6266326904297,0.8181048631668091,238.6266326904297,0.8181048631668091,11985.5087890625,0.0,5.096856594085693,0.017474185675382614,38.35322436159779,38.35322436159779,47.37485506440302,0.8095692178785368
48,971008,5466,238.1785430908203,0.821789026260376,238.1785430908203,0.821789026260376,11985.5087890625,0.0,5.08728551864624,0.017552677541971207,38.35322436159779,38.35322436159779,47.37485506440302,0.8095692178785368
49,991232,5580,238.372802734375,0.5928548574447632,238.372802734375,0.5928548574447632,11985.5087890625,0.0,5.091434955596924,0.012662887573242188,38.35322436159779,38.35322436159779,47.37485506440302,0.8095692178785368
50,1011456,5694,237.3880157470703,0.7513472437858582,237.3880157470703,0.7513472437858582,11985.5087890625,0.0,5.070400714874268,0.01604800671339035,38.35322436159779,38.35322436159779,47.37485506440302,0.8095692178785368
51,1031680,5808,238.2529754638672,0.4821517765522003,238.2529754638672,0.4821517765522003,11985.5087890625,0.0,5.0888752937316895,0.010298180393874645,38.35322436159779,38.35322436159779,47.37485506440302,0.8095692178785368
52,1051904,5922,238.9643096923828,0.7946980595588684,238.9643096923828,0.7946980595588684,11985.5087890625,0.0,5.104068756103516,0.016974138095974922,38.35322436159779,38.35322436159779,47.37485506440302,0.8095692178785368
53,1072128,6035,238.1858673095703,1.1477344036102295,238.1858673095703,1.1477344036102295,11985.5087890625,0.0,5.087441921234131,0.024514656513929367,38.35322436159779,38.35322436159779,47.37485506440302,0.8095692178785368
54,1092352,6149,238.3976593017578,0.5937130451202393,238.3976593017578,0.5937130451202393,11985.5087890625,0.0,5.091966152191162,0.012681235559284687,38.35322436159779,38.35322436159779,47.37485506440302,0.8095692178785368
55,1112576,6263,237.5821075439453,1.016990065574646,237.5821075439453,1.016990065574646,11985.5087890625,0.0,5.0745463371276855,0.02172214537858963,38.35322436159779,38.35322436159779,47.37485506440302,0.8095692178785368
56,1132800,6375,237.93089294433594,0.2308008372783661,237.93089294433594,0.2308008372783661,11985.5087890625,0.0,5.081996440887451,0.004929748829454184,38.35322436159779,38.35322436159779,47.37485506440302,0.8095692178785368
57,1153024,6488,238.50352478027344,0.623160183429718,238.50352478027344,0.623160183429718,11985.5087890625,0.0,5.094226837158203,0.013310112059116364,38.35322436159779,38.35322436159779,47.37485506440302,0.8095692178785368
58,1173248,6603,237.09034729003906,1.0162993669509888,237.09034729003906,1.0162993669509888,11985.5087890625,0.0,5.064043045043945,0.021707309409976006,38.35322436159779,38.35322436159779,47.37485506440302,0.8095692178785368
59,1193472,6717,238.5453338623047,0.32575446367263794,238.5453338623047,0.32575446367263794,11985.5087890625,0.0,5.095119476318359,0.006957694888114929,38.35322436159779,38.35322436159779,47.37485506440302,0.8095692178785368
60,1213696,6831,238.2147979736328,0.09810417145490646,238.2147979736328,0.09810417145490646,11985.5087890625,0.0,5.088059902191162,0.0020954529754817486,38.35322436159779,38.35322436159779,47.37485506440302,0.8095692178785368
61,1233920,6946,238.41331481933594,1.1903764009475708,238.41331481933594,1.1903764009475708,11985.5087890625,0.0,5.0923004150390625,0.025425374507904053,38.35322436159779,38.35322436159779,47.37485506440302,0.8095692178785368
62,1254144,7059,238.59226989746094,1.1145477294921875,238.59226989746094,1.1145477294921875,11985.5087890625,0.0,5.096122741699219,0.023805895820260048,38.35322436159779,38.35322436159779,47.37485506440302,0.8095692178785368
63,1274368,7173,237.9919891357422,1.0797301530838013,237.9919891357422,1.0797301530838013,11985.5087890625,0.0,5.083301067352295,0.0230620875954628,38.35322436159779,38.35322436159779,47.37485506440302,0.8095692178785368
64,1294592,7287,237.2980194091797,0.29692286252975464,237.2980194091797,0.29692286252975464,11985.5087890625,0.0,5.068478107452393,0.006342181470245123,38.35322436159779,38.35322436159779,47.37485506440302,0.8095692178785368
65,1314816,7401,239.0049591064453,0.4725804924964905,239.0049591064453,0.4725804924964905,11985.5087890625,0.0,5.10493803024292,0.010093816556036472,38.35322436159779,38.35322436159779,47.37485506440302,0.8095692178785368
66,1335040,7515,238.0057373046875,0.41281557083129883,238.0057373046875,0.41281557083129883,11985.5087890625,0.0,5.08359432220459,0.008817287161946297,38.35322436159779,38.35322436159779,47.37485506440302,0.8095692178785368
67,1355264,7630,238.75669860839844,0.7311591506004333,238.75669860839844,0.7311591506004333,11985.5087890625,0.0,5.099634170532227,0.015617120079696178,38.35322436159779,38.35322436159779,47.37485506440302,0.8095692178785368
68,1375488,7744,237.4252471923828,0.6927792429924011,237.4252471923828,0.6927792429924011,11985.5087890625,0.0,5.07119607925415,0.014797113835811615,38.35322436159779,38.35322436159779,47.37485506440302,0.8095692178785368
69,1395712,7858,237.3766632080078,1.4965957403182983,237.3766632080078,1.4965957403182983,11985.5087890625,0.0,5.0701584815979,0.03196600079536438,38.35322436159779,38.35322436159779,47.37485506440302,0.8095692178785368
70,1415936,7973,238.69207763671875,1.0996094942092896,238.69207763671875,1.0996094942092896,11985.5087890625,0.0,5.098254203796387,0.023486455902457237,38.35322436159779,38.35322436159779,47.37485506440302,0.8095692178785368
71,1436160,8087,238.8912353515625,0.24873636662960052,238.8912353515625,0.24873636662960052,11985.5087890625,0.0,5.102508068084717,0.005312917288392782,38.35322436159779,38.35322436159779,47.37485506440302,0.8095692178785368
72,1456384,8203,238.29833984375,0.3531275987625122,238.29833984375,0.3531275987625122,11985.5087890625,0.0,5.089844226837158,0.007542431354522705,38.35322436159779,38.35322436159779,47.37485506440302,0.8095692178785368
73,1476608,8319,237.99424743652344,0.8411903381347656,237.99424743652344,0.8411903381347656,11985.5087890625,0.0,5.083349227905273,0.017967112362384796,38.35322436159779,38.35322436159779,47.37485506440302,0.8095692178785368
74,1496832,8434,238.18849182128906,0.5955910682678223,238.18849182128906,0.5955910682678223,11985.5087890625,0.0,5.087498188018799,0.01272136252373457,38.35322436159779,38.35322436159779,47.37485506440302,0.8095692178785368
75,1517056,8548,238.42433166503906,1.1349759101867676,238.42433166503906,1.1349759101867676,11985.5087890625,0.0,5.092535495758057,0.024242151528596878,38.35322436159779,38.35322436159779,47.37485506440302,0.8095692178785368
76,1537280,8662,238.67572021484375,0.4126339554786682,238.67572021484375,0.4126339554786682,11985.5087890625,0.0,5.097905158996582,0.00881332065910101,38.35322436159779,38.35322436159779,47.37485506440302,0.8095692178785368
77,1557504,8777,237.5250701904297,0.18823544681072235,237.5250701904297,0.18823544681072235,11985.5087890625,0.0,5.073328018188477,0.004020590800791979,38.35322436159779,38.35322436159779,47.37485506440302,0.8095692178785368
78,1577728,8892,238.0536346435547,0.3824576139450073,238.0536346435547,0.3824576139450073,11985.5087890625,0.0,5.084617614746094,0.008169051259756088,38.35322436159779,38.35322436159779,47.37485506440302,0.8095692178785368
79,1597952,9006,238.08961486816406,0.9539737701416016,238.08961486816406,0.9539737701416016,11985.5087890625,0.0,5.085386276245117,0.020376143977046013,38.35322436159779,38.35322436159779,47.37485506440302,0.8095692178785368
80,1618176,9121,238.5464630126953,0.6018525958061218,238.5464630126953,0.6018525958061218,11985.5087890625,0.0,5.095144271850586,0.012855089269578457,38.35322436159779,38.35322436159779,47.37485506440302,0.8095692178785368
81,1638400,9235,237.7271728515625,0.35781431198120117,237.7271728515625,0.35781431198120117,11985.5087890625,0.0,5.0776448249816895,0.007642644923180342,38.35322436159779,38.35322436159779,47.37485506440302,0.8095692178785368
82,1658624,9349,237.66844177246094,0.4571153223514557,237.66844177246094,0.4571153223514557,11985.5087890625,0.0,5.076389789581299,0.009763482958078384,38.35322436159779,38.35322436159779,47.37485506440302,0.8095692178785368
83,1678848,9463,238.0887908935547,0.38975679874420166,238.0887908935547,0.38975679874420166,11985.5087890625,0.0,5.085368633270264,0.008324865251779556,38.35322436159779,38.35322436159779,47.37485506440302,0.8095692178785368
84,1699072,9577,238.45953369140625,0.8527953624725342,238.45953369140625,0.8527953624725342,11985.5087890625,0.0,5.093286991119385,0.018214959651231766,38.35322436159779,38.35322436159779,47.37485506440302,0.8095692178785368
85,1719296,9693,237.7918701171875,0.8477855920791626,237.7918701171875,0.8477855920791626,11985.5087890625,0.0,5.079026699066162,0.018107950687408447,38.35322436159779,38.35322436159779,47.37485506440302,0.8095692178785368
86,1739520,9808,238.7977294921875,1.4337120056152344,238.7977294921875,1.4337120056152344,11985.5087890625,0.0,5.100511074066162,0.03062276728451252,38.35322436159779,38.35322436159779,47.37485506440302,0.8095692178785368
87,1759744,9923,237.69020080566406,0.625585675239563,237.69020080566406,0.625585675239563,11985.5087890625,0.0,5.076855182647705,0.0133619774132967,38.35322436159779,38.35322436159779,47.37485506440302,0.8095692178785368
88,1779968,10036,238.3106231689453,1.1850043535232544,238.3106231689453,1.1850043535232544,11985.5087890625,0.0,5.090106964111328,0.025310464203357697,38.35322436159779,38.35322436159779,47.37485506440302,0.8095692178785368
89,1800192,10150,237.72328186035156,1.6189836263656616,237.72328186035156,1.6189836263656616,11985.5087890625,0.0,5.077561855316162,0.0345800556242466,38.35322436159779,38.35322436159779,47.37485506440302,0.8095692178785368
90,1820416,10264,2991.944580078125,16.452322006225586,2991.944580078125,16.452322006225586,12284.36328125,0.0,62.35063552856445,0.34285855293273926,38.35322436159779,38.35322436159779,47.37485506440302,0.8095692178785368
91,1840640,10378,2926.9072265625,36.48092269897461,2926.9072265625,36.48092269897461,12284.36328125,0.0,60.99528503417969,0.7602462768554688,38.35322436159779,38.35322436159779,47.37485506440302,0.8095692178785368
92,1860864,10493,2991.9423828125,67.29930114746094,2991.9423828125,67.29930114746094,12284.36328125,0.0,62.3505859375,1.4024863243103027,38.35322436159779,38.35322436159779,47.37485506440302,0.8095692178785368
93,1881088,10608,2967.949951171875,4.724127769470215,2967.949951171875,4.724127769470215,12284.36328125,0.0,61.8505973815918,0.09844991564750671,38.35322436159779,38.35322436159779,47.37485506440302,0.8095692178785368
94,1901312,10721,237.8336639404297,0.7706142663955688,237.8336639404297,0.7706142663955688,11985.5087890625,0.0,5.079919338226318,0.016459541395306587,38.35322436159779,38.35322436159779,47.37485506440302,0.8095692178785368
95,1921536,10835,237.01954650878906,0.4393663704395294,237.01954650878906,0.4393663704395294,11985.5087890625,0.0,5.062530994415283,0.00938461720943451,38.35322436159779,38.35322436159779,47.37485506440302,0.8095692178785368
96,1941760,10949,2968.966796875,4.907637596130371,2968.966796875,4.907637596130371,12284.36328125,0.0,61.87178421020508,0.10227300226688385,38.35322436159779,38.35322436159779,47.37485506440302,0.8095692178785368
97,1961984,11062,237.78460693359375,0.81109219789505,237.78460693359375,0.81109219789505,11985.5087890625,0.0,5.078871250152588,0.01732419803738594,38.35322436159779,38.35322436159779,47.37485506440302,0.8095692178785368
98,1982208,11176,2916.3525390625,51.77538299560547,2916.3525390625,51.77538299560547,12284.36328125,0.0,60.77532958984375,1.0789738893508911,38.35322436159779,38.35322436159779,47.37485506440302,0.8095692178785368
99,2002432,11291,3023.786865234375,16.504554748535156,3023.786865234375,16.504554748535156,12284.36328125,0.0,63.01420593261719,0.3439476490020752,38.35322436159779,38.35322436159779,47.37485506440302,0.8095692178785368
100,2022656,11405,237.6453094482422,0.9921725988388062,237.6453094482422,0.9921725988388062,11985.5087890625,0.0,5.075896739959717,0.021191969513893127,38.35322436159779,38.35322436159779,47.37485506440302,0.8095692178785368
101,2042880,11519,238.0897979736328,0.1113516241312027,238.0897979736328,0.1113516241312027,11985.5087890625,0.0,5.085390567779541,0.0023784474469721317,38.35322436159779,38.35322436159779,47.37485506440302,0.8095692178785368
102,2063104,11633,237.71815490722656,1.4991024732589722,237.71815490722656,1.4991024732589722,11985.5087890625,0.0,5.077452182769775,0.03201967477798462,38.35322436159779,38.35322436159779,47.37485506440302,0.8095692178785368
103,2083328,11747,237.91102600097656,0.2616087794303894,237.91102600097656,0.2616087794303894,11985.5087890625,0.0,5.081571578979492,0.00558757409453392,38.35322436159779,38.35322436159779,47.37485506440302,0.8095692178785368
104,2103552,11861,238.0899200439453,0.3804842233657837,238.0899200439453,0.3804842233657837,11985.5087890625,0.0,5.08539342880249,0.008126731961965561,38.35322436159779,38.35322436159779,47.37485506440302,0.8095692178785368
105,2123776,11976,237.937255859375,1.2414989471435547,237.937255859375,1.2414989471435547,11985.5087890625,0.0,5.082131862640381,0.02651744894683361,38.35322436159779,38.35322436159779,47.37485506440302,0.8095692178785368
106,2144000,12089,237.31492614746094,0.6877532005310059,237.31492614746094,0.6877532005310059,11985.5087890625,0.0,5.0688395500183105,0.014689747244119644,38.35322436159779,38.35322436159779,47.37485506440302,0.8095692178785368
107,2164224,12202,237.61192321777344,0.34616562724113464,237.61192321777344,0.34616562724113464,11985.5087890625,0.0,5.075182914733887,0.007393892854452133,38.35322436159779,38.35322436159779,47.37485506440302,0.8095692178785368
108,2184448,12315,238.29783630371094,1.924880862236023,238.29783630371094,1.924880862236023,11985.5087890625,0.0,5.089833736419678,0.04111381992697716,38.35322436159779,38.35322436159779,47.37485506440302,0.8095692178785368
109,2204672,12429,3023.818115234375,81.47957611083984,3023.818115234375,81.47957611083984,12284.36328125,0.0,63.01485061645508,1.6979917287826538,38.35322436159779,38.35322436159779,47.37485506440302,0.8095692178785368
110,2224896,12542,237.85044860839844,0.3414415717124939,237.85044860839844,0.3414415717124939,11985.5087890625,0.0,5.080277919769287,0.007293046917766333,38.35322436159779,38.35322436159779,47.37485506440302,0.8095692178785368
111,2245120,12656,238.9480743408203,0.621135413646698,238.9480743408203,0.621135413646698,11985.5087890625,0.0,5.103722095489502,0.013266859576106071,38.35322436159779,38.35322436159779,47.37485506440302,0.8095692178785368
112,2265344,12770,238.32080078125,0.7712138891220093,238.32080078125,0.7712138891220093,11985.5087890625,0.0,5.0903239250183105,0.01647239364683628,38.35322436159779,38.35322436159779,47.37485506440302,0.8095692178785368
113,2285568,12883,237.9805908203125,0.6490628719329834,237.9805908203125,0.6490628719329834,11985.5087890625,0.0,5.083057880401611,0.013863296248018742,38.35322436159779,38.35322436159779,47.37485506440302,0.8095692178785368
114,2305792,12997,238.33168029785156,0.41721129417419434,238.33168029785156,0.41721129417419434,11985.5087890625,0.0,5.090556621551514,0.008911306038498878,38.35322436159779,38.35322436159779,47.37485506440302,0.8095692178785368
115,2326016,13110,238.28411865234375,0.5143179893493652,238.28411865234375,0.5143179893493652,11985.5087890625,0.0,5.089540958404541,0.01098559144884348,38.35322436159779,38.35322436159779,47.37485506440302,0.8095692178785368
116,2346240,13223,237.2054901123047,0.5534438490867615,237.2054901123047,0.5534438490867615,11985.5087890625,0.0,5.066501617431641,0.011821174994111061,38.35322436159779,38.35322436159779,47.37485506440302,0.8095692178785368
117,2366464,13336,237.8214874267578,0.755283534526825,237.8214874267578,0.755283534526825,11985.5087890625,0.0,5.0796589851379395,0.0161321721971035,38.35322436159779,38.35322436159779,47.37485506440302,0.8095692178785368
118,2386688,13451,237.7827911376953,0.3278232216835022,237.7827911376953,0.3278232216835022,11985.5087890625,0.0,5.078832626342773,0.007002093363553286,38.35322436159779,38.35322436159779,47.37485506440302,0.8095692178785368
119,2406912,13564,238.7460174560547,0.3045031428337097,238.7460174560547,0.3045031428337097,11985.5087890625,0.0,5.099406719207764,0.006503880023956299,38.35322436159779,38.35322436159779,47.37485506440302,0.8095692178785368
120,2427136,13677,238.52015686035156,0.5532159805297852,238.52015686035156,0.5532159805297852,11985.5087890625,0.0,5.0945820808410645,0.01181604340672493,38.35322436159779,38.35322436159779,47.37485506440302,0.8095692178785368
121,2447360,13791,238.72450256347656,0.83067387342453,238.72450256347656,0.83067387342453,11985.5087890625,0.0,5.098947048187256,0.017742495983839035,38.35322436159779,38.35322436159779,47.37485506440302,0.8095692178785368
122,2467584,13903,238.74009704589844,1.0497870445251465,238.74009704589844,1.0497870445251465,11985.5087890625,0.0,5.099279880523682,0.02242235653102398,38.35322436159779,38.35322436159779,47.37485506440302,0.8095692178785368
123,2487808,14016,237.77452087402344,0.5793586373329163,237.77452087402344,0.5793586373329163,11985.5087890625,0.0,5.07865571975708,0.012374654412269592,38.35322436159779,38.35322436159779,47.37485506440302,0.8095692178785368
124,2508032,14129,238.6868896484375,0.9291688799858093,238.6868896484375,0.9291688799858093,11985.5087890625,0.0,5.098143577575684,0.019846387207508087,38.35322436159779,38.35322436159779,47.37485506440302,0.8095692178785368
125,2528256,14242,238.51597595214844,0.7618266344070435,238.51597595214844,0.7618266344070435,11985.5087890625,0.0,5.094492435455322,0.016271863132715225,38.35322436159779,38.35322436159779,47.37485506440302,0.8095692178785368
126,2548480,14355,237.13172912597656,1.0401932001113892,237.13172912597656,1.0401932001113892,11985.5087890625,0.0,5.064926624298096,0.022217532619833946,38.35322436159779,38.35322436159779,47.37485506440302,0.8095692178785368
127,2568704,14468,238.5091094970703,0.7045977115631104,238.5091094970703,0.7045977115631104,11985.5087890625,0.0,5.094346523284912,0.0150496456772089,38.35322436159779,38.35322436159779,47.37485506440302,0.8095692178785368
128,2588928,14580,2966.870849609375,30.21478843688965,2966.870849609375,30.21478843688965,12284.36328125,0.0,61.82810592651367,0.6296601295471191,38.35322436159779,38.35322436159779,47.37485506440302,0.8095692178785368
129,2609152,14693,2979.932861328125,71.84422302246094,2979.932861328125,71.84422302246094,12284.36328125,0.0,62.100311279296875,1.4971979856491089,38.35322436159779,38.35322436159779,47.37485506440302,0.8095692178785368
130,2629376,14805,2967.54296875,23.745100021362305,2967.54296875,23.745100021362305,12284.36328125,0.0,61.84211349487305,0.4948364794254303,38.35322436159779,38.35322436159779,47.37485506440302,0.8095692178785368
131,2649600,14918,237.820068359375,0.1563423126935959,237.820068359375,0.1563423126935959,11985.5087890625,0.0,5.0796284675598145,0.003339163027703762,38.35322436159779,38.35322436159779,47.37485506440302,0.8095692178785368
132,2669824,15030,237.99517822265625,0.8370288610458374,237.99517822265625,0.8370288610458374,11985.5087890625,0.0,5.08336877822876,0.01787802204489708,38.35322436159779,38.35322436159779,47.37485506440302,0.8095692178785368
133,2690048,15142,238.0442657470703,1.0268245935440063,238.0442657470703,1.0268245935440063,11985.5087890625,0.0,5.084417343139648,0.021931985393166542,38.35322436159779,38.35322436159779,47.37485506440302,0.8095692178785368
134,2710272,15254,2973.822265625,28.39919090270996,2973.822265625,28.39919090270996,12284.36328125,0.0,61.97297286987305,0.59182208776474,38.35322436159779,38.35322436159779,47.37485506440302,0.8095692178785368
135,2730496,15366,2963.350830078125,40.65119934082031,2963.350830078125,40.65119934082031,12284.36328125,0.0,61.754756927490234,0.8471525311470032,38.35322436159779,38.35322436159779,47.37485506440302,0.8095692178785368
136,2750720,15478,238.09527587890625,0.8398419618606567,238.09527587890625,0.8398419618606567,11985.5087890625,0.0,5.085506916046143,0.01793815568089485,38.35322436159779,38.35322436159779,47.37485506440302,0.8095692178785368
137,2770944,15591,237.5680694580078,0.3534889221191406,237.5680694580078,0.3534889221191406,11985.5087890625,0.0,5.074246883392334,0.00754992850124836,38.35322436159779,38.35322436159779,47.37485506440302,0.8095692178785368
138,2791168,15703,237.9495849609375,0.2709575593471527,237.9495849609375,0.2709575593471527,11985.5087890625,0.0,5.082395553588867,0.005787477362900972,38.35322436159779,38.35322436159779,47.37485506440302,0.8095692178785368
139,2811392,15816,236.93089294433594,0.9863426089286804,236.93089294433594,0.9863426089286804,11985.5087890625,0.0,5.060636520385742,0.021067194640636444,38.35322436159779,38.35322436159779,47.37485506440302,0.8095692178785368
140,2831616,15928,237.4850311279297,0.27508777379989624,237.4850311279297,0.27508777379989624,11985.5087890625,0.0,5.072473049163818,0.00587561447173357,38.35322436159779,38.35322436159779,47.37485506440302,0.8095692178785368
141,2851840,16041,238.31321716308594,0.5353252291679382,238.31321716308594,0.5353252291679382,11985.5087890625,0.0,5.09016227722168,0.01143414992839098,38.35322436159779,38.35322436159779,47.37485506440302,0.8095692178785368
142,2872064,16153,237.780517578125,0.17870023846626282,237.780517578125,0.17870023846626282,11985.5087890625,0.0,5.078784465789795,0.0038169550243765116,38.35322436159779,38.35322436159779,47.37485506440302,0.8095692178785368
143,2892288,16266,238.2979278564453,0.7702339291572571,238.2979278564453,0.7702339291572571,11985.5087890625,0.0,5.0898356437683105,0.01645139418542385,38.35322436159779,38.35322436159779,47.37485506440302,0.8095692178785368
144,2912512,16383,237.489501953125,0.7984272241592407,237.489501953125,0.7984272241592407,11985.5087890625,0.0,5.072568416595459,0.017053762450814247,38.35322436159779,38.35322436159779,47.37485506440302,0.8095692178785368
145,2932736,16496,238.2954559326172,0.5951719284057617,238.2954559326172,0.5951719284057617,11985.5087890625,0.0,5.08978271484375,0.012712315656244755,38.35322436159779,38.35322436159779,47.37485506440302,0.8095692178785368
146,2952960,16608,2991.934326171875,42.006439208984375,2991.934326171875,42.006439208984375,12284.36328125,0.0,62.35041809082031,0.8753941059112549,38.35322436159779,38.35322436159779,47.37485506440302,0.8095692178785368
147,2973184,16721,2962.680419921875,49.617496490478516,2962.680419921875,49.617496490478516,12284.36328125,0.0,61.740779876708984,1.0340038537979126,38.35322436159779,38.35322436159779,47.37485506440302,0.8095692178785368
148,2993408,16833,237.8208770751953,1.7391670942306519,237.8208770751953,1.7391670942306519,11985.5087890625,0.0,5.079646587371826,0.037146929651498795,38.35322436159779,38.35322436159779,47.37485506440302,0.8095692178785368
149,3013632,16946,237.9243621826172,0.29770052433013916,237.9243621826172,0.29770052433013916,11985.5087890625,0.0,5.0818562507629395,0.006358630955219269,38.35322436159779,38.35322436159779,47.37485506440302,0.8095692178785368
150,3033856,17060,2990.540771484375,69.65692138671875,2990.540771484375,69.65692138671875,12284.36328125,0.0,62.32137680053711,1.451614499092102,38.35322436159779,38.35322436159779,47.37485506440302,0.8095692178785368
151,3054080,17173,2972.759521484375,54.60838317871094,2972.759521484375,54.60838317871094,12284.36328125,0.0,61.9508171081543,1.1380126476287842,38.35322436159779,38.35322436159779,47.37485506440302,0.8095692178785368
152,3074304,17287,237.82789611816406,1.0016480684280396,237.82789611816406,1.0016480684280396,11985.5087890625,0.0,5.079796314239502,0.021394167095422745,38.35322436159779,38.35322436159779,47.37485506440302,0.8095692178785368
153,3094528,17400,238.8610382080078,0.7906751036643982,238.8610382080078,0.7906751036643982,11985.5087890625,0.0,5.101863861083984,0.016888361424207687,38.35322436159779,38.35322436159779,47.37485506440302,0.8095692178785368
154,3114752,17513,2995.328125,16.575740814208984,2995.328125,16.575740814208984,12284.36328125,0.0,62.421146392822266,0.345430850982666,38.35322436159779,38.35322436159779,47.37485506440302,0.8095692178785368
155,3134976,17625,2962.80859375,51.28707504272461,2962.80859375,51.28707504272461,12284.36328125,0.0,61.74345016479492,1.0687981843948364,38.35322436159779,38.35322436159779,47.37485506440302,0.8095692178785368
156,3155200,17739,2962.505126953125,43.004600524902344,2962.505126953125,43.004600524902344,12284.36328125,0.0,61.737125396728516,0.8961934447288513,38.35322436159779,38.35322436159779,47.37485506440302,0.8095692178785368
157,3175424,17853,2977.8271484375,10.161153793334961,2977.8271484375,10.161153793334961,12284.36328125,0.0,62.056427001953125,0.21175341308116913,38.35322436159779,38.35322436159779,47.37485506440302,0.8095692178785368
158,3195648,17967,2986.489013671875,61.21053695678711,2986.489013671875,61.21053695678711,12284.36328125,0.0,62.2369384765625,1.2755976915359497,38.35322436159779,38.35322436159779,47.37485506440302,0.8095692178785368
159,3215872,18079,2958.048828125,12.524383544921875,2958.048828125,12.524383544921875,12284.36328125,0.0,61.644256591796875,0.2610017955303192,38.35322436159779,38.35322436159779,47.37485506440302,0.8095692178785368
160,3236096,18192,238.4676513671875,0.18981505930423737,238.4676513671875,0.18981505930423737,11985.5087890625,0.0,5.093460559844971,0.004054133780300617,38.35322436159779,38.35322436159779,47.37485506440302,0.8095692178785368
161,3256320,18305,238.0433807373047,0.37616655230522156,238.0433807373047,0.37616655230522156,11985.5087890625,0.0,5.0843987464904785,0.00803475920110941,38.35322436159779,38.35322436159779,47.37485506440302,0.8095692178785368
162,3276544,18419,237.7381591796875,1.0907167196273804,237.7381591796875,1.0907167196273804,11985.5087890625,0.0,5.077878952026367,0.0232969019562006,38.35322436159779,38.35322436159779,47.37485506440302,0.8095692178785368
163,3296768,18533,238.05372619628906,0.6081743836402893,238.05372619628906,0.6081743836402893,11985.5087890625,0.0,5.084619522094727,0.012989950366318226,38.35322436159779,38.35322436159779,47.37485506440302,0.8095692178785368
164,3316992,18647,2961.478271484375,36.89411544799805,2961.478271484375,36.89411544799805,12284.36328125,0.0,61.715728759765625,0.76885586977005,38.35322436159779,38.35322436159779,47.37485506440302,0.8095692178785368
165,3337216,18761,238.94374084472656,1.1296573877334595,238.94374084472656,1.1296573877334595,11985.5087890625,0.0,5.1036295890808105,0.02412831410765648,38.35322436159779,38.35322436159779,47.37485506440302,0.8095692178785368
166,3357440,18874,237.16546630859375,0.6674583554267883,237.16546630859375,0.6674583554267883,11985.5087890625,0.0,5.065647125244141,0.014256266877055168,38.35322436159779,38.35322436159779,47.37485506440302,0.8095692178785368
167,3377664,18987,238.420654296875,1.246163010597229,238.420654296875,1.246163010597229,11985.5087890625,0.0,5.092456817626953,0.026616884395480156,38.35322436159779,38.35322436159779,47.37485506440302,0.8095692178785368
168,3397888,19100,238.86529541015625,0.3051595687866211,238.86529541015625,0.3051595687866211,11985.5087890625,0.0,5.101953983306885,0.006517921108752489,38.35322436159779,38.35322436159779,47.37485506440302,0.8095692178785368
169,3418112,19215,238.2764434814453,1.082116723060608,238.2764434814453,1.082116723060608,11985.5087890625,0.0,5.089376926422119,0.02311295084655285,38.35322436159779,38.35322436159779,47.37485506440302,0.8095692178785368
170,3438336,19328,238.2011260986328,1.2589105367660522,238.2011260986328,1.2589105367660522,11985.5087890625,0.0,5.087768077850342,0.02688942849636078,38.35322436159779,38.35322436159779,47.37485506440302,0.8095692178785368
171,3458560,19442,238.2954559326172,0.8871911764144897,238.2954559326172,0.8871911764144897,11985.5087890625,0.0,5.089782238006592,0.018949737772345543,38.35322436159779,38.35322436159779,47.37485506440302,0.8095692178785368
172,3478784,19556,238.1007843017578,0.3591706454753876,238.1007843017578,0.3591706454753876,11985.5087890625,0.0,5.085624694824219,0.007671458180993795,38.35322436159779,38.35322436159779,47.37485506440302,0.8095692178785368
173,3499008,19669,238.32574462890625,0.37500402331352234,238.32574462890625,0.37500402331352234,11985.5087890625,0.0,5.090429782867432,0.00800992175936699,38.35322436159779,38.35322436159779,47.37485506440302,0.8095692178785368
174,3519232,19783,238.2093963623047,0.708392858505249,238.2093963623047,0.708392858505249,11985.5087890625,0.0,5.087944507598877,0.015130674466490746,38.35322436159779,38.35322436159779,47.37485506440302,0.8095692178785368
175,3539456,19897,238.8206024169922,0.7836692333221436,238.8206024169922,0.7836692333221436,11985.5087890625,0.0,5.100999355316162,0.016738371923565865,38.35322436159779,38.35322436159779,47.37485506440302,0.8095692178785368
176,3559680,20011,238.41477966308594,0.4100210964679718,238.41477966308594,0.4100210964679718,11985.5087890625,0.0,5.092331409454346,0.008757589384913445,38.35322436159779,38.35322436159779,47.37485506440302,0.8095692178785368
177,3579904,20125,238.59893798828125,1.009796142578125,238.59893798828125,1.009796142578125,11985.5087890625,0.0,5.0962653160095215,0.021568452939391136,38.35322436159779,38.35322436159779,47.37485506440302,0.8095692178785368
178,3600128,20239,237.57672119140625,1.006178617477417,237.57672119140625,1.006178617477417,11985.5087890625,0.0,5.0744309425354,0.021490970626473427,38.35322436159779,38.35322436159779,47.37485506440302,0.8095692178785368
179,3620352,20352,239.0895538330078,0.8999096155166626,239.0895538330078,0.8999096155166626,11985.5087890625,0.0,5.106743812561035,0.019221248105168343,38.35322436159779,38.35322436159779,47.37485506440302,0.8095692178785368
180,3640576,20465,237.94227600097656,0.8469594120979309,237.94227600097656,0.8469594120979309,11985.5087890625,0.0,5.082239151000977,0.01809033937752247,38.35322436159779,38.35322436159779,47.37485506440302,0.8095692178785368
181,3660800,20579,2963.5791015625,18.194786071777344,2963.5791015625,18.194786071777344,12284.36328125,0.0,61.7595100402832,0.37917181849479675,38.35322436159779,38.35322436159779,47.37485506440302,0.8095692178785368
182,3681024,20693,2945.335205078125,12.08026123046875,2945.335205078125,12.08026123046875,12284.36328125,0.0,61.37931442260742,0.25174739956855774,38.35322436159779,38.35322436159779,47.37485506440302,0.8095692178785368
183,3701248,20808,238.5230712890625,0.8972533345222473,238.5230712890625,0.8972533345222473,11985.5087890625,0.0,5.094644546508789,0.019164560362696648,38.35322436159779,38.35322436159779,47.37485506440302,0.8095692178785368
184,3721472,20922,237.27685546875,1.0896761417388916,237.27685546875,1.0896761417388916,11985.5087890625,0.0,5.068026065826416,0.02327466383576393,38.35322436159779,38.35322436159779,47.37485506440302,0.8095692178785368
185,3741696,21037,238.2508087158203,0.5888078212738037,238.2508087158203,0.5888078212738037,11985.5087890625,0.0,5.088829040527344,0.012576399371027946,38.35322436159779,38.35322436159779,47.37485506440302,0.8095692178785368
186,3761920,21151,237.9727325439453,0.5037850141525269,237.9727325439453,0.5037850141525269,11985.5087890625,0.0,5.082889556884766,0.010760428383946419,38.35322436159779,38.35322436159779,47.37485506440302,0.8095692178785368
187,3782144,21265,238.22389221191406,0.33034223318099976,238.22389221191406,0.33034223318099976,11985.5087890625,0.0,5.088253974914551,0.007055858615785837,38.35322436159779,38.35322436159779,47.37485506440302,0.8095692178785368
188,3802368,21380,238.94505310058594,0.494543194770813,238.94505310058594,0.494543194770813,11985.5087890625,0.0,5.103658199310303,0.01056296844035387,38.35322436159779,38.35322436159779,47.37485506440302,0.8095692178785368
189,3822592,21493,238.0815887451172,0.5405241847038269,238.0815887451172,0.5405241847038269,11985.5087890625,0.0,5.085214614868164,0.011545379646122456,38.35322436159779,38.35322436159779,47.37485506440302,0.8095692178785368
190,3842816,21607,238.1763458251953,0.6177178621292114,238.1763458251953,0.6177178621292114,11985.5087890625,0.0,5.087238788604736,0.013193901628255844,38.35322436159779,38.35322436159779,47.37485506440302,0.8095692178785368
191,3863040,21722,237.5590362548828,0.0395268052816391,237.5590362548828,0.0395268052816391,11985.5087890625,0.0,5.0740532875061035,0.0008442169637419283,38.35322436159779,38.35322436159779,47.37485506440302,0.8095692178785368
192,3883264,21835,237.7674102783203,0.5981135964393616,237.7674102783203,0.5981135964393616,11985.5087890625,0.0,5.07850456237793,0.01277499832212925,38.35322436159779,38.35322436159779,47.37485506440302,0.8095692178785368
193,3903488,21948,238.16851806640625,0.7754970788955688,238.16851806640625,0.7754970788955688,11985.5087890625,0.0,5.087070941925049,0.016563870012760162,38.35322436159779,38.35322436159779,47.37485506440302,0.8095692178785368
194,3923712,22062,238.0758819580078,0.34276384115219116,238.0758819580078,0.34276384115219116,11985.5087890625,0.0,5.085093021392822,0.007321118377149105,38.35322436159779,38.35322436159779,47.37485506440302,0.8095692178785368
195,3943936,22177,238.0202178955078,0.9197087287902832,238.0202178955078,0.9197087287902832,11985.5087890625,0.0,5.083903789520264,0.01964433118700981,38.35322436159779,38.35322436159779,47.37485506440302,0.8095692178785368
196,3964160,22290,237.91587829589844,0.5551074147224426,237.91587829589844,0.5551074147224426,11985.5087890625,0.0,5.081675052642822,0.011856514029204845,38.35322436159779,38.35322436159779,47.37485506440302,0.8095692178785368
197,3984384,22405,238.0518035888672,0.8355046510696411,238.0518035888672,0.8355046510696411,11985.5087890625,0.0,5.084578037261963,0.017845701426267624,38.35322436159779,38.35322436159779,47.37485506440302,0.8095692178785368
198,4004608,22518,238.7989959716797,1.0896437168121338,238.7989959716797,1.0896437168121338,11985.5087890625,0.0,5.1005377769470215,0.02327384054660797,38.35322436159779,38.35322436159779,47.37485506440302,0.8095692178785368
199,4024832,22632,237.8361053466797,0.24745294451713562,237.8361053466797,0.24745294451713562,11985.5087890625,0.0,5.0799713134765625,0.005285404622554779,38.35322436159779,38.35322436159779,47.37485506440302,0.8095692178785368
200,4045056,22745,239.4557647705078,0.24379387497901917,239.4557647705078,0.24379387497901917,11985.5087890625,0.0,5.114565849304199,0.005207404028624296,38.35322436159779,38.35322436159779,47.37485506440302,0.8095692178785368
201,4065280,22860,238.1849822998047,0.8732544183731079,238.1849822998047,0.8732544183731079,11985.5087890625,0.0,5.087422847747803,0.01865200325846672,38.35322436159779,38.35322436159779,47.37485506440302,0.8095692178785368
202,4085504,22973,237.74285888671875,0.7451847791671753,237.74285888671875,0.7451847791671753,11985.5087890625,0.0,5.077979564666748,0.01591639034450054,38.35322436159779,38.35322436159779,47.37485506440302,0.8095692178785368
203,4105728,23087,2970.9326171875,6.956204414367676,2970.9326171875,6.956204414367676,12284.36328125,0.0,61.912750244140625,0.14496512711048126,38.35322436159779,38.35322436159779,47.37485506440302,0.8095692178785368
204,4125952,23201,238.04795837402344,0.7274779081344604,238.04795837402344,0.7274779081344604,11985.5087890625,0.0,5.084496021270752,0.015538151375949383,38.35322436159779,38.35322436159779,47.37485506440302,0.8095692178785368
205,4146176,23314,238.1509552001953,0.9264436364173889,238.1509552001953,0.9264436364173889,11985.5087890625,0.0,5.086696624755859,0.01978818140923977,38.35322436159779,38.35322436159779,47.37485506440302,0.8095692178785368
206,4166400,23428,238.9526824951172,0.8730751276016235,238.9526824951172,0.8730751276016235,11985.5087890625,0.0,5.103820323944092,0.018648112192749977,38.35322436159779,38.35322436159779,47.37485506440302,0.8095692178785368
207,4186624,23542,237.6472930908203,0.46902701258659363,237.6472930908203,0.46902701258659363,11985.5087890625,0.0,5.075938701629639,0.010017870925366879,38.35322436159779,38.35322436159779,47.37485506440302,0.8095692178785368
208,4206848,23657,3014.643798828125,7.629571914672852,3014.643798828125,7.629571914672852,12284.36328125,0.0,62.82366943359375,0.1589997112751007,38.35322436159779,38.35322436159779,47.37485506440302,0.8095692178785368
209,4227072,23772,237.419921875,0.5462607741355896,237.419921875,0.5462607741355896,11985.5087890625,0.0,5.07108211517334,0.011667713522911072,38.35322436159779,38.35322436159779,47.37485506440302,0.8095692178785368
210,4247296,23886,238.14385986328125,0.1673530638217926,238.14385986328125,0.1673530638217926,11985.5087890625,0.0,5.086544513702393,0.0035746197681874037,38.35322436159779,38.35322436159779,47.37485506440302,0.8095692178785368
211,4267520,24000,2990.333251953125,35.75168991088867,2990.333251953125,35.75168991088867,12284.36328125,0.0,62.31705856323242,0.7450453042984009,38.35322436159779,38.35322436159779,47.37485506440302,0.8095692178785368
212,4287744,24114,2953.97265625,42.2757453918457,2953.97265625,42.2757453918457,12284.36328125,0.0,61.55931091308594,0.8810036182403564,38.35322436159779,38.35322436159779,47.37485506440302,0.8095692178785368
213,4307968,24228,2958.69140625,54.51871109008789,2958.69140625,54.51871109008789,12284.36328125,0.0,61.657649993896484,1.1361417770385742,38.35322436159779,38.35322436159779,47.37485506440302,0.8095692178785368
214,4328192,24342,2962.127685546875,48.07830047607422,2962.127685546875,48.07830047607422,12284.36328125,0.0,61.72926330566406,1.0019292831420898,38.35322436159779,38.35322436159779,47.37485506440302,0.8095692178785368
215,4348416,24456,2996.691650390625,25.199548721313477,2996.691650390625,25.199548721313477,12284.36328125,0.0,62.449554443359375,0.5251444578170776,38.35322436159779,38.35322436159779,47.37485506440302,0.8095692178785368
216,4368640,24571,2997.788330078125,60.04250717163086,2997.788330078125,60.04250717163086,12284.36328125,0.0,62.472415924072266,1.2512552738189697,38.35322436159779,38.35322436159779,47.37485506440302,0.8095692178785368
217,4388864,24685,237.72747802734375,0.8809667825698853,237.72747802734375,0.8809667825698853,11985.5087890625,0.0,5.077651500701904,0.018816813826560974,38.35322436159779,38.35322436159779,47.37485506440302,0.8095692178785368
218,4409088,24798,237.6988525390625,0.8890759944915771,237.6988525390625,0.8890759944915771,11985.5087890625,0.0,5.07703971862793,0.018989959731698036,38.35322436159779,38.35322436159779,47.37485506440302,0.8095692178785368
219,4429312,24912,2959.725341796875,45.9716911315918,2959.725341796875,45.9716911315918,12284.36328125,0.0,61.679195404052734,0.9580248594284058,38.35322436159779,38.35322436159779,47.37485506440302,0.8095692178785368
220,4449536,25026,237.64588928222656,0.12961405515670776,237.64588928222656,0.12961405515670776,11985.5087890625,0.0,5.075908660888672,0.002768397331237793,38.35322436159779,38.35322436159779,47.37485506440302,0.8095692178785368
221,4469760,25141,237.9112548828125,0.6495341062545776,237.9112548828125,0.6495341062545776,11985.5087890625,0.0,5.081576824188232,0.013873436488211155,38.35322436159779,38.35322436159779,47.37485506440302,0.8095692178785368
222,4489984,25256,2944.651123046875,46.757240295410156,2944.651123046875,46.757240295410156,12284.36328125,0.0,61.365055084228516,0.9743988513946533,38.35322436159779,38.35322436159779,47.37485506440302,0.8095692178785368
223,4510208,25371,2981.775390625,20.377456665039062,2981.775390625,20.377456665039062,12284.36328125,0.0,62.13870620727539,0.4246538579463959,38.35322436159779,38.35322436159779,47.37485506440302,0.8095692178785368
224,4530432,25484,2989.9423828125,10.274914741516113,2989.9423828125,10.274914741516113,12284.36328125,0.0,62.308902740478516,0.21412278711795807,38.35322436159779,38.35322436159779,47.37485506440302,0.8095692178785368
225,4550656,25598,3018.094970703125,10.147523880004883,3018.094970703125,10.147523880004883,12284.36328125,0.0,62.89559555053711,0.21146778762340546,38.35322436159779,38.35322436159779,47.37485506440302,0.8095692178785368
226,4570880,25711,238.05479431152344,0.5234887599945068,238.05479431152344,0.5234887599945068,11985.5087890625,0.0,5.08464241027832,0.011181014589965343,38.35322436159779,38.35322436159779,47.37485506440302,0.8095692178785368
227,4591104,25825,237.767822265625,0.6307316422462463,237.767822265625,0.6307316422462463,11985.5087890625,0.0,5.078512668609619,0.013471943326294422,38.35322436159779,38.35322436159779,47.37485506440302,0.8095692178785368
228,4611328,25940,237.9371337890625,0.6210134625434875,237.9371337890625,0.6210134625434875,11985.5087890625,0.0,5.082129001617432,0.013264541514217854,38.35322436159779,38.35322436159779,47.37485506440302,0.8095692178785368
229,4631552,26055,238.4272918701172,0.601984977722168,238.4272918701172,0.601984977722168,11985.5087890625,0.0,5.092597961425781,0.012857870198786259,38.35322436159779,38.35322436159779,47.37485506440302,0.8095692178785368
230,4651776,26169,238.1536102294922,0.817333459854126,238.1536102294922,0.817333459854126,11985.5087890625,0.0,5.086752891540527,0.017457596957683563,38.35322436159779,38.35322436159779,47.37485506440302,0.8095692178785368
231,4672000,26282,237.99546813964844,0.9510962963104248,237.99546813964844,0.9510962963104248,11985.5087890625,0.0,5.083374977111816,0.020314684137701988,38.35322436159779,38.35322436159779,47.37485506440302,0.8095692178785368
232,4692224,26396,3002.557373046875,75.29867553710938,3002.557373046875,75.29867553710938,12284.36328125,0.0,62.57179641723633,1.5691866874694824,38.35322436159779,38.35322436159779,47.37485506440302,0.8095692178785368
233,4712448,26509,238.74705505371094,0.7857776284217834,238.74705505371094,0.7857776284217834,11985.5087890625,0.0,5.099428176879883,0.016783349215984344,38.35322436159779,38.35322436159779,47.37485506440302,0.8095692178785368
234,4732672,26624,238.4197235107422,0.5292419195175171,238.4197235107422,0.5292419195175171,11985.5087890625,0.0,5.09243631362915,0.011304104700684547,38.35322436159779,38.35322436159779,47.37485506440302,0.8095692178785368
235,4752896,26738,237.8650360107422,0.8923689126968384,237.8650360107422,0.8923689126968384,11985.5087890625,0.0,5.080589294433594,0.01906011439859867,38.35322436159779,38.35322436159779,47.37485506440302,0.8095692178785368
236,4773120,26851,238.00865173339844,0.7623021602630615,238.00865173339844,0.7623021602630615,11985.5087890625,0.0,5.0836567878723145,0.016282200813293457,38.35322436159779,38.35322436159779,47.37485506440302,0.8095692178785368
237,4793344,26965,237.89923095703125,1.2946875095367432,237.89923095703125,1.2946875095367432,11985.5087890625,0.0,5.081319332122803,0.027653412893414497,38.35322436159779,38.35322436159779,47.37485506440302,0.8095692178785368
238,4813568,27079,238.3885498046875,0.5454550385475159,238.3885498046875,0.5454550385475159,11985.5087890625,0.0,5.091771125793457,0.011650441214442253,38.35322436159779,38.35322436159779,47.37485506440302,0.8095692178785368
239,4833792,27193,238.5788116455078,0.9603121280670166,238.5788116455078,0.9603121280670166,11985.5087890625,0.0,5.095835208892822,0.020511269569396973,38.35322436159779,38.35322436159779,47.37485506440302,0.8095692178785368
240,4854016,27307,2990.369384765625,61.94541931152344,2990.369384765625,61.94541931152344,12284.36328125,0.0,62.31781005859375,1.2909109592437744,38.35322436159779,38.35322436159779,47.37485506440302,0.8095692178785368
241,4874240,27421,2975.730224609375,49.24596405029297,2975.730224609375,49.24596405029297,12284.36328125,0.0,62.012725830078125,1.0262633562088013,38.35322436159779,38.35322436159779,47.37485506440302,0.8095692178785368
242,4894464,27535,2953.841064453125,86.06675720214844,2953.841064453125,86.06675720214844,12284.36328125,0.0,61.55656814575195,1.7935868501663208,38.35322436159779,38.35322436159779,47.37485506440302,0.8095692178785368
243,4914688,27648,2971.0,6.821794509887695,2971.0,6.821794509887695,12284.36328125,0.0,61.914154052734375,0.1421629935503006,38.35322436159779,38.35322436159779,47.37485506440302,0.8095692178785368
244,4934912,27762,2994.349609375,21.84490203857422,2994.349609375,21.84490203857422,12284.36328125,0.0,62.4007453918457,0.4552376866340637,38.35322436159779,38.35322436159779,47.37485506440302,0.8095692178785368
245,4955136,27875,2971.661376953125,39.17930221557617,2971.661376953125,39.17930221557617,12284.36328125,0.0,61.92793655395508,0.8164757490158081,38.35322436159779,38.35322436159779,47.37485506440302,0.8095692178785368
246,4975360,27988,2961.124267578125,44.5590934753418,2961.124267578125,44.5590934753418,12284.36328125,0.0,61.70835494995117,0.9285892248153687,38.35322436159779,38.35322436159779,47.37485506440302,0.8095692178785368
247,4995584,28103,239.01171875,0.6874100565910339,239.01171875,0.6874100565910339,11985.5087890625,0.0,5.105081558227539,0.014682458713650703,38.35322436159779,38.35322436159779,47.37485506440302,0.8095692178785368
248,5015808,28218,237.7021484375,0.9463889598846436,237.7021484375,0.9463889598846436,11985.5087890625,0.0,5.077110290527344,0.020213818177580833,38.35322436159779,38.35322436159779,47.37485506440302,0.8095692178785368
249,5036032,28333,238.3810577392578,1.3462613821029663,238.3810577392578,1.3462613821029663,11985.5087890625,0.0,5.091611385345459,0.028754878789186478,38.35322436159779,38.35322436159779,47.37485506440302,0.8095692178785368
250,5056256,28447,237.1190643310547,0.8291180729866028,237.1190643310547,0.8291180729866028,11985.5087890625,0.0,5.064655780792236,0.01770922541618347,38.35322436159779,38.35322436159779,47.37485506440302,0.8095692178785368
251,5076480,28561,238.4322509765625,0.39970117807388306,238.4322509765625,0.39970117807388306,11985.5087890625,0.0,5.092704772949219,0.00853745173662901,38.35322436159779,38.35322436159779,47.37485506440302,0.8095692178785368
252,5096704,28675,238.26551818847656,0.344952791929245,238.26551818847656,0.344952791929245,11985.5087890625,0.0,5.089143753051758,0.007367920130491257,38.35322436159779,38.35322436159779,47.37485506440302,0.8095692178785368
253,5116928,28789,237.96263122558594,0.8042478561401367,237.96263122558594,0.8042478561401367,11985.5087890625,0.0,5.082674026489258,0.017178015783429146,38.35322436159779,38.35322436159779,47.37485506440302,0.8095692178785368
254,5137152,28904,239.69895935058594,0.55382239818573,239.69895935058594,0.55382239818573,11985.5087890625,0.0,5.119760036468506,0.011828990653157234,38.35322436159779,38.35322436159779,47.37485506440302,0.8095692178785368
255,5157376,29017,238.2410430908203,0.6133241057395935,238.2410430908203,0.6133241057395935,11985.5087890625,0.0,5.088620662689209,0.013099838979542255,38.35322436159779,38.35322436159779,47.37485506440302,0.8095692178785368
256,5177600,29131,238.4291229248047,0.11821626871824265,238.4291229248047,0.11821626871824265,11985.5087890625,0.0,5.092637538909912,0.0025250455364584923,38.35322436159779,38.35322436159779,47.37485506440302,0.8095692178785368
257,5197824,29245,238.37538146972656,0.48844268918037415,238.37538146972656,0.48844268918037415,11985.5087890625,0.0,5.091490268707275,0.010432529263198376,38.35322436159779,38.35322436159779,47.37485506440302,0.8095692178785368
258,5218048,29358,238.4501495361328,0.47240814566612244,238.4501495361328,0.47240814566612244,11985.5087890625,0.0,5.093087196350098,0.01009028684347868,38.35322436159779,38.35322436159779,47.37485506440302,0.8095692178785368
259,5238272,29471,238.4332275390625,0.7090283036231995,238.4332275390625,0.7090283036231995,11985.5087890625,0.0,5.0927252769470215,0.01514429971575737,38.35322436159779,38.35322436159779,47.37485506440302,0.8095692178785368
260,5258496,29585,238.24688720703125,0.6829820871353149,238.24688720703125,0.6829820871353149,11985.5087890625,0.0,5.088745594024658,0.014587853103876114,38.35322436159779,38.35322436159779,47.37485506440302,0.8095692178785368
261,5278720,29700,238.05238342285156,0.36803656816482544,238.05238342285156,0.36803656816482544,11985.5087890625,0.0,5.084590911865234,0.007860933430492878,38.35322436159779,38.35322436159779,47.37485506440302,0.8095692178785368
262,5298944,29814,238.70326232910156,1.0593947172164917,238.70326232910156,1.0593947172164917,11985.5087890625,0.0,5.0984930992126465,0.02262786589562893,38.35322436159779,38.35322436159779,47.37485506440302,0.8095692178785368
263,5319168,29927,238.19561767578125,1.3496029376983643,238.19561767578125,1.3496029376983643,11985.5087890625,0.0,5.087650299072266,0.028826111927628517,38.35322436159779,38.35322436159779,47.37485506440302,0.8095692178785368
264,5339392,30042,238.7361602783203,0.09412216395139694,238.7361602783203,0.09412216395139694,11985.5087890625,0.0,5.099195957183838,0.0020105564035475254,38.35322436159779,38.35322436159779,47.37485506440302,0.8095692178785368
265,5359616,30155,238.2700958251953,0.18780076503753662,238.2700958251953,0.18780076503753662,11985.5087890625,0.0,5.089241027832031,0.004011098295450211,38.35322436159779,38.35322436159779,47.37485506440302,0.8095692178785368
266,5379840,30270,238.0707550048828,0.7432436347007751,238.0707550048828,0.7432436347007751,11985.5087890625,0.0,5.0849833488464355,0.015875112265348434,38.35322436159779,38.35322436159779,47.37485506440302,0.8095692178785368
267,5400064,30385,2991.648193359375,74.15379333496094,2991.648193359375,74.15379333496094,12284.36328125,0.0,62.344451904296875,1.545328974723816,38.35322436159779,38.35322436159779,47.37485506440302,0.8095692178785368
268,5420288,30499,238.28358459472656,0.04400274157524109,238.28358459472656,0.04400274157524109,11985.5087890625,0.0,5.089529514312744,0.0009398115798830986,38.35322436159779,38.35322436159779,47.37485506440302,0.8095692178785368
269,5440512,30614,237.76739501953125,0.8369584679603577,237.76739501953125,0.8369584679603577,11985.5087890625,0.0,5.078503608703613,0.017876703292131424,38.35322436159779,38.35322436159779,47.37485506440302,0.8095692178785368
270,5460736,30729,237.6073455810547,0.9564965963363647,237.6073455810547,0.9564965963363647,11985.5087890625,0.0,5.075085639953613,0.02042999677360058,38.35322436159779,38.35322436159779,47.37485506440302,0.8095692178785368
271,5480960,30843,237.66575622558594,1.2629505395889282,237.66575622558594,1.2629505395889282,11985.5087890625,0.0,5.0763325691223145,0.02697538584470749,38.35322436159779,38.35322436159779,47.37485506440302,0.8095692178785368
272,5501184,30957,237.9699249267578,0.661283552646637,237.9699249267578,0.661283552646637,11985.5087890625,0.0,5.08282995223999,0.014124708250164986,38.35322436159779,38.35322436159779,47.37485506440302,0.8095692178785368
273,5521408,31073,237.74853515625,0.7163913249969482,237.74853515625,0.7163913249969482,11985.5087890625,0.0,5.078100681304932,0.01530165784060955,38.35322436159779,38.35322436159779,47.37485506440302,0.8095692178785368
274,5541632,31187,238.0791015625,0.7137686610221863,238.0791015625,0.7137686610221863,11985.5087890625,0.0,5.0851616859436035,0.015245584771037102,38.35322436159779,38.35322436159779,47.37485506440302,0.8095692178785368
275,5561856,31302,238.31532287597656,0.7282578945159912,238.31532287597656,0.7282578945159912,11985.5087890625,0.0,5.090207576751709,0.015554817393422127,38.35322436159779,38.35322436159779,47.37485506440302,0.8095692178785368
276,5582080,31416,237.583984375,0.4032357931137085,237.583984375,0.4032357931137085,11985.5087890625,0.0,5.074586391448975,0.00861285999417305,38.35322436159779,38.35322436159779,47.37485506440302,0.8095692178785368
277,5602304,31530,237.9256591796875,0.19093874096870422,237.9256591796875,0.19093874096870422,11985.5087890625,0.0,5.081884384155273,0.004078081343322992,38.35322436159779,38.35322436159779,47.37485506440302,0.8095692178785368
278,5622528,31644,238.35467529296875,0.45591628551483154,238.35467529296875,0.45591628551483154,11985.5087890625,0.0,5.091047286987305,0.009738008491694927,38.35322436159779,38.35322436159779,47.37485506440302,0.8095692178785368
279,5642752,31759,238.61663818359375,0.25870296359062195,238.61663818359375,0.25870296359062195,11985.5087890625,0.0,5.096642971038818,0.005525762680917978,38.35322436159779,38.35322436159779,47.37485506440302,0.8095692178785368
280,5662976,31874,238.26039123535156,0.875125527381897,238.26039123535156,0.875125527381897,11985.5087890625,0.0,5.089034557342529,0.018691960722208023,38.35322436159779,38.35322436159779,47.37485506440302,0.8095692178785368
281,5683200,31988,237.7807159423828,1.1052508354187012,237.7807159423828,1.1052508354187012,11985.5087890625,0.0,5.0787882804870605,0.023607302457094193,38.35322436159779,38.35322436159779,47.37485506440302,0.8095692178785368
282,5703424,32103,238.24993896484375,0.6910772919654846,238.24993896484375,0.6910772919654846,11985.5087890625,0.0,5.088810443878174,0.014760694466531277,38.35322436159779,38.35322436159779,47.37485506440302,0.8095692178785368
283,5723648,32217,237.9586639404297,0.24308781325817108,237.9586639404297,0.24308781325817108,11985.5087890625,0.0,5.0825886726379395,0.005191865377128124,38.35322436159779,38.35322436159779,47.37485506440302,0.8095692178785368
284,5743872,32331,237.7639617919922,1.3383926153182983,237.7639617919922,1.3383926153182983,11985.5087890625,0.0,5.078430652618408,0.028586875647306442,38.35322436159779,38.35322436159779,47.37485506440302,0.8095692178785368
285,5764096,32445,238.1798095703125,0.6772484183311462,238.1798095703125,0.6772484183311462,11985.5087890625,0.0,5.087312698364258,0.014465506188571453,38.35322436159779,38.35322436159779,47.37485506440302,0.8095692178785368
286,5784320,32560,238.63941955566406,1.441937804222107,238.63941955566406,1.441937804222107,11985.5087890625,0.0,5.097129821777344,0.03079867549240589,38.35322436159779,38.35322436159779,47.37485506440302,0.8095692178785368
287,5804544,32674,237.75965881347656,1.593228816986084,237.75965881347656,1.593228816986084,11985.5087890625,0.0,5.078338623046875,0.034030087292194366,38.35322436159779,38.35322436159779,47.37485506440302,0.8095692178785368
288,5824768,32787,237.8818817138672,0.340555876493454,237.8818817138672,0.340555876493454,11985.5087890625,0.0,5.080949306488037,0.007273836527019739,38.35322436159779,38.35322436159779,47.37485506440302,0.8095692178785368
289,5844992,32902,237.5640106201172,0.8353103995323181,237.5640106201172,0.8353103995323181,11985.5087890625,0.0,5.074159622192383,0.017841670662164688,38.35322436159779,38.35322436159779,47.37485506440302,0.8095692178785368
290,5865216,33015,238.66656494140625,0.27538007497787476,238.66656494140625,0.27538007497787476,11985.5087890625,0.0,5.097709655761719,0.005881984252482653,38.35322436159779,38.35322436159779,47.37485506440302,0.8095692178785368
291,5885440,33129,238.08534240722656,1.0059744119644165,238.08534240722656,1.0059744119644165,11985.5087890625,0.0,5.0852952003479,0.021486816927790642,38.35322436159779,38.35322436159779,47.37485506440302,0.8095692178785368
292,5905664,33244,237.7593994140625,0.24323534965515137,237.7593994140625,0.24323534965515137,11985.5087890625,0.0,5.078332901000977,0.005195205099880695,38.35322436159779,38.35322436159779,47.37485506440302,0.8095692178785368
293,5925888,33358,238.3960723876953,0.06961704790592194,238.3960723876953,0.06961704790592194,11985.5087890625,0.0,5.0919318199157715,0.0014868981670588255,38.35322436159779,38.35322436159779,47.37485506440302,0.8095692178785368
294,5946112,33472,238.3650665283203,0.6095773577690125,238.3650665283203,0.6095773577690125,11985.5087890625,0.0,5.0912699699401855,0.013019879348576069,38.35322436159779,38.35322436159779,47.37485506440302,0.8095692178785368
295,5966336,33587,238.194580078125,0.6867893934249878,238.194580078125,0.6867893934249878,11985.5087890625,0.0,5.087628364562988,0.014669095166027546,38.35322436159779,38.35322436159779,47.37485506440302,0.8095692178785368
296,5986560,33701,237.8864288330078,0.9278460741043091,237.8864288330078,0.9278460741043091,11985.5087890625,0.0,5.0810465812683105,0.019817981868982315,38.35322436159779,38.35322436159779,47.37485506440302,0.8095692178785368
297,6006784,33815,2990.147705078125,9.97667407989502,2990.147705078125,9.97667407989502,12284.36328125,0.0,62.31318664550781,0.20790940523147583,38.35322436159779,38.35322436159779,47.37485506440302,0.8095692178785368
298,6027008,33929,3007.557373046875,51.38228225708008,3007.557373046875,51.38228225708008,12284.36328125,0.0,62.67599105834961,1.070780634880066,38.35322436159779,38.35322436159779,47.37485506440302,0.8095692178785368
299,6047232,34045,3034.492919921875,52.977561950683594,3034.492919921875,52.977561950683594,12284.36328125,0.0,63.23731994628906,1.1040246486663818,38.35322436159779,38.35322436159779,47.37485506440302,0.8095692178785368
300,6067456,34160,2968.505126953125,44.42043685913086,2968.505126953125,44.42043685913086,12284.36328125,0.0,61.86216354370117,0.9256998896598816,38.35322436159779,38.35322436159779,47.37485506440302,0.8095692178785368
301,6087680,34275,2972.3125,58.7800178527832,2972.3125,58.7800178527832,12284.36328125,0.0,61.94150924682617,1.2249449491500854,38.35322436159779,38.35322436159779,47.37485506440302,0.8095692178785368
302,6107904,34389,2987.063232421875,58.53257369995117,2987.063232421875,58.53257369995117,12284.36328125,0.0,62.248905181884766,1.2197887897491455,38.35322436159779,38.35322436159779,47.37485506440302,0.8095692178785368
303,6128128,34503,2979.285400390625,34.904361724853516,2979.285400390625,34.904361724853516,12284.36328125,0.0,62.086822509765625,0.7273873090744019,38.35322436159779,38.35322436159779,47.37485506440302,0.8095692178785368
304,6148352,34617,4310.26220703125,61.198917388916016,4310.26220703125,61.198917388916016,12109.9169921875,0.0,91.1176528930664,1.2937318086624146,38.35322436159779,38.35322436159779,47.37485506440302,0.8095692178785368
305,6168576,34732,4290.40771484375,45.62754440307617,4290.40771484375,45.62754440307617,12109.9169921875,0.0,90.69793701171875,0.9645528197288513,38.35322436159779,38.35322436159779,47.37485506440302,0.8095692178785368
306,6188800,34847,2964.089599609375,43.66135787963867,2964.089599609375,43.66135787963867,12284.36328125,0.0,61.770145416259766,0.9098803997039795,38.35322436159779,38.35322436159779,47.37485506440302,0.8095692178785368
307,6209024,34962,238.1133270263672,1.0095326900482178,238.1133270263672,1.0095326900482178,11985.5087890625,0.0,5.085892677307129,0.021562807261943817,38.35322436159779,38.35322436159779,47.37485506440302,0.8095692178785368
308,6229248,35077,237.7677764892578,0.27775144577026367,237.7677764892578,0.27775144577026367,11985.5087890625,0.0,5.078512191772461,0.005932424683123827,38.35322436159779,38.35322436159779,47.37485506440302,0.8095692178785368
309,6249472,35190,238.0143280029297,0.28683069348335266,238.0143280029297,0.28683069348335266,11985.5087890625,0.0,5.083777904510498,0.006126443389803171,38.35322436159779,38.35322436159779,47.37485506440302,0.8095692178785368
310,6269696,35304,3028.483642578125,32.97757339477539,3028.483642578125,32.97757339477539,12284.36328125,0.0,63.11208724975586,0.6872351765632629,38.35322436159779,38.35322436159779,47.37485506440302,0.8095692178785368
311,6289920,35419,4536.583984375,68.95083618164062,4536.583984375,68.95083618164062,12435.19921875,0.0,93.39339447021484,1.4194741249084473,38.35322436159779,38.35322436159779,47.37485506440302,0.8095692178785368
312,6310144,35533,2948.047119140625,52.93843078613281,2948.047119140625,52.93843078613281,12284.36328125,0.0,61.43583297729492,1.1032111644744873,38.35322436159779,38.35322436159779,47.37485506440302,0.8095692178785368
313,6330368,35647,2985.81640625,49.06095886230469,2985.81640625,49.06095886230469,12284.36328125,0.0,62.22292709350586,1.022403597831726,38.35322436159779,38.35322436159779,47.37485506440302,0.8095692178785368
314,6350592,35761,3030.78125,43.98223876953125,3030.78125,43.98223876953125,12284.36328125,0.0,63.159969329833984,0.9165695309638977,38.35322436159779,38.35322436159779,47.37485506440302,0.8095692178785368
315,6370816,35874,2978.124755859375,34.69179916381836,2978.124755859375,34.69179916381836,12284.36328125,0.0,62.0626335144043,0.7229615449905396,38.35322436159779,38.35322436159779,47.37485506440302,0.8095692178785368
316,6391040,35987,236.9624786376953,0.5065933465957642,236.9624786376953,0.5065933465957642,11985.5087890625,0.0,5.061311721801758,0.010820392519235611,38.35322436159779,38.35322436159779,47.37485506440302,0.8095692178785368
317,6411264,36101,4441.25,74.04759979248047,4441.25,74.04759979248047,12435.19921875,0.0,91.4307861328125,1.5244004726409912,38.35322436159779,38.35322436159779,47.37485506440302,0.8095692178785368
318,6431488,36215,2962.924072265625,50.96660232543945,2962.924072265625,50.96660232543945,12284.36328125,0.0,61.7458610534668,1.0621192455291748,38.35322436159779,38.35322436159779,47.37485506440302,0.8095692178785368
319,6451712,36329,2997.059326171875,11.753035545349121,2997.059326171875,11.753035545349121,12284.36328125,0.0,62.45721435546875,0.24492648243904114,38.35322436159779,38.35322436159779,47.37485506440302,0.8095692178785368
320,6471936,36444,3003.005859375,98.29315185546875,3003.005859375,98.29315185546875,12284.36328125,0.0,62.581146240234375,2.0483815670013428,38.35322436159779,38.35322436159779,47.37485506440302,0.8095692178785368
321,6492160,36559,238.67030334472656,0.31402361392974854,238.67030334472656,0.31402361392974854,11985.5087890625,0.0,5.097789287567139,0.006707030814141035,38.35322436159779,38.35322436159779,47.37485506440302,0.8095692178785368
322,6512384,36672,2968.882080078125,22.403329849243164,2968.882080078125,22.403329849243164,12284.36328125,0.0,61.87002182006836,0.46687525510787964,38.35322436159779,38.35322436159779,47.37485506440302,0.8095692178785368
323,6532608,36786,4526.8408203125,54.38887405395508,4526.8408203125,54.38887405395508,12435.19921875,0.0,93.19281005859375,1.1196911334991455,38.35322436159779,38.35322436159779,47.37485506440302,0.8095692178785368
324,6552832,36899,3017.620849609375,34.717681884765625,3017.620849609375,34.717681884765625,12284.36328125,0.0,62.88570785522461,0.7235010862350464,38.35322436159779,38.35322436159779,47.37485506440302,0.8095692178785368
325,6573056,37014,2964.7978515625,56.572967529296875,2964.7978515625,56.572967529296875,12284.36328125,0.0,61.784908294677734,1.178955078125,38.35322436159779,38.35322436159779,47.37485506440302,0.8095692178785368
326,6593280,37129,4437.37255859375,4.114797592163086,4437.37255859375,4.114797592163086,12435.19921875,0.0,91.3509521484375,0.08471092581748962,38.35322436159779,38.35322436159779,47.37485506440302,0.8095692178785368
327,6613504,37243,2958.186767578125,36.97511672973633,2958.186767578125,36.97511672973633,12284.36328125,0.0,61.64713668823242,0.7705417275428772,38.35322436159779,38.35322436159779,47.37485506440302,0.8095692178785368
328,6633728,37356,4496.04296875,71.58029174804688,4496.04296875,71.58029174804688,12435.19921875,0.0,92.55878448486328,1.4736080169677734,38.35322436159779,38.35322436159779,47.37485506440302,0.8095692178785368
329,6653952,37470,2956.470703125,76.40801239013672,2956.470703125,76.40801239013672,12284.36328125,0.0,61.61137390136719,1.5923038721084595,38.35322436159779,38.35322436159779,47.37485506440302,0.8095692178785368
330,6674176,37584,5332.099609375,26.891845703125,5332.099609375,26.891845703125,12127.9638671875,0.0011960399569943547,112.5512466430664,0.5676417946815491,38.35322436159779,38.35322436159779,47.37485506440302,0.8095692178785368
331,6694400,37698,2970.943359375,22.53805160522461,2970.943359375,22.53805160522461,12284.36328125,0.0,61.912967681884766,0.4696821868419647,38.35322436159779,38.35322436159779,47.37485506440302,0.8095692178785368
332,6714624,37812,4431.7265625,40.18873977661133,4431.7265625,40.18873977661133,12435.19921875,0.0,91.2347183227539,0.8273561596870422,38.35322436159779,38.35322436159779,47.37485506440302,0.8095692178785368
333,6734848,37927,4444.52978515625,32.036468505859375,4444.52978515625,32.036468505859375,12435.19921875,0.0,91.498291015625,0.6595197916030884,38.35322436159779,38.35322436159779,47.37485506440302,0.8095692178785368
334,6755072,38040,4451.900390625,74.20662689208984,4451.900390625,74.20662689208984,12435.19921875,0.0,91.6500244140625,1.527671456336975,38.35322436159779,38.35322436159779,47.37485506440302,0.8095692178785368
335,6775296,38153,4424.7421875,56.7991828918457,4424.7421875,56.7991828918457,12435.19921875,0.0,91.0909423828125,1.169312596321106,38.35322436159779,38.35322436159779,47.37485506440302,0.8095692178785368
336,6795520,38266,3014.778076171875,11.481468200683594,3014.778076171875,11.481468200683594,12284.36328125,0.0,62.826473236083984,0.2392698973417282,38.35322436159779,38.35322436159779,47.37485506440302,0.8095692178785368
337,6815744,38379,2986.060546875,26.93275260925293,2986.060546875,26.93275260925293,12284.36328125,0.0,62.22800827026367,0.5612626671791077,38.35322436159779,38.35322436159779,47.37485506440302,0.8095692178785368
338,6835968,38494,2967.773681640625,52.799095153808594,2967.773681640625,52.799095153808594,12284.36328125,0.0,61.846920013427734,1.1003085374832153,38.35322436159779,38.35322436159779,47.37485506440302,0.8095692178785368
339,6856192,38609,2999.723388671875,31.131196975708008,2999.723388671875,31.131196975708008,12284.36328125,0.0,62.51272964477539,0.6487576365470886,38.35322436159779,38.35322436159779,47.37485506440302,0.8095692178785368
340,6876416,38723,3017.444091796875,45.15049743652344,3017.444091796875,45.15049743652344,12284.36328125,0.0,62.88201904296875,0.9409127831459045,38.35322436159779,38.35322436159779,47.37485506440302,0.8095692178785368
341,6896640,38836,2972.310302734375,73.64636993408203,2972.310302734375,73.64636993408203,12284.36328125,0.0,61.94145584106445,1.5347521305084229,38.35322436159779,38.35322436159779,47.37485506440302,0.8095692178785368
342,6916864,38949,4389.07568359375,44.35157775878906,4389.07568359375,44.35157775878906,12109.9169921875,0.0,92.78372955322266,0.937578022480011,38.35322436159779,38.35322436159779,47.37485506440302,0.8095692178785368
343,6937088,39062,2971.747802734375,21.797189712524414,2971.747802734375,21.797189712524414,12284.36328125,0.0,61.92973709106445,0.4542410969734192,38.35322436159779,38.35322436159779,47.37485506440302,0.8095692178785368
344,6957312,39176,238.20484924316406,0.5176271200180054,238.20484924316406,0.5176271200180054,11985.5087890625,0.0,5.0878472328186035,0.011055958457291126,38.35322436159779,38.35322436159779,47.37485506440302,0.8095692178785368
345,6977536,39291,238.5465850830078,0.6108905076980591,238.5465850830078,0.6108905076980591,11985.5087890625,0.0,5.095146656036377,0.013047950342297554,38.35322436159779,38.35322436159779,47.37485506440302,0.8095692178785368
346,6997760,39405,238.18650817871094,0.6960542798042297,238.18650817871094,0.6960542798042297,11985.5087890625,0.0,5.0874552726745605,0.014867168851196766,38.35322436159779,38.35322436159779,47.37485506440302,0.8095692178785368
347,7017984,39518,237.9167022705078,0.6537269353866577,237.9167022705078,0.6537269353866577,11985.5087890625,0.0,5.081693172454834,0.013963218778371811,38.35322436159779,38.35322436159779,47.37485506440302,0.8095692178785368
348,7038208,39631,237.1365966796875,1.0013256072998047,237.1365966796875,1.0013256072998047,11985.5087890625,0.0,5.065031051635742,0.021387368440628052,38.35322436159779,38.35322436159779,47.37485506440302,0.8095692178785368
349,7058432,39745,238.0165252685547,0.5053003430366516,238.0165252685547,0.5053003430366516,11985.5087890625,0.0,5.083824634552002,0.01079280860722065,38.35322436159779,38.35322436159779,47.37485506440302,0.8095692178785368
350,7078656,39858,238.7574005126953,1.048966407775879,238.7574005126953,1.048966407775879,11985.5087890625,0.0,5.099649429321289,0.022405005991458893,38.35322436159779,38.35322436159779,47.37485506440302,0.8095692178785368
351,7098880,39972,238.4609832763672,1.0533077716827393,238.4609832763672,1.0533077716827393,11985.5087890625,0.0,5.093318462371826,0.022497637197375298,38.35322436159779,38.35322436159779,47.37485506440302,0.8095692178785368
352,7119104,40086,3043.7578125,39.261016845703125,3043.7578125,39.261016845703125,12284.36328125,0.0,63.430389404296875,0.8181803822517395,38.35322436159779,38.35322436159779,47.37485506440302,0.8095692178785368
353,7139328,40199,2949.643798828125,39.21775817871094,2949.643798828125,39.21775817871094,12284.36328125,0.0,61.46910095214844,0.8172786235809326,38.35322436159779,38.35322436159779,47.37485506440302,0.8095692178785368
354,7159552,40312,238.0263671875,1.0543150901794434,238.0263671875,1.0543150901794434,11985.5087890625,0.0,5.084035396575928,0.02251947857439518,38.35322436159779,38.35322436159779,47.37485506440302,0.8095692178785368
355,7179776,40426,2942.025146484375,69.4975814819336,2942.025146484375,69.4975814819336,12284.36328125,0.0,61.310333251953125,1.4482957124710083,38.35322436159779,38.35322436159779,47.37485506440302,0.8095692178785368
356,7200000,40539,2974.734375,46.0356330871582,2974.734375,46.0356330871582,12284.36328125,0.0,61.991973876953125,0.9593591690063477,38.35322436159779,38.35322436159779,47.37485506440302,0.8095692178785368
357,7220224,40654,238.7120819091797,0.5930905342102051,238.7120819091797,0.5930905342102051,11985.5087890625,0.0,5.098681449890137,0.01266785804182291,38.35322436159779,38.35322436159779,47.37485506440302,0.8095692178785368
358,7240448,40768,2991.710693359375,53.346187591552734,2991.710693359375,53.346187591552734,12284.36328125,0.0,62.34574890136719,1.1117064952850342,38.35322436159779,38.35322436159779,47.37485506440302,0.8095692178785368
359,7260672,40882,2897.153564453125,74.00094604492188,2897.153564453125,74.00094604492188,12284.36328125,0.0,60.3752326965332,1.5421396493911743,38.35322436159779,38.35322436159779,47.37485506440302,0.8095692178785368
360,7280896,40996,2914.364013671875,11.979496955871582,2914.364013671875,11.979496955871582,12284.36328125,0.0,60.733890533447266,0.24964840710163116,38.35322436159779,38.35322436159779,47.37485506440302,0.8095692178785368
361,7301120,41109,239.06053161621094,0.20672030746936798,239.06053161621094,0.20672030746936798,11985.5087890625,0.0,5.106124401092529,0.004415340721607208,38.35322436159779,38.35322436159779,47.37485506440302,0.8095692178785368
362,7321344,41222,4449.15625,66.70822143554688,4449.15625,66.70822143554688,12435.19921875,0.0,91.59354400634766,1.3733007907867432,38.35322436159779,38.35322436159779,47.37485506440302,0.8095692178785368
363,7341568,41335,2936.253173828125,54.87464904785156,2936.253173828125,54.87464904785156,12284.36328125,0.0,61.190059661865234,1.1435595750808716,38.35322436159779,38.35322436159779,47.37485506440302,0.8095692178785368
364,7361792,41449,2961.285888671875,11.073308944702148,2961.285888671875,11.073308944702148,12284.36328125,0.0,61.71171569824219,0.23076151311397552,38.35322436159779,38.35322436159779,47.37485506440302,0.8095692178785368
365,7382016,41564,238.26416015625,0.5666871070861816,238.26416015625,0.5666871070861816,11985.5087890625,0.0,5.089113712310791,0.01210401114076376,38.35322436159779,38.35322436159779,47.37485506440302,0.8095692178785368
366,7402240,41677,237.83570861816406,0.9324988126754761,237.83570861816406,0.9324988126754761,11985.5087890625,0.0,5.079963207244873,0.019917551428079605,38.35322436159779,38.35322436159779,47.37485506440302,0.8095692178785368
367,7422464,41791,238.06410217285156,0.4319046437740326,238.06410217285156,0.4319046437740326,11985.5087890625,0.0,5.084841251373291,0.009225253947079182,38.35322436159779,38.35322436159779,47.37485506440302,0.8095692178785368
368,7442688,41904,238.1118621826172,0.7917404770851135,238.1118621826172,0.7917404770851135,11985.5087890625,0.0,5.085860729217529,0.016910992562770844,38.35322436159779,38.35322436159779,47.37485506440302,0.8095692178785368
369,7462912,42018,2982.517333984375,28.01050567626953,2982.517333984375,28.01050567626953,12284.36328125,0.0,62.1541633605957,0.5837259292602539,38.35322436159779,38.35322436159779,47.37485506440302,0.8095692178785368
370,7483136,42132,3003.3359375,63.19960403442383,3003.3359375,63.19960403442383,12284.36328125,0.0,62.5880241394043,1.317049264907837,38.35322436159779,38.35322436159779,47.37485506440302,0.8095692178785368
371,7503360,42246,3001.413818359375,72.08888244628906,3001.413818359375,72.08888244628906,12284.36328125,0.0,62.5479621887207,1.5022960901260376,38.35322436159779,38.35322436159779,47.37485506440302,0.8095692178785368
372,7523584,42359,238.05796813964844,0.4020940959453583,238.05796813964844,0.4020940959453583,11985.5087890625,0.0,5.084710597991943,0.008588489145040512,38.35322436159779,38.35322436159779,47.37485506440302,0.8095692178785368
373,7543808,42472,2931.943115234375,48.711795806884766,2931.943115234375,48.711795806884766,12284.36328125,0.0,61.1002311706543,1.0151309967041016,38.35322436159779,38.35322436159779,47.37485506440302,0.8095692178785368
374,7564032,42585,2975.702880859375,23.958593368530273,2975.702880859375,23.958593368530273,12284.36328125,0.0,62.01216125488281,0.49928730726242065,38.35322436159779,38.35322436159779,47.37485506440302,0.8095692178785368
375,7584256,42698,238.64881896972656,0.2502303421497345,238.64881896972656,0.2502303421497345,11985.5087890625,0.0,5.097330093383789,0.005344866309314966,38.35322436159779,38.35322436159779,47.37485506440302,0.8095692178785368
376,7604480,42811,2926.30859375,12.67892837524414,2926.30859375,12.67892837524414,12284.36328125,0.0,60.98280715942383,0.2642221748828888,38.35322436159779,38.35322436159779,47.37485506440302,0.8095692178785368
377,7624704,42925,4318.12939453125,37.49742126464844,4318.12939453125,37.49742126464844,12109.9169921875,0.0,91.2839584350586,0.7926859855651855,38.35322436159779,38.35322436159779,47.37485506440302,0.8095692178785368
378,7644928,43037,2967.34375,36.81414031982422,2967.34375,36.81414031982422,12284.36328125,0.0,61.837955474853516,0.7671870589256287,38.35322436159779,38.35322436159779,47.37485506440302,0.8095692178785368
379,7665152,43150,3010.397216796875,19.713069915771484,3010.397216796875,19.713069915771484,12284.36328125,0.0,62.735172271728516,0.41081172227859497,38.35322436159779,38.35322436159779,47.37485506440302,0.8095692178785368
380,7685376,43263,2971.849365234375,27.446195602416992,2971.849365234375,27.446195602416992,12284.36328125,0.0,61.93185806274414,0.5719630122184753,38.35322436159779,38.35322436159779,47.37485506440302,0.8095692178785368
381,7705600,43375,2964.574951171875,72.94918823242188,2964.574951171875,72.94918823242188,12284.36328125,0.0,61.7802619934082,1.520224928855896,38.35322436159779,38.35322436159779,47.37485506440302,0.8095692178785368
382,7725824,43487,2982.569580078125,24.886510848999023,2982.569580078125,24.886510848999023,12284.36328125,0.0,62.1552619934082,0.5186214447021484,38.35322436159779,38.35322436159779,47.37485506440302,0.8095692178785368
383,7746048,43600,3006.815185546875,37.02077102661133,3006.815185546875,37.02077102661133,12284.36328125,0.0,62.6605224609375,0.7714924812316895,38.35322436159779,38.35322436159779,47.37485506440302,0.8095692178785368
384,7766272,43712,5416.51904296875,33.2475700378418,5416.51904296875,33.2475700378418,12127.9638671875,0.0011960399569943547,114.33319854736328,0.701791524887085,38.35322436159779,38.35322436159779,47.37485506440302,0.8095692178785368
385,7786496,43825,6012.02294921875,26.984634399414062,6012.02294921875,26.984634399414062,11711.7802734375,0.0,131.4127960205078,0.5898352265357971,38.35322436159779,38.35322436159779,47.37485506440302,0.8095692178785368
386,7806720,43938,4415.423828125,21.43999481201172,4415.423828125,21.43999481201172,12435.19921875,0.0,90.89910888671875,0.4413776695728302,38.35322436159779,38.35322436159779,47.37485506440302,0.8095692178785368
387,7826944,44051,4466.34326171875,29.15403175354004,4466.34326171875,29.15403175354004,12435.19921875,0.0,91.9473648071289,0.6001845598220825,38.35322436159779,38.35322436159779,47.37485506440302,0.8095692178785368
388,7847168,44163,4475.08544921875,40.711490631103516,4475.08544921875,40.711490631103516,12435.19921875,0.0,92.1273422241211,0.8381190896034241,38.35322436159779,38.35322436159779,47.37485506440302,0.8095692178785368
389,7867392,44275,3039.00390625,19.26225471496582,3039.00390625,19.26225471496582,12284.36328125,0.0,63.331329345703125,0.4014151394367218,38.35322436159779,38.35322436159779,47.37485506440302,0.8095692178785368
390,7887616,44388,2998.052734375,60.78615188598633,2998.052734375,60.78615188598633,12284.36328125,0.0,62.47792434692383,1.2667536735534668,38.35322436159779,38.35322436159779,47.37485506440302,0.8095692178785368
391,7907840,44501,4500.16650390625,94.23015594482422,4500.16650390625,94.23015594482422,12435.19921875,0.0,92.6436767578125,1.9398905038833618,38.35322436159779,38.35322436159779,47.37485506440302,0.8095692178785368
392,7928064,44613,4467.912109375,19.614835739135742,4467.912109375,19.614835739135742,12435.19921875,0.0,91.97966766357422,0.40380871295928955,38.35322436159779,38.35322436159779,47.37485506440302,0.8095692178785368
393,7948288,44725,237.464111328125,0.5694046020507812,237.464111328125,0.5694046020507812,11985.5087890625,0.0,5.072025775909424,0.01216202788054943,38.35322436159779,38.35322436159779,47.37485506440302,0.8095692178785368
394,7968512,44838,238.1384735107422,0.3589654564857483,238.1384735107422,0.3589654564857483,11985.5087890625,0.0,5.086429595947266,0.007667046971619129,38.35322436159779,38.35322436159779,47.37485506440302,0.8095692178785368
395,7988736,44949,237.7522735595703,0.5180027484893799,237.7522735595703,0.5180027484893799,11985.5087890625,0.0,5.07818078994751,0.011064008809626102,38.35322436159779,38.35322436159779,47.37485506440302,0.8095692178785368
396,8008960,45062,237.9061279296875,0.4859549105167389,237.9061279296875,0.4859549105167389,11985.5087890625,0.0,5.081467151641846,0.010379723273217678,38.35322436159779,38.35322436159779,47.37485506440302,0.8095692178785368
397,8029184,45174,238.1619873046875,0.49022871255874634,238.1619873046875,0.49022871255874634,11985.5087890625,0.0,5.0869317054748535,0.0104709817096591,38.35322436159779,38.35322436159779,47.37485506440302,0.8095692178785368
398,8049408,45286,4278.97412109375,22.776655197143555,4278.97412109375,22.776655197143555,12109.9169921875,0.0,90.45623016357422,0.4814871847629547,38.35322436159779,38.35322436159779,47.37485506440302,0.8095692178785368
399,8069632,45398,4318.828125,34.57563781738281,4318.828125,34.57563781738281,12109.9169921875,0.0,91.2987289428711,0.7309154272079468,38.35322436159779,38.35322436159779,47.37485506440302,0.8095692178785368
400,8089856,45510,4379.38818359375,43.38399124145508,4379.38818359375,43.38399124145508,12109.9169921875,0.0,92.57894897460938,0.9171224236488342,38.35322436159779,38.35322436159779,47.37485506440302,0.8095692178785368
401,8110080,45622,4254.69970703125,85.14344024658203,4254.69970703125,85.14344024658203,12109.9169921875,0.0,89.94307708740234,1.7999086380004883,38.35322436159779,38.35322436159779,47.37485506440302,0.8095692178785368
402,8130304,45733,4302.048828125,20.12913703918457,4302.048828125,20.12913703918457,12109.9169921875,0.0,90.94402313232422,0.4255234897136688,38.35322436159779,38.35322436159779,47.37485506440302,0.8095692178785368
403,8150528,45846,4336.166015625,54.08182144165039,4336.166015625,54.08182144165039,12109.9169921875,0.0,91.66524505615234,1.143276333808899,38.35322436159779,38.35322436159779,47.37485506440302,0.8095692178785368
404,8170752,45958,4366.6171875,69.89779663085938,4366.6171875,69.89779663085938,12109.9169921875,0.0,92.30896759033203,1.4776233434677124,38.35322436159779,38.35322436159779,47.37485506440302,0.8095692178785368
405,8190976,46070,4295.57958984375,19.279428482055664,4295.57958984375,19.279428482055664,12109.9169921875,0.0,90.8072509765625,0.40756338834762573,38.35322436159779,38.35322436159779,47.37485506440302,0.8095692178785368
406,8211200,46182,2977.2041015625,22.722049713134766,2977.2041015625,22.722049713134766,12284.36328125,0.0,62.0434455871582,0.4735170602798462,38.35322436159779,38.35322436159779,47.37485506440302,0.8095692178785368
407,8231424,46293,2957.30078125,43.066856384277344,2957.30078125,43.066856384277344,12284.36328125,0.0,61.6286735534668,0.8974894881248474,38.35322436159779,38.35322436159779,47.37485506440302,0.8095692178785368
408,8251648,46405,4333.23388671875,38.1779899597168,4333.23388671875,38.1779899597168,12109.9169921875,0.0,91.60326385498047,0.8070653676986694,38.35322436159779,38.35322436159779,47.37485506440302,0.8095692178785368
409,8271872,46518,4381.87841796875,61.62315368652344,4381.87841796875,61.62315368652344,12109.9169921875,0.0,92.631591796875,1.3026994466781616,38.35322436159779,38.35322436159779,47.37485506440302,0.8095692178785368
410,8292096,46630,4268.29345703125,59.10646438598633,4268.29345703125,59.10646438598633,12109.9169921875,0.0,90.23043823242188,1.249491572380066,38.35322436159779,38.35322436159779,47.37485506440302,0.8095692178785368
411,8312320,46742,2995.025634765625,30.84075927734375,2995.025634765625,30.84075927734375,12284.36328125,0.0,62.41484069824219,0.6427064538002014,38.35322436159779,38.35322436159779,47.37485506440302,0.8095692178785368
412,8332544,46854,238.2666778564453,0.5161288976669312,238.2666778564453,0.5161288976669312,11985.5087890625,0.0,5.089168548583984,0.011023988015949726,38.35322436159779,38.35322436159779,47.37485506440302,0.8095692178785368
413,8352768,46967,239.18836975097656,0.2879825830459595,239.18836975097656,0.2879825830459595,11985.5087890625,0.0,5.1088547706604,0.006150954868644476,38.35322436159779,38.35322436159779,47.37485506440302,0.8095692178785368
414,8372992,47079,239.2328338623047,0.18004216253757477,239.2328338623047,0.18004216253757477,11985.5087890625,0.0,5.109804153442383,0.0038456644397228956,38.35322436159779,38.35322436159779,47.37485506440302,0.8095692178785368
415,8393216,47191,237.7499237060547,0.8498194813728333,237.7499237060547,0.8498194813728333,11985.5087890625,0.0,5.078130722045898,0.01815139874815941,38.35322436159779,38.35322436159779,47.37485506440302,0.8095692178785368
416,8413440,47303,2975.649169921875,67.51978302001953,2975.649169921875,67.51978302001953,12284.36328125,0.0,62.011043548583984,1.407077431678772,38.35322436159779,38.35322436159779,47.37485506440302,0.8095692178785368
417,8433664,47415,2979.696533203125,31.583478927612305,2979.696533203125,31.583478927612305,12284.36328125,0.0,62.09538269042969,0.6581850051879883,38.35322436159779,38.35322436159779,47.37485506440302,0.8095692178785368
418,8453888,47526,238.232666015625,1.5279150009155273,238.232666015625,1.5279150009155273,11985.5087890625,0.0,5.088441848754883,0.03263496607542038,38.35322436159779,38.35322436159779,47.37485506440302,0.8095692178785368
419,8474112,47638,239.53082275390625,0.5720585584640503,239.53082275390625,0.5720585584640503,11985.5087890625,0.0,5.116168975830078,0.012218606658279896,38.35322436159779,38.35322436159779,47.37485506440302,0.8095692178785368
420,8494336,47749,238.5673828125,0.5924698114395142,238.5673828125,0.5924698114395142,11985.5087890625,0.0,5.095591068267822,0.012654764577746391,38.35322436159779,38.35322436159779,47.37485506440302,0.8095692178785368
421,8514560,47860,237.95831298828125,0.8377271890640259,237.95831298828125,0.8377271890640259,11985.5087890625,0.0,5.082581043243408,0.01789313554763794,38.35322436159779,38.35322436159779,47.37485506440302,0.8095692178785368
422,8534784,47973,237.7830352783203,0.3631588816642761,237.7830352783203,0.3631588816642761,11985.5087890625,0.0,5.078837871551514,0.007756642997264862,38.35322436159779,38.35322436159779,47.37485506440302,0.8095692178785368
423,8555008,48085,2962.462158203125,21.869951248168945,2962.462158203125,21.869951248168945,12284.36328125,0.0,61.73623275756836,0.4557608962059021,38.35322436159779,38.35322436159779,47.37485506440302,0.8095692178785368
424,8575232,48196,238.6031951904297,0.6410323977470398,238.6031951904297,0.6410323977470398,11985.5087890625,0.0,5.096355438232422,0.013691790401935577,38.35322436159779,38.35322436159779,47.37485506440302,0.8095692178785368
425,8595456,48308,238.9087371826172,1.111614465713501,238.9087371826172,1.111614465713501,11985.5087890625,0.0,5.102881908416748,0.02374305948615074,38.35322436159779,38.35322436159779,47.37485506440302,0.8095692178785368
426,8615680,48419,2983.298095703125,14.926219940185547,2983.298095703125,14.926219940185547,12284.36328125,0.0,62.17044448852539,0.31105637550354004,38.35322436159779,38.35322436159779,47.37485506440302,0.8095692178785368
427,8635904,48530,4450.64794921875,61.72443389892578,4450.64794921875,61.72443389892578,12435.19921875,0.0,91.62425994873047,1.2707027196884155,38.35322436159779,38.35322436159779,47.37485506440302,0.8095692178785368
428,8656128,48644,2968.916259765625,31.47260284423828,2968.916259765625,31.47260284423828,12284.36328125,0.0,61.870731353759766,0.6558718085289001,38.35322436159779,38.35322436159779,47.37485506440302,0.8095692178785368
429,8676352,48759,2980.656982421875,79.52357482910156,2980.656982421875,79.52357482910156,12284.36328125,0.0,62.11539840698242,1.6572321653366089,38.35322436159779,38.35322436159779,47.37485506440302,0.8095692178785368
430,8696576,48875,2942.614501953125,38.958404541015625,2942.614501953125,38.958404541015625,12284.36328125,0.0,61.32261657714844,0.8118720650672913,38.35322436159779,38.35322436159779,47.37485506440302,0.8095692178785368
431,8716800,48991,2953.001220703125,61.5439567565918,2953.001220703125,61.5439567565918,12284.36328125,0.0,61.5390739440918,1.2825441360473633,38.35322436159779,38.35322436159779,47.37485506440302,0.8095692178785368
432,8737024,49107,2988.408203125,57.22696304321289,2988.408203125,57.22696304321289,12284.36328125,0.0,62.27693176269531,1.1925818920135498,38.35322436159779,38.35322436159779,47.37485506440302,0.8095692178785368
433,8757248,49222,2965.517822265625,51.00295639038086,2965.517822265625,51.00295639038086,12284.36328125,0.0,61.7999153137207,1.062874436378479,38.35322436159779,38.35322436159779,47.37485506440302,0.8095692178785368
434,8777472,49337,4433.32958984375,9.273344993591309,4433.32958984375,9.273344993591309,12435.19921875,0.0,91.2677230834961,0.19091203808784485,38.35322436159779,38.35322436159779,47.37485506440302,0.8095692178785368
435,8797696,49454,5333.39013671875,57.49760818481445,5333.39013671875,57.49760818481445,12127.9638671875,0.0011960399569943547,112.57849884033203,1.2136719226837158,38.35322436159779,38.35322436159779,47.37485506440302,0.8095692178785368
436,8817920,49570,4414.28564453125,46.353782653808594,4414.28564453125,46.353782653808594,12435.19921875,0.0,90.87567138671875,0.9542779326438904,38.35322436159779,38.35322436159779,47.37485506440302,0.8095692178785368
437,8838144,49687,4497.93505859375,32.06437683105469,4497.93505859375,32.06437683105469,12435.19921875,0.0,92.59774017333984,0.6601005792617798,38.35322436159779,38.35322436159779,47.37485506440302,0.8095692178785368
438,8858368,49803,4440.96142578125,53.78402328491211,4440.96142578125,53.78402328491211,12435.19921875,0.0,91.42484283447266,1.1072379350662231,38.35322436159779,38.35322436159779,47.37485506440302,0.8095692178785368
439,8878592,49918,2967.447021484375,38.08198165893555,2967.447021484375,38.08198165893555,12284.36328125,0.0,61.84010696411133,0.7936116456985474,38.35322436159779,38.35322436159779,47.37485506440302,0.8095692178785368
440,8898816,50034,238.61265563964844,0.08050718903541565,238.61265563964844,0.08050718903541565,11985.5087890625,0.0,5.0965576171875,0.0017196530243381858,38.35322436159779,38.35322436159779,47.37485506440302,0.8095692178785368
441,8919040,50151,238.1276092529297,0.4348759651184082,238.1276092529297,0.4348759651184082,11985.5087890625,0.0,5.086197853088379,0.009288766421377659,38.35322436159779,38.35322436159779,47.37485506440302,0.8095692178785368
442,8939264,50267,238.5433807373047,1.7389764785766602,238.5433807373047,1.7389764785766602,11985.5087890625,0.0,5.095077991485596,0.037142883986234665,38.35322436159779,38.35322436159779,47.37485506440302,0.8095692178785368
443,8959488,50383,237.5456085205078,0.515448272228241,237.5456085205078,0.515448272228241,11985.5087890625,0.0,5.073766708374023,0.011009560897946358,38.35322436159779,38.35322436159779,47.37485506440302,0.8095692178785368
444,8979712,50499,237.9535675048828,1.5400160551071167,237.9535675048828,1.5400160551071167,11985.5087890625,0.0,5.0824809074401855,0.03289346024394035,38.35322436159779,38.35322436159779,47.37485506440302,0.8095692178785368
445,8999936,50614,237.4339599609375,1.1444807052612305,237.4339599609375,1.1444807052612305,11985.5087890625,0.0,5.07138204574585,0.024445002898573875,38.35322436159779,38.35322436159779,47.37485506440302,0.8095692178785368
446,9020160,50730,238.238037109375,0.6079831719398499,238.238037109375,0.6079831719398499,11985.5087890625,0.0,5.088556289672852,0.012985910288989544,38.35322436159779,38.35322436159779,47.37485506440302,0.8095692178785368
447,9040384,50845,238.4982147216797,0.6451295018196106,238.4982147216797,0.6451295018196106,11985.5087890625,0.0,5.094113826751709,0.013779605738818645,38.35322436159779,38.35322436159779,47.37485506440302,0.8095692178785368
448,9060608,50962,238.43836975097656,0.3863038420677185,238.43836975097656,0.3863038420677185,11985.5087890625,0.0,5.092835426330566,0.00825104396790266,38.35322436159779,38.35322436159779,47.37485506440302,0.8095692178785368
449,9080832,51079,3011.762451171875,47.953643798828125,3011.762451171875,47.953643798828125,12284.36328125,0.0,62.76362228393555,0.9993306398391724,38.35322436159779,38.35322436159779,47.37485506440302,0.8095692178785368
450,9101056,51195,2981.618408203125,24.050132751464844,2981.618408203125,24.050132751464844,12284.36328125,0.0,62.13543701171875,0.5011928081512451,38.35322436159779,38.35322436159779,47.37485506440302,0.8095692178785368
451,9121280,51311,2949.422119140625,10.128927230834961,2949.422119140625,10.128927230834961,12284.36328125,0.0,61.4644889831543,0.2110818326473236,38.35322436159779,38.35322436159779,47.37485506440302,0.8095692178785368
452,9141504,51428,3014.4970703125,59.04500961303711,3014.4970703125,59.04500961303711,12284.36328125,0.0,62.820613861083984,1.2304682731628418,38.35322436159779,38.35322436159779,47.37485506440302,0.8095692178785368
453,9161728,51544,2962.945068359375,44.83374786376953,2962.945068359375,44.83374786376953,12284.36328125,0.0,61.74629592895508,0.9343137741088867,38.35322436159779,38.35322436159779,47.37485506440302,0.8095692178785368
454,9181952,51661,2974.358154296875,84.08515930175781,2974.358154296875,84.08515930175781,12284.36328125,0.0,61.9841423034668,1.7522945404052734,38.35322436159779,38.35322436159779,47.37485506440302,0.8095692178785368
455,9202176,51776,2909.854248046875,18.714763641357422,2909.854248046875,18.714763641357422,12284.36328125,0.0,60.63990783691406,0.39000728726387024,38.35322436159779,38.35322436159779,47.37485506440302,0.8095692178785368
456,9222400,51892,238.4348602294922,1.428757667541504,238.4348602294922,1.428757667541504,11985.5087890625,0.0,5.0927605628967285,0.0305169727653265,38.35322436159779,38.35322436159779,47.37485506440302,0.8095692178785368
457,9242624,52008,238.1773681640625,0.5049711465835571,238.1773681640625,0.5049711465835571,11985.5087890625,0.0,5.087261199951172,0.010785624384880066,38.35322436159779,38.35322436159779,47.37485506440302,0.8095692178785368
458,9262848,52123,238.4789581298828,0.12168087810277939,238.4789581298828,0.12168087810277939,11985.5087890625,0.0,5.09370231628418,0.002599014202132821,38.35322436159779,38.35322436159779,47.37485506440302,0.8095692178785368
459,9283072,52239,237.36903381347656,0.591393232345581,237.36903381347656,0.591393232345581,11985.5087890625,0.0,5.069995403289795,0.012631884776055813,38.35322436159779,38.35322436159779,47.37485506440302,0.8095692178785368
460,9303296,52354,2990.439697265625,28.254154205322266,2990.439697265625,28.254154205322266,12284.36328125,0.0,62.319271087646484,0.5888018608093262,38.35322436159779,38.35322436159779,47.37485506440302,0.8095692178785368
461,9323520,52471,2958.045654296875,39.42822265625,2958.045654296875,39.42822265625,12284.36328125,0.0,61.64418411254883,0.8216649293899536,38.35322436159779,38.35322436159779,47.37485506440302,0.8095692178785368
462,9343744,52588,3002.631591796875,37.27140808105469,3002.631591796875,37.27140808105469,12284.36328125,0.0,62.57334518432617,0.7767176032066345,38.35322436159779,38.35322436159779,47.37485506440302,0.8095692178785368
463,9363968,52705,2964.630126953125,0.9031535387039185,2964.630126953125,0.9031535387039185,12284.36328125,0.0,61.78141784667969,0.01881992630660534,38.35322436159779,38.35322436159779,47.37485506440302,0.8095692178785368
464,9384192,52821,2966.124755859375,38.399078369140625,2966.124755859375,38.399078369140625,12284.36328125,0.0,61.812557220458984,0.8002193570137024,38.35322436159779,38.35322436159779,47.37485506440302,0.8095692178785368
465,9404416,52936,237.81744384765625,0.19704051315784454,237.81744384765625,0.19704051315784454,11985.5087890625,0.0,5.079573154449463,0.004208415746688843,38.35322436159779,38.35322436159779,47.37485506440302,0.8095692178785368
466,9424640,53051,238.37876892089844,0.5576003789901733,238.37876892089844,0.5576003789901733,11985.5087890625,0.0,5.091561794281006,0.011909849010407925,38.35322436159779,38.35322436159779,47.37485506440302,0.8095692178785368
