,steps,times,rewards,std_rewards,rewards_isac,std_rewards_isac,rewards_s,std_rewards_s,rewards_c,std_rewards_c,best_rewards,best_rewards_isac,best_rewards_s,best_rewards_c
0,256,3,3.123340368270874,0.002745762001723051,3.123340368270874,0.002745762001723051,451.1358947753906,3.7376248656073585e-05,1.7723594903945923,0.0015581005718559027,0.01300881674463956,0.01300881674463956,1.7622497540696818,0.007381937046435912
1,20480,84,3.789412260055542,0.0024098441936075687,3.789412260055542,0.0024098441936075687,520.4638671875,0.0,1.8638938665390015,0.0011852793395519257,0.016081528483417575,0.016081528483417575,2.033062074061594,0.007910003677994127
2,40704,165,2.96708607673645,0.002984868362545967,2.96708607673645,0.002984868362545967,425.3564758300781,0.0,1.7857351303100586,0.0017963798018172383,0.016081528483417575,0.016081528483417575,2.033062074061594,0.007910003677994127
3,60928,245,3.1086151599884033,0.002253251615911722,3.1086151599884033,0.002253251615911722,365.9300842285156,3.7376248656073585e-05,2.1747472286224365,0.0015762840630486608,0.016081528483417575,0.016081528483417575,2.033062074061594,0.007910003677994127
4,81152,325,3.102973222732544,0.006200435571372509,3.102973222732544,0.006200435571372509,365.9300842285156,3.7376248656073585e-05,2.1708004474639893,0.004337817430496216,0.016081528483417575,0.016081528483417575,2.033062074061594,0.007910003677994127
5,101376,405,4.025571823120117,0.007461216766387224,4.025571823120117,0.007461216766387224,514.3546752929688,0.0,2.0035715103149414,0.0037134753074496984,0.017001544461950704,0.017001544461950704,2.009198006815128,0.008461856125818396
6,121600,486,4.0181660652160645,0.014328745193779469,4.0181660652160645,0.014328745193779469,514.3546752929688,0.0,1.9998855590820312,0.00713149830698967,0.017001544461950704,0.017001544461950704,2.009198006815128,0.008461856125818396
7,141824,565,6.743375301361084,0.011967767030000687,6.743375301361084,0.011967767030000687,596.1301879882812,0.0,2.895850419998169,0.005139457993209362,0.029515439329665088,0.029515439329665088,2.328633650753409,0.012675003352337379
8,162048,644,188.1275634765625,1.8718775510787964,188.1275634765625,1.8718775510787964,808.6428833007812,7.475249731214717e-05,59.5573844909668,0.5925983190536499,1.3446973537614009,1.3446973537614009,3.1587614713220877,0.4257039874551157
9,182272,725,191.93251037597656,2.2233190536499023,191.93251037597656,2.2233190536499023,808.6428833007812,7.475249731214717e-05,60.7619514465332,0.7038574814796448,1.5221948101822715,1.5221948101822715,3.1587614713220877,0.481896092503991
10,202496,805,364.3789978027344,4.883098602294922,364.3789978027344,4.883098602294922,1027.818359375,0.0,90.7563247680664,1.21623957157135,2.3058384029091172,2.3058384029091172,4.014915560161114,0.5743180319380332
11,222720,886,357.6029052734375,5.627440929412842,357.6029052734375,5.627440929412842,1027.818359375,0.0,89.068603515625,1.4016363620758057,2.496337179734783,2.496337179734783,4.014915560161114,0.6217657986397621
12,242944,965,362.5766296386719,6.666858673095703,362.5766296386719,6.666858673095703,1027.818359375,0.0,90.30740356445312,1.660524845123291,2.496337179734783,2.496337179734783,4.014915560161114,0.6217657986397621
13,263168,1045,251.6820831298828,0.46307817101478577,251.6820831298828,0.46307817101478577,1057.0247802734375,0.0,60.95468521118164,0.11215079575777054,2.496337179734783,2.496337179734783,4.014915560161114,0.6217657986397621
14,283392,1125,247.648681640625,3.8723413944244385,247.648681640625,3.8723413944244385,1057.0247802734375,0.0,59.97783279418945,0.9378409385681152,2.496337179734783,2.496337179734783,4.014915560161114,0.6217657986397621
15,303616,1204,250.0009765625,1.8059946298599243,250.0009765625,1.8059946298599243,1057.0247802734375,0.0,60.547542572021484,0.4373941719532013,2.496337179734783,2.496337179734783,4.014915560161114,0.6217657986397621
16,323840,1283,248.8504180908203,1.5169066190719604,248.8504180908203,1.5169066190719604,1057.0247802734375,0.0,60.268890380859375,0.3673795759677887,2.496337179734783,2.496337179734783,4.014915560161114,0.6217657986397621
17,344064,1362,249.28895568847656,5.138893127441406,249.28895568847656,5.138893127441406,1057.0247802734375,0.0,60.37510299682617,1.2445847988128662,2.496337179734783,2.496337179734783,4.014915560161114,0.6217657986397621
18,364288,1442,10.466450691223145,0.039867281913757324,10.466450691223145,0.039867281913757324,1041.2620849609375,0.0,2.5732343196868896,0.009801498614251614,2.496337179734783,2.496337179734783,4.014915560161114,0.6217657986397621
19,384512,1521,10.453434944152832,0.04766939952969551,10.453434944152832,0.04766939952969551,1041.2620849609375,0.0,2.5700342655181885,0.011719802394509315,2.496337179734783,2.496337179734783,4.014915560161114,0.6217657986397621
20,404736,1601,10.422576904296875,0.04504390060901642,10.422576904296875,0.04504390060901642,1041.2620849609375,0.0,2.5624477863311768,0.011074267327785492,2.496337179734783,2.496337179734783,4.014915560161114,0.6217657986397621
21,424960,1680,10.448653221130371,0.03625240921974182,10.448653221130371,0.03625240921974182,1041.2620849609375,0.0,2.568859100341797,0.008912904188036919,2.496337179734783,2.496337179734783,4.014915560161114,0.6217657986397621
22,445184,1759,10.448906898498535,0.028784489259123802,10.448906898498535,0.028784489259123802,1041.2620849609375,0.0,2.5689213275909424,0.00707674166187644,2.496337179734783,2.496337179734783,4.014915560161114,0.6217657986397621
23,465408,1839,10.476856231689453,0.0052380939014256,10.476856231689453,0.0052380939014256,1041.2620849609375,0.0,2.5757925510406494,0.0012877628905698657,2.496337179734783,2.496337179734783,4.014915560161114,0.6217657986397621
24,485632,1918,10.432406425476074,0.011196001432836056,10.432406425476074,0.011196001432836056,1041.2620849609375,0.0,2.5648646354675293,0.002752602333202958,2.496337179734783,2.496337179734783,4.014915560161114,0.6217657986397621
25,505856,1996,10.437273979187012,0.049268271774053574,10.437273979187012,0.049268271774053574,1041.2620849609375,0.0,2.56606125831604,0.012112951837480068,2.496337179734783,2.496337179734783,4.014915560161114,0.6217657986397621
26,526080,2077,10.45008373260498,0.022510970011353493,10.45008373260498,0.022510970011353493,1041.2620849609375,0.0,2.5692105293273926,0.005534518975764513,2.496337179734783,2.496337179734783,4.014915560161114,0.6217657986397621
27,546304,2156,10.428236961364746,0.04114076867699623,10.428236961364746,0.04114076867699623,1041.2620849609375,0.0,2.5638396739959717,0.010114618577063084,2.496337179734783,2.496337179734783,4.014915560161114,0.6217657986397621
28,566528,2236,10.452248573303223,0.013640248216688633,10.452248573303223,0.013640248216688633,1041.2620849609375,0.0,2.5697429180145264,0.003353535197675228,2.496337179734783,2.496337179734783,4.014915560161114,0.6217657986397621
29,586752,2315,10.461441993713379,0.03482038155198097,10.461441993713379,0.03482038155198097,1041.2620849609375,0.0,2.572003126144409,0.008560847491025925,2.496337179734783,2.496337179734783,4.014915560161114,0.6217657986397621
30,606976,2393,10.408641815185547,0.04837626963853836,10.408641815185547,0.04837626963853836,1041.2620849609375,0.0,2.5590217113494873,0.011893623508512974,2.496337179734783,2.496337179734783,4.014915560161114,0.6217657986397621
31,627200,2472,10.43811321258545,0.01613542251288891,10.43811321258545,0.01613542251288891,1041.2620849609375,0.0,2.566267251968384,0.003966889344155788,2.496337179734783,2.496337179734783,4.014915560161114,0.6217657986397621
32,647424,2550,10.426077842712402,0.019814860075712204,10.426077842712402,0.019814860075712204,1041.2620849609375,0.0,2.5633084774017334,0.004871581215411425,2.496337179734783,2.496337179734783,4.014915560161114,0.6217657986397621
33,667648,2630,10.4332914352417,0.03701214864850044,10.4332914352417,0.03701214864850044,1041.2620849609375,0.0,2.565081834793091,0.009099663235247135,2.496337179734783,2.496337179734783,4.014915560161114,0.6217657986397621
34,687872,2709,10.433669090270996,0.055507369339466095,10.433669090270996,0.055507369339466095,1041.2620849609375,0.0,2.5651748180389404,0.013646728359162807,2.496337179734783,2.496337179734783,4.014915560161114,0.6217657986397621
35,708096,2788,10.400862693786621,0.038910169154405594,10.400862693786621,0.038910169154405594,1041.2620849609375,0.0,2.5571091175079346,0.009566276334226131,2.496337179734783,2.496337179734783,4.014915560161114,0.6217657986397621
36,728320,2866,10.427168846130371,0.050108522176742554,10.427168846130371,0.050108522176742554,1041.2620849609375,0.0,2.5635769367218018,0.012319457717239857,2.496337179734783,2.496337179734783,4.014915560161114,0.6217657986397621
37,748544,2945,10.423768043518066,0.03973960131406784,10.423768043518066,0.03973960131406784,1041.2620849609375,0.0,2.5627405643463135,0.009770338423550129,2.496337179734783,2.496337179734783,4.014915560161114,0.6217657986397621
38,768768,3024,10.457295417785645,0.026390057057142258,10.457295417785645,0.026390057057142258,1041.2620849609375,0.0,2.570983648300171,0.006488222163170576,2.496337179734783,2.496337179734783,4.014915560161114,0.6217657986397621
39,788992,3103,10.433455467224121,0.006355590652674437,10.433455467224121,0.006355590652674437,1041.2620849609375,0.0,2.565122365951538,0.0015625321539118886,2.496337179734783,2.496337179734783,4.014915560161114,0.6217657986397621
40,809216,3181,10.44085693359375,0.019436810165643692,10.44085693359375,0.019436810165643692,1041.2620849609375,0.0,2.566941976547241,0.00477856257930398,2.496337179734783,2.496337179734783,4.014915560161114,0.6217657986397621
41,829440,3261,10.45284366607666,0.0524643138051033,10.45284366607666,0.0524643138051033,1041.2620849609375,0.0,2.5698890686035156,0.012898562476038933,2.496337179734783,2.496337179734783,4.014915560161114,0.6217657986397621
42,849664,3340,10.429089546203613,0.028606556355953217,10.429089546203613,0.028606556355953217,1041.2620849609375,0.0,2.564049005508423,0.007033171132206917,2.496337179734783,2.496337179734783,4.014915560161114,0.6217657986397621
43,869888,3419,10.417892456054688,0.07582279294729233,10.417892456054688,0.07582279294729233,1041.2620849609375,0.0,2.561295986175537,0.018641509115695953,2.496337179734783,2.496337179734783,4.014915560161114,0.6217657986397621
44,890112,3497,10.416984558105469,0.016162771731615067,10.416984558105469,0.016162771731615067,1041.2620849609375,0.0,2.561072587966919,0.003973751794546843,2.496337179734783,2.496337179734783,4.014915560161114,0.6217657986397621
45,910336,3576,10.446053504943848,0.043435562402009964,10.446053504943848,0.043435562402009964,1041.2620849609375,0.0,2.5682199001312256,0.010678932070732117,2.496337179734783,2.496337179734783,4.014915560161114,0.6217657986397621
46,930560,3655,10.460929870605469,0.025499140843749046,10.460929870605469,0.025499140843749046,1041.2620849609375,0.0,2.5718772411346436,0.006269064266234636,2.496337179734783,2.496337179734783,4.014915560161114,0.6217657986397621
47,950784,3735,10.438152313232422,0.02381398342549801,10.438152313232422,0.02381398342549801,1041.2620849609375,0.0,2.566277265548706,0.005854728631675243,2.496337179734783,2.496337179734783,4.014915560161114,0.6217657986397621
48,971008,3814,10.468690872192383,0.04588330537080765,10.468690872192383,0.04588330537080765,1041.2620849609375,0.0,2.5737850666046143,0.011280741542577744,2.496337179734783,2.496337179734783,4.014915560161114,0.6217657986397621
49,991232,3892,10.445419311523438,0.04006361588835716,10.445419311523438,0.04006361588835716,1041.2620849609375,0.0,2.568063497543335,0.00984992552548647,2.496337179734783,2.496337179734783,4.014915560161114,0.6217657986397621
50,1011456,3970,10.441393852233887,0.0364873893558979,10.441393852233887,0.0364873893558979,1041.2620849609375,0.0,2.5670740604400635,0.008970517665147781,2.496337179734783,2.496337179734783,4.014915560161114,0.6217657986397621
51,1031680,4049,10.482632637023926,0.02038736827671528,10.482632637023926,0.02038736827671528,1041.2620849609375,0.0,2.5772130489349365,0.0050124055705964565,2.496337179734783,2.496337179734783,4.014915560161114,0.6217657986397621
52,1051904,4128,10.424803733825684,0.029598385095596313,10.424803733825684,0.029598385095596313,1041.2620849609375,0.0,2.562995195388794,0.00727697741240263,2.496337179734783,2.496337179734783,4.014915560161114,0.6217657986397621
53,1072128,4206,10.465179443359375,0.03013295866549015,10.465179443359375,0.03013295866549015,1041.2620849609375,0.0,2.5729217529296875,0.007408215664327145,2.496337179734783,2.496337179734783,4.014915560161114,0.6217657986397621
54,1092352,4285,10.458248138427734,0.054527197033166885,10.458248138427734,0.054527197033166885,1041.2620849609375,0.0,2.5712177753448486,0.013405745849013329,2.496337179734783,2.496337179734783,4.014915560161114,0.6217657986397621
55,1112576,4364,10.431904792785645,0.026847010478377342,10.431904792785645,0.026847010478377342,1041.2620849609375,0.0,2.5647411346435547,0.0066003622487187386,2.496337179734783,2.496337179734783,4.014915560161114,0.6217657986397621
56,1132800,4444,10.405274391174316,0.03014185279607773,10.405274391174316,0.03014185279607773,1041.2620849609375,0.0,2.558194160461426,0.0074103777296841145,2.496337179734783,2.496337179734783,4.014915560161114,0.6217657986397621
57,1153024,4522,10.450340270996094,0.05789334699511528,10.450340270996094,0.05789334699511528,1041.2620849609375,0.0,2.5692737102508545,0.014233442954719067,2.496337179734783,2.496337179734783,4.014915560161114,0.6217657986397621
58,1173248,4600,10.454902648925781,0.00750168738886714,10.454902648925781,0.00750168738886714,1041.2620849609375,0.0,2.5703952312469482,0.001844307640567422,2.496337179734783,2.496337179734783,4.014915560161114,0.6217657986397621
59,1193472,4679,10.428982734680176,0.016632430255413055,10.428982734680176,0.016632430255413055,1041.2620849609375,0.0,2.5640227794647217,0.004089136607944965,2.496337179734783,2.496337179734783,4.014915560161114,0.6217657986397621
60,1213696,4759,10.439482688903809,0.037149444222450256,10.439482688903809,0.037149444222450256,1041.2620849609375,0.0,2.566603899002075,0.009133422747254372,2.496337179734783,2.496337179734783,4.014915560161114,0.6217657986397621
61,1233920,4838,10.431824684143066,0.07229586690664291,10.431824684143066,0.07229586690664291,1041.2620849609375,0.0,2.5647218227386475,0.01777440682053566,2.496337179734783,2.496337179734783,4.014915560161114,0.6217657986397621
62,1254144,4917,10.454787254333496,0.019205262884497643,10.454787254333496,0.019205262884497643,1041.2620849609375,0.0,2.570366859436035,0.004721743054687977,2.496337179734783,2.496337179734783,4.014915560161114,0.6217657986397621
63,1274368,4995,10.406583786010742,0.06113751232624054,10.406583786010742,0.06113751232624054,1041.2620849609375,0.0,2.558515787124634,0.015030874870717525,2.496337179734783,2.496337179734783,4.014915560161114,0.6217657986397621
64,1294592,5074,10.422455787658691,0.03260570019483566,10.422455787658691,0.03260570019483566,1041.2620849609375,0.0,2.562418222427368,0.008016296662390232,2.496337179734783,2.496337179734783,4.014915560161114,0.6217657986397621
65,1314816,5154,10.428441047668457,0.043318379670381546,10.428441047668457,0.043318379670381546,1041.2620849609375,0.0,2.563889503479004,0.010650070384144783,2.496337179734783,2.496337179734783,4.014915560161114,0.6217657986397621
66,1335040,5232,10.455272674560547,0.053927820175886154,10.455272674560547,0.053927820175886154,1041.2620849609375,0.0,2.570486307144165,0.013258499093353748,2.496337179734783,2.496337179734783,4.014915560161114,0.6217657986397621
67,1355264,5311,10.465015411376953,0.020649999380111694,10.465015411376953,0.020649999380111694,1041.2620849609375,0.0,2.5728816986083984,0.0050769709050655365,2.496337179734783,2.496337179734783,4.014915560161114,0.6217657986397621
68,1375488,5389,10.459379196166992,0.03767193481326103,10.459379196166992,0.03767193481326103,1041.2620849609375,0.0,2.571495771408081,0.0092619014903903,2.496337179734783,2.496337179734783,4.014915560161114,0.6217657986397621
69,1395712,5468,10.470226287841797,0.02687676250934601,10.470226287841797,0.02687676250934601,1041.2620849609375,0.0,2.574162721633911,0.0066077811643481255,2.496337179734783,2.496337179734783,4.014915560161114,0.6217657986397621
70,1415936,5547,10.493033409118652,0.026408538222312927,10.493033409118652,0.026408538222312927,1041.2620849609375,0.0,2.5797698497772217,0.006492700427770615,2.496337179734783,2.496337179734783,4.014915560161114,0.6217657986397621
71,1436160,5625,10.442841529846191,0.023609265685081482,10.442841529846191,0.023609265685081482,1041.2620849609375,0.0,2.567429780960083,0.005804554093629122,2.496337179734783,2.496337179734783,4.014915560161114,0.6217657986397621
72,1456384,5704,10.475948333740234,0.01775340549647808,10.475948333740234,0.01775340549647808,1041.2620849609375,0.0,2.5755693912506104,0.004364844411611557,2.496337179734783,2.496337179734783,4.014915560161114,0.6217657986397621
73,1476608,5784,10.434670448303223,0.04578973725438118,10.434670448303223,0.04578973725438118,1041.2620849609375,0.0,2.5654211044311523,0.011257671751081944,2.496337179734783,2.496337179734783,4.014915560161114,0.6217657986397621
74,1496832,5865,10.438156127929688,0.03814304992556572,10.438156127929688,0.03814304992556572,1041.2620849609375,0.0,2.5662782192230225,0.009377514943480492,2.496337179734783,2.496337179734783,4.014915560161114,0.6217657986397621
75,1517056,5945,10.424452781677246,0.047811124473810196,10.424452781677246,0.047811124473810196,1041.2620849609375,0.0,2.562908887863159,0.011754662729799747,2.496337179734783,2.496337179734783,4.014915560161114,0.6217657986397621
76,1537280,6024,10.435306549072266,0.039423245936632156,10.435306549072266,0.039423245936632156,1041.2620849609375,0.0,2.565577507019043,0.00969238393008709,2.496337179734783,2.496337179734783,4.014915560161114,0.6217657986397621
77,1557504,6104,10.450992584228516,0.013079025782644749,10.450992584228516,0.013079025782644749,1041.2620849609375,0.0,2.5694339275360107,0.0032155173830688,2.496337179734783,2.496337179734783,4.014915560161114,0.6217657986397621
78,1577728,6185,10.455050468444824,0.021956777200102806,10.455050468444824,0.021956777200102806,1041.2620849609375,0.0,2.5704314708709717,0.005398234352469444,2.496337179734783,2.496337179734783,4.014915560161114,0.6217657986397621
79,1597952,6266,10.444915771484375,0.03440801054239273,10.444915771484375,0.03440801054239273,1041.2620849609375,0.0,2.5679399967193604,0.008459453471004963,2.496337179734783,2.496337179734783,4.014915560161114,0.6217657986397621
80,1618176,6345,10.452879905700684,0.03993966057896614,10.452879905700684,0.03993966057896614,1041.2620849609375,0.0,2.5698976516723633,0.009819259867072105,2.496337179734783,2.496337179734783,4.014915560161114,0.6217657986397621
81,1638400,6425,10.447132110595703,0.03862708806991577,10.447132110595703,0.03862708806991577,1041.2620849609375,0.0,2.5684850215911865,0.009496624581515789,2.496337179734783,2.496337179734783,4.014915560161114,0.6217657986397621
82,1658624,6505,10.466839790344238,0.04071829840540886,10.466839790344238,0.04071829840540886,1041.2620849609375,0.0,2.5733299255371094,0.01001086737960577,2.496337179734783,2.496337179734783,4.014915560161114,0.6217657986397621
83,1678848,6586,10.416382789611816,0.04016752913594246,10.416382789611816,0.04016752913594246,1041.2620849609375,0.0,2.560925245285034,0.009875357151031494,2.496337179734783,2.496337179734783,4.014915560161114,0.6217657986397621
84,1699072,6666,10.44260311126709,0.034125812351703644,10.44260311126709,0.034125812351703644,1041.2620849609375,0.0,2.567371368408203,0.008390177972614765,2.496337179734783,2.496337179734783,4.014915560161114,0.6217657986397621
85,1719296,6746,10.464195251464844,0.020001079887151718,10.464195251464844,0.020001079887151718,1041.2620849609375,0.0,2.5726795196533203,0.004917234648019075,2.496337179734783,2.496337179734783,4.014915560161114,0.6217657986397621
86,1739520,6826,10.4664945602417,0.06811455637216568,10.4664945602417,0.06811455637216568,1041.2620849609375,0.0,2.573245048522949,0.01674629934132099,2.496337179734783,2.496337179734783,4.014915560161114,0.6217657986397621
87,1759744,6906,10.472850799560547,0.021891120821237564,10.472850799560547,0.021891120821237564,1041.2620849609375,0.0,2.57480788230896,0.005381997209042311,2.496337179734783,2.496337179734783,4.014915560161114,0.6217657986397621
88,1779968,6986,10.445891380310059,0.021064801141619682,10.445891380310059,0.021064801141619682,1041.2620849609375,0.0,2.5681796073913574,0.005178880412131548,2.496337179734783,2.496337179734783,4.014915560161114,0.6217657986397621
89,1800192,7065,252.5548095703125,5.284165859222412,252.5548095703125,5.284165859222412,1057.0247802734375,0.0,61.16605758666992,1.2797694206237793,2.496337179734783,2.496337179734783,4.014915560161114,0.6217657986397621
90,1820416,7143,249.3314666748047,1.487214207649231,249.3314666748047,1.487214207649231,1057.0247802734375,0.0,60.3853874206543,0.3601856529712677,2.496337179734783,2.496337179734783,4.014915560161114,0.6217657986397621
91,1840640,7222,247.4176483154297,0.7854675650596619,247.4176483154297,0.7854675650596619,1057.0247802734375,0.0,59.9218864440918,0.19023413956165314,2.496337179734783,2.496337179734783,4.014915560161114,0.6217657986397621
92,1860864,7302,10.424567222595215,0.018949566408991814,10.424567222595215,0.018949566408991814,1041.2620849609375,0.0,2.562936782836914,0.004658795427531004,2.496337179734783,2.496337179734783,4.014915560161114,0.6217657986397621
93,1881088,7380,10.48779010772705,0.010758139193058014,10.48779010772705,0.010758139193058014,1041.2620849609375,0.0,2.5784809589385986,0.002645082538947463,2.496337179734783,2.496337179734783,4.014915560161114,0.6217657986397621
94,1901312,7459,10.471331596374512,0.02168305590748787,10.471331596374512,0.02168305590748787,1041.2620849609375,0.0,2.574434280395508,0.005330940708518028,2.496337179734783,2.496337179734783,4.014915560161114,0.6217657986397621
95,1921536,7537,10.460249900817871,0.028983861207962036,10.460249900817871,0.028983861207962036,1041.2620849609375,0.0,2.5717098712921143,0.0071258083917200565,2.496337179734783,2.496337179734783,4.014915560161114,0.6217657986397621
96,1941760,7617,10.459145545959473,0.022627558559179306,10.459145545959473,0.022627558559179306,1041.2620849609375,0.0,2.5714383125305176,0.005563060753047466,2.496337179734783,2.496337179734783,4.014915560161114,0.6217657986397621
97,1961984,7696,10.424906730651855,0.02677534893155098,10.424906730651855,0.02677534893155098,1041.2620849609375,0.0,2.563020706176758,0.006582880392670631,2.496337179734783,2.496337179734783,4.014915560161114,0.6217657986397621
98,1982208,7775,10.432246208190918,0.006828592624515295,10.432246208190918,0.006828592624515295,1041.2620849609375,0.0,2.5648248195648193,0.0016788874054327607,2.496337179734783,2.496337179734783,4.014915560161114,0.6217657986397621
99,2002432,7853,10.456690788269043,0.00491668377071619,10.456690788269043,0.00491668377071619,1041.2620849609375,0.0,2.5708348751068115,0.0012088381918147206,2.496337179734783,2.496337179734783,4.014915560161114,0.6217657986397621
100,2022656,7932,10.443002700805664,0.0778651162981987,10.443002700805664,0.0778651162981987,1041.2620849609375,0.0,2.567469596862793,0.019143568351864815,2.496337179734783,2.496337179734783,4.014915560161114,0.6217657986397621
101,2042880,8011,10.46718692779541,0.019968241453170776,10.46718692779541,0.019968241453170776,1041.2620849609375,0.0,2.573415517807007,0.004909259732812643,2.496337179734783,2.496337179734783,4.014915560161114,0.6217657986397621
102,2063104,8089,10.472633361816406,0.008270074613392353,10.472633361816406,0.008270074613392353,1041.2620849609375,0.0,2.574754476547241,0.002033243654295802,2.496337179734783,2.496337179734783,4.014915560161114,0.6217657986397621
103,2083328,8167,10.44924259185791,0.03498921915888786,10.44924259185791,0.03498921915888786,1041.2620849609375,0.0,2.5690033435821533,0.008602239191532135,2.496337179734783,2.496337179734783,4.014915560161114,0.6217657986397621
104,2103552,8246,10.450512886047363,0.018780577927827835,10.450512886047363,0.018780577927827835,1041.2620849609375,0.0,2.5693161487579346,0.004617433063685894,2.496337179734783,2.496337179734783,4.014915560161114,0.6217657986397621
105,2123776,8325,10.448711395263672,0.050129782408475876,10.448711395263672,0.050129782408475876,1041.2620849609375,0.0,2.568873167037964,0.012324603274464607,2.496337179734783,2.496337179734783,4.014915560161114,0.6217657986397621
106,2144000,8404,10.427337646484375,0.004895287565886974,10.427337646484375,0.004895287565886974,1041.2620849609375,0.0,2.5636179447174072,0.0012035545660182834,2.496337179734783,2.496337179734783,4.014915560161114,0.6217657986397621
107,2164224,8482,10.436149597167969,0.04177626594901085,10.436149597167969,0.04177626594901085,1041.2620849609375,0.0,2.5657846927642822,0.010270868428051472,2.496337179734783,2.496337179734783,4.014915560161114,0.6217657986397621
108,2184448,8560,10.44234561920166,0.043316371738910675,10.44234561920166,0.043316371738910675,1041.2620849609375,0.0,2.567308187484741,0.01064962986856699,2.496337179734783,2.496337179734783,4.014915560161114,0.6217657986397621
109,2204672,8639,10.44361686706543,0.0346941314637661,10.44361686706543,0.0346941314637661,1041.2620849609375,0.0,2.5676205158233643,0.008529783226549625,2.496337179734783,2.496337179734783,4.014915560161114,0.6217657986397621
110,2224896,8717,10.46842098236084,0.005103093571960926,10.46842098236084,0.005103093571960926,1041.2620849609375,0.0,2.573718786239624,0.001254721893928945,2.496337179734783,2.496337179734783,4.014915560161114,0.6217657986397621
111,2245120,8797,10.436057090759277,0.030286472290754318,10.436057090759277,0.030286472290754318,1041.2620849609375,0.0,2.5657620429992676,0.007446139585226774,2.496337179734783,2.496337179734783,4.014915560161114,0.6217657986397621
112,2265344,8876,10.421147346496582,0.05590515956282616,10.421147346496582,0.05590515956282616,1041.2620849609375,0.0,2.562096357345581,0.013744529336690903,2.496337179734783,2.496337179734783,4.014915560161114,0.6217657986397621
113,2285568,8955,10.445247650146484,0.01047634519636631,10.445247650146484,0.01047634519636631,1041.2620849609375,0.0,2.568021774291992,0.0025757262483239174,2.496337179734783,2.496337179734783,4.014915560161114,0.6217657986397621
114,2305792,9034,10.466275215148926,0.055665649473667145,10.466275215148926,0.055665649473667145,1041.2620849609375,0.0,2.5731914043426514,0.013685734942555428,2.496337179734783,2.496337179734783,4.014915560161114,0.6217657986397621
115,2326016,9113,247.0211944580078,2.1732850074768066,247.0211944580078,2.1732850074768066,1057.0247802734375,0.0,59.825870513916016,0.5263468027114868,2.496337179734783,2.496337179734783,4.014915560161114,0.6217657986397621
116,2346240,9192,10.47159194946289,0.04559833183884621,10.47159194946289,0.04559833183884621,1041.2620849609375,0.0,2.574498414993286,0.011210541240870953,2.496337179734783,2.496337179734783,4.014915560161114,0.6217657986397621
117,2366464,9271,10.46584701538086,0.037374187260866165,10.46584701538086,0.037374187260866165,1041.2620849609375,0.0,2.5730857849121094,0.009188639000058174,2.496337179734783,2.496337179734783,4.014915560161114,0.6217657986397621
118,2386688,9350,10.457415580749512,0.002609838731586933,10.457415580749512,0.002609838731586933,1041.2620849609375,0.0,2.5710132122039795,0.0006416481919586658,2.496337179734783,2.496337179734783,4.014915560161114,0.6217657986397621
119,2406912,9429,10.448101043701172,0.038588736206293106,10.448101043701172,0.038588736206293106,1041.2620849609375,0.0,2.56872296333313,0.009487349539995193,2.496337179734783,2.496337179734783,4.014915560161114,0.6217657986397621
120,2427136,9508,10.439847946166992,0.019193241372704506,10.439847946166992,0.019193241372704506,1041.2620849609375,0.0,2.5666940212249756,0.004718673415482044,2.496337179734783,2.496337179734783,4.014915560161114,0.6217657986397621
121,2447360,9585,10.445307731628418,0.0289037823677063,10.445307731628418,0.0289037823677063,1041.2620849609375,0.0,2.5680365562438965,0.007106028031557798,2.496337179734783,2.496337179734783,4.014915560161114,0.6217657986397621
122,2467584,9663,10.461525917053223,0.05343092605471611,10.461525917053223,0.05343092605471611,1041.2620849609375,0.0,2.572023630142212,0.013136306777596474,2.496337179734783,2.496337179734783,4.014915560161114,0.6217657986397621
123,2487808,9742,10.467473030090332,0.06886793673038483,10.467473030090332,0.06886793673038483,1041.2620849609375,0.0,2.573486089706421,0.01693158783018589,2.496337179734783,2.496337179734783,4.014915560161114,0.6217657986397621
124,2508032,9822,10.475532531738281,0.060381535440683365,10.475532531738281,0.060381535440683365,1041.2620849609375,0.0,2.575467109680176,0.014845079742372036,2.496337179734783,2.496337179734783,4.014915560161114,0.6217657986397621
125,2528256,9900,10.439778327941895,0.005771193653345108,10.439778327941895,0.005771193653345108,1041.2620849609375,0.0,2.5666768550872803,0.0014190031215548515,2.496337179734783,2.496337179734783,4.014915560161114,0.6217657986397621
126,2548480,9979,10.449605941772461,0.012224121019244194,10.449605941772461,0.012224121019244194,1041.2620849609375,0.0,2.5690929889678955,0.003005207981914282,2.496337179734783,2.496337179734783,4.014915560161114,0.6217657986397621
127,2568704,10057,10.430500030517578,0.03340807184576988,10.430500030517578,0.03340807184576988,1041.2620849609375,0.0,2.5643956661224365,0.008213669061660767,2.496337179734783,2.496337179734783,4.014915560161114,0.6217657986397621
128,2588928,10136,10.453227043151855,0.01306953001767397,10.453227043151855,0.01306953001767397,1041.2620849609375,0.0,2.5699832439422607,0.0032131720799952745,2.496337179734783,2.496337179734783,4.014915560161114,0.6217657986397621
129,2609152,10215,10.458380699157715,0.052392471581697464,10.458380699157715,0.052392471581697464,1041.2620849609375,0.0,2.5712506771087646,0.012881063856184483,2.496337179734783,2.496337179734783,4.014915560161114,0.6217657986397621
130,2629376,10293,10.444629669189453,0.018621031194925308,10.444629669189453,0.018621031194925308,1041.2620849609375,0.0,2.5678694248199463,0.004578010644763708,2.496337179734783,2.496337179734783,4.014915560161114,0.6217657986397621
131,2649600,10371,10.421669960021973,0.04583393782377243,10.421669960021973,0.04583393782377243,1041.2620849609375,0.0,2.562225103378296,0.011268475092947483,2.496337179734783,2.496337179734783,4.014915560161114,0.6217657986397621
132,2669824,10450,10.441781997680664,0.004805563483387232,10.441781997680664,0.004805563483387232,1041.2620849609375,0.0,2.567169427871704,0.0011815764009952545,2.496337179734783,2.496337179734783,4.014915560161114,0.6217657986397621
133,2690048,10529,10.45537281036377,0.0688261017203331,10.45537281036377,0.0688261017203331,1041.2620849609375,0.0,2.5705108642578125,0.0169212743639946,2.496337179734783,2.496337179734783,4.014915560161114,0.6217657986397621
134,2710272,10608,10.445005416870117,0.03118039481341839,10.445005416870117,0.03118039481341839,1041.2620849609375,0.0,2.5679619312286377,0.007665958721190691,2.496337179734783,2.496337179734783,4.014915560161114,0.6217657986397621
135,2730496,10686,10.457625389099121,0.06367296725511551,10.457625389099121,0.06367296725511551,1041.2620849609375,0.0,2.5710647106170654,0.015654342249035835,2.496337179734783,2.496337179734783,4.014915560161114,0.6217657986397621
136,2750720,10764,10.447508811950684,0.044848449528217316,10.447508811950684,0.044848449528217316,1041.2620849609375,0.0,2.568577289581299,0.01102624274790287,2.496337179734783,2.496337179734783,4.014915560161114,0.6217657986397621
137,2770944,10845,10.448845863342285,0.053260888904333115,10.448845863342285,0.053260888904333115,1041.2620849609375,0.0,2.568906307220459,0.013094570487737656,2.496337179734783,2.496337179734783,4.014915560161114,0.6217657986397621
138,2791168,10925,10.425725936889648,0.027667811140418053,10.425725936889648,0.027667811140418053,1041.2620849609375,0.0,2.5632221698760986,0.006802276708185673,2.496337179734783,2.496337179734783,4.014915560161114,0.6217657986397621
139,2811392,11004,246.5419921875,6.57013463973999,246.5419921875,6.57013463973999,1057.0247802734375,0.0,59.70981216430664,1.591214895248413,2.496337179734783,2.496337179734783,4.014915560161114,0.6217657986397621
140,2831616,11082,248.86265563964844,1.6709706783294678,248.86265563964844,1.6709706783294678,1057.0247802734375,0.0,60.2718505859375,0.40469083189964294,2.496337179734783,2.496337179734783,4.014915560161114,0.6217657986397621
141,2851840,11161,248.55140686035156,2.793222665786743,248.55140686035156,2.793222665786743,1057.0247802734375,0.0,60.19647216796875,0.6764879822731018,2.496337179734783,2.496337179734783,4.014915560161114,0.6217657986397621
142,2872064,11240,247.7883758544922,4.3841753005981445,247.7883758544922,4.3841753005981445,1057.0247802734375,0.0,60.01166915893555,1.0617997646331787,2.496337179734783,2.496337179734783,4.014915560161114,0.6217657986397621
143,2892288,11320,247.4805450439453,2.923807382583618,247.4805450439453,2.923807382583618,1057.0247802734375,0.0,59.9371223449707,0.7081150412559509,2.496337179734783,2.496337179734783,4.014915560161114,0.6217657986397621
144,2912512,11398,248.18959045410156,1.6857646703720093,248.18959045410156,1.6857646703720093,1057.0247802734375,0.0,60.10884475708008,0.4082735478878021,2.496337179734783,2.496337179734783,4.014915560161114,0.6217657986397621
145,2932736,11477,247.5234832763672,7.537700176239014,247.5234832763672,7.537700176239014,1057.0247802734375,0.0,59.9475212097168,1.8255497217178345,2.496337179734783,2.496337179734783,4.014915560161114,0.6217657986397621
146,2952960,11556,10.474413871765137,0.047431688755750656,10.474413871765137,0.047431688755750656,1041.2620849609375,0.0,2.5751922130584717,0.011661347001791,2.496337179734783,2.496337179734783,4.014915560161114,0.6217657986397621
147,2973184,11636,10.463610649108887,0.03460917994379997,10.463610649108887,0.03460917994379997,1041.2620849609375,0.0,2.572535991668701,0.008508877828717232,2.496337179734783,2.496337179734783,4.014915560161114,0.6217657986397621
148,2993408,11714,10.406819343566895,0.02708636224269867,10.406819343566895,0.02708636224269867,1041.2620849609375,0.0,2.5585737228393555,0.006659368984401226,2.496337179734783,2.496337179734783,4.014915560161114,0.6217657986397621
149,3013632,11793,10.462166786193848,0.047295380383729935,10.462166786193848,0.047295380383729935,1041.2620849609375,0.0,2.572181463241577,0.011627822183072567,2.496337179734783,2.496337179734783,4.014915560161114,0.6217657986397621
150,3033856,11872,10.464842796325684,0.013548385351896286,10.464842796325684,0.013548385351896286,1041.2620849609375,0.0,2.5728390216827393,0.0033307967241853476,2.496337179734783,2.496337179734783,4.014915560161114,0.6217657986397621
151,3054080,11952,10.452768325805664,0.032324910163879395,10.452768325805664,0.032324910163879395,1041.2620849609375,0.0,2.569870710372925,0.007947256788611412,2.496337179734783,2.496337179734783,4.014915560161114,0.6217657986397621
152,3074304,12031,10.45589828491211,0.03113630786538124,10.45589828491211,0.03113630786538124,1041.2620849609375,0.0,2.5706398487091064,0.007655138149857521,2.496337179734783,2.496337179734783,4.014915560161114,0.6217657986397621
153,3094528,12110,243.7722625732422,4.670446395874023,243.7722625732422,4.670446395874023,1057.0247802734375,0.0,59.03901290893555,1.1311309337615967,2.496337179734783,2.496337179734783,4.014915560161114,0.6217657986397621
154,3114752,12188,10.422900199890137,0.06569094955921173,10.422900199890137,0.06569094955921173,1041.2620849609375,0.0,2.5625274181365967,0.016150424256920815,2.496337179734783,2.496337179734783,4.014915560161114,0.6217657986397621
155,3134976,12267,10.43410587310791,0.019352808594703674,10.43410587310791,0.019352808594703674,1041.2620849609375,0.0,2.565282106399536,0.004757928662002087,2.496337179734783,2.496337179734783,4.014915560161114,0.6217657986397621
156,3155200,12347,10.45539379119873,0.03975459933280945,10.45539379119873,0.03975459933280945,1041.2620849609375,0.0,2.5705158710479736,0.009773754514753819,2.496337179734783,2.496337179734783,4.014915560161114,0.6217657986397621
157,3175424,12427,10.462376594543457,0.019261397421360016,10.462376594543457,0.019261397421360016,1041.2620849609375,0.0,2.572232961654663,0.004735488910228014,2.496337179734783,2.496337179734783,4.014915560161114,0.6217657986397621
158,3195648,12505,10.453938484191895,0.019871985539793968,10.453938484191895,0.019871985539793968,1041.2620849609375,0.0,2.5701582431793213,0.0048857154324650764,2.496337179734783,2.496337179734783,4.014915560161114,0.6217657986397621
159,3215872,12584,10.430453300476074,0.04156467691063881,10.430453300476074,0.04156467691063881,1041.2620849609375,0.0,2.5643842220306396,0.010218830779194832,2.496337179734783,2.496337179734783,4.014915560161114,0.6217657986397621
160,3236096,12664,10.458964347839355,0.022249804809689522,10.458964347839355,0.022249804809689522,1041.2620849609375,0.0,2.5713937282562256,0.005470245610922575,2.496337179734783,2.496337179734783,4.014915560161114,0.6217657986397621
161,3256320,12743,10.475934028625488,0.05255955085158348,10.475934028625488,0.05255955085158348,1041.2620849609375,0.0,2.575566053390503,0.012922041118144989,2.496337179734783,2.496337179734783,4.014915560161114,0.6217657986397621
162,3276544,12822,10.403779029846191,0.019190706312656403,10.403779029846191,0.019190706312656403,1041.2620849609375,0.0,2.557826042175293,0.004718161188066006,2.496337179734783,2.496337179734783,4.014915560161114,0.6217657986397621
163,3296768,12901,10.45563793182373,0.022918622940778732,10.45563793182373,0.022918622940778732,1041.2620849609375,0.0,2.570575714111328,0.0056347353383898735,2.496337179734783,2.496337179734783,4.014915560161114,0.6217657986397621
164,3316992,12981,10.439056396484375,0.02396135963499546,10.439056396484375,0.02396135963499546,1041.2620849609375,0.0,2.5664994716644287,0.005891003645956516,2.496337179734783,2.496337179734783,4.014915560161114,0.6217657986397621
165,3337216,13060,10.417941093444824,0.022270923480391502,10.417941093444824,0.022270923480391502,1041.2620849609375,0.0,2.5613081455230713,0.005475521087646484,2.496337179734783,2.496337179734783,4.014915560161114,0.6217657986397621
166,3357440,13138,359.9152526855469,3.1523756980895996,359.9152526855469,3.1523756980895996,1027.818359375,0.0,89.64453125,0.7851637005805969,2.496337179734783,2.496337179734783,4.014915560161114,0.6217657986397621
167,3377664,13217,252.14312744140625,7.016336441040039,252.14312744140625,7.016336441040039,1057.0247802734375,0.0,61.066349029541016,1.699283480644226,2.496337179734783,2.496337179734783,4.014915560161114,0.6217657986397621
168,3397888,13296,10.438392639160156,0.00595724256709218,10.438392639160156,0.00595724256709218,1041.2620849609375,0.0,2.5663363933563232,0.0014647403731942177,2.496337179734783,2.496337179734783,4.014915560161114,0.6217657986397621
169,3418112,13376,10.412371635437012,0.03941883146762848,10.412371635437012,0.03941883146762848,1041.2620849609375,0.0,2.559938669204712,0.0096912682056427,2.496337179734783,2.496337179734783,4.014915560161114,0.6217657986397621
170,3438336,13456,10.438522338867188,0.014414476230740547,10.438522338867188,0.014414476230740547,1041.2620849609375,0.0,2.5663681030273438,0.0035437732003629208,2.496337179734783,2.496337179734783,4.014915560161114,0.6217657986397621
171,3458560,13536,249.375732421875,3.626338243484497,249.375732421875,3.626338243484497,1057.0247802734375,0.0,60.396114349365234,0.8782609105110168,2.496337179734783,2.496337179734783,4.014915560161114,0.6217657986397621
172,3478784,13615,10.4370756149292,0.019956933334469795,10.4370756149292,0.019956933334469795,1041.2620849609375,0.0,2.566012382507324,0.0049065048806369305,2.496337179734783,2.496337179734783,4.014915560161114,0.6217657986397621
173,3499008,13694,249.7458038330078,2.2312660217285156,249.7458038330078,2.2312660217285156,1057.0247802734375,0.0,60.48574447631836,0.5403885245323181,2.496337179734783,2.496337179734783,4.014915560161114,0.6217657986397621
174,3519232,13774,250.58494567871094,7.461763858795166,250.58494567871094,7.461763858795166,1057.0247802734375,0.0,60.6889762878418,1.807159662246704,2.496337179734783,2.496337179734783,4.014915560161114,0.6217657986397621
175,3539456,13854,10.473058700561523,0.03457316383719444,10.473058700561523,0.03457316383719444,1041.2620849609375,0.0,2.574859142303467,0.008500057272613049,2.496337179734783,2.496337179734783,4.014915560161114,0.6217657986397621
176,3559680,13933,10.489364624023438,0.031720418483018875,10.489364624023438,0.031720418483018875,1041.2620849609375,0.0,2.5788676738739014,0.0077986568212509155,2.496337179734783,2.496337179734783,4.014915560161114,0.6217657986397621
177,3579904,14012,10.386970520019531,0.006959222722798586,10.386970520019531,0.006959222722798586,1041.2620849609375,0.0,2.553694009780884,0.001711004413664341,2.496337179734783,2.496337179734783,4.014915560161114,0.6217657986397621
178,3600128,14091,248.8924102783203,3.9880192279815674,248.8924102783203,3.9880192279815674,1057.0247802734375,0.0,60.2790641784668,0.9658563733100891,2.496337179734783,2.496337179734783,4.014915560161114,0.6217657986397621
179,3620352,14171,10.437552452087402,0.013270127587020397,10.437552452087402,0.013270127587020397,1041.2620849609375,0.0,2.566129684448242,0.003262460697442293,2.496337179734783,2.496337179734783,4.014915560161114,0.6217657986397621
180,3640576,14250,248.79754638671875,1.0929471254348755,248.79754638671875,1.0929471254348755,1057.0247802734375,0.0,60.25608444213867,0.264699250459671,2.496337179734783,2.496337179734783,4.014915560161114,0.6217657986397621
181,3660800,14329,247.67515563964844,4.378538131713867,247.67515563964844,4.378538131713867,1057.0247802734375,0.0,59.984249114990234,1.060437798500061,2.496337179734783,2.496337179734783,4.014915560161114,0.6217657986397621
182,3681024,14408,10.427445411682129,0.006703890860080719,10.427445411682129,0.006703890860080719,1041.2620849609375,0.0,2.5636446475982666,0.0016482546925544739,2.496337179734783,2.496337179734783,4.014915560161114,0.6217657986397621
183,3701248,14488,10.433228492736816,0.05417362228035927,10.433228492736816,0.05417362228035927,1041.2620849609375,0.0,2.5650665760040283,0.013318882323801517,2.496337179734783,2.496337179734783,4.014915560161114,0.6217657986397621
184,3721472,14567,10.454193115234375,0.007567751687020063,10.454193115234375,0.007567751687020063,1041.2620849609375,0.0,2.570220947265625,0.0018605224322527647,2.496337179734783,2.496337179734783,4.014915560161114,0.6217657986397621
185,3741696,14645,247.8076629638672,2.9204788208007812,247.8076629638672,2.9204788208007812,1057.0247802734375,0.0,60.01634216308594,0.7073073983192444,2.496337179734783,2.496337179734783,4.014915560161114,0.6217657986397621
186,3761920,14724,252.2094268798828,3.1586272716522217,252.2094268798828,3.1586272716522217,1057.0247802734375,0.0,61.0823974609375,0.7649853229522705,2.496337179734783,2.496337179734783,4.014915560161114,0.6217657986397621
187,3782144,14803,247.9645538330078,1.1050301790237427,247.9645538330078,1.1050301790237427,1057.0247802734375,0.0,60.05434036254883,0.2676248550415039,2.496337179734783,2.496337179734783,4.014915560161114,0.6217657986397621
188,3802368,14883,246.06761169433594,1.5877524614334106,246.06761169433594,1.5877524614334106,1057.0247802734375,0.0,59.59492111206055,0.38453617691993713,2.496337179734783,2.496337179734783,4.014915560161114,0.6217657986397621
189,3822592,14962,250.76739501953125,3.7355146408081055,250.76739501953125,3.7355146408081055,1057.0247802734375,0.0,60.733154296875,0.9047024250030518,2.496337179734783,2.496337179734783,4.014915560161114,0.6217657986397621
190,3842816,15041,10.4339017868042,0.05649077892303467,10.4339017868042,0.05649077892303467,1041.2620849609375,0.0,2.565232038497925,0.01388863380998373,2.496337179734783,2.496337179734783,4.014915560161114,0.6217657986397621
191,3863040,15120,10.415154457092285,0.029455197975039482,10.415154457092285,0.029455197975039482,1041.2620849609375,0.0,2.5606231689453125,0.0072416807524859905,2.496337179734783,2.496337179734783,4.014915560161114,0.6217657986397621
192,3883264,15199,10.405738830566406,0.008201572112739086,10.405738830566406,0.008201572112739086,1041.2620849609375,0.0,2.5583078861236572,0.002016304759308696,2.496337179734783,2.496337179734783,4.014915560161114,0.6217657986397621
193,3903488,15278,10.4337739944458,0.044679682701826096,10.4337739944458,0.044679682701826096,1041.2620849609375,0.0,2.5652005672454834,0.010984804481267929,2.496337179734783,2.496337179734783,4.014915560161114,0.6217657986397621
194,3923712,15356,248.11399841308594,3.619558095932007,248.11399841308594,3.619558095932007,1057.0247802734375,0.0,60.09053039550781,0.8766188025474548,2.496337179734783,2.496337179734783,4.014915560161114,0.6217657986397621
195,3943936,15436,249.0114288330078,1.8989752531051636,249.0114288330078,1.8989752531051636,1057.0247802734375,0.0,60.30788040161133,0.45991137623786926,2.496337179734783,2.496337179734783,4.014915560161114,0.6217657986397621
196,3964160,15516,248.5878143310547,1.2750999927520752,248.5878143310547,1.2750999927520752,1057.0247802734375,0.0,60.205291748046875,0.3088156580924988,2.496337179734783,2.496337179734783,4.014915560161114,0.6217657986397621
197,3984384,15596,10.447869300842285,0.02329031378030777,10.447869300842285,0.02329031378030777,1041.2620849609375,0.0,2.5686662197113037,0.005726017523556948,2.496337179734783,2.496337179734783,4.014915560161114,0.6217657986397621
198,4004608,15674,10.502629280090332,0.05549502745270729,10.502629280090332,0.05549502745270729,1041.2620849609375,0.0,2.5821292400360107,0.013643811456859112,2.496337179734783,2.496337179734783,4.014915560161114,0.6217657986397621
199,4024832,15753,246.4993133544922,2.4062647819519043,246.4993133544922,2.4062647819519043,1057.0247802734375,0.0,59.6994743347168,0.582770824432373,2.496337179734783,2.496337179734783,4.014915560161114,0.6217657986397621
200,4045056,15832,249.32568359375,2.3710062503814697,249.32568359375,2.3710062503814697,1057.0247802734375,0.0,60.38399887084961,0.5742334127426147,2.496337179734783,2.496337179734783,4.014915560161114,0.6217657986397621
201,4065280,15912,249.2799835205078,1.4541804790496826,249.2799835205078,1.4541804790496826,1057.0247802734375,0.0,60.3729248046875,0.35218679904937744,2.496337179734783,2.496337179734783,4.014915560161114,0.6217657986397621
202,4085504,15992,10.444266319274902,0.04408903419971466,10.444266319274902,0.04408903419971466,1041.2620849609375,0.0,2.567779779434204,0.010839628055691719,2.496337179734783,2.496337179734783,4.014915560161114,0.6217657986397621
203,4105728,16071,10.44777774810791,0.017345154657959938,10.44777774810791,0.017345154657959938,1041.2620849609375,0.0,2.568643569946289,0.00426440266892314,2.496337179734783,2.496337179734783,4.014915560161114,0.6217657986397621
204,4125952,16150,10.444605827331543,0.06677337735891342,10.444605827331543,0.06677337735891342,1041.2620849609375,0.0,2.567863702774048,0.01641659066081047,2.496337179734783,2.496337179734783,4.014915560161114,0.6217657986397621
205,4146176,16229,10.446125030517578,0.012235653586685658,10.446125030517578,0.012235653586685658,1041.2620849609375,0.0,2.568237066268921,0.003008126048371196,2.496337179734783,2.496337179734783,4.014915560161114,0.6217657986397621
206,4166400,16309,10.472384452819824,0.033477187156677246,10.472384452819824,0.033477187156677246,1041.2620849609375,0.0,2.574693441390991,0.008230501785874367,2.496337179734783,2.496337179734783,4.014915560161114,0.6217657986397621
207,4186624,16387,10.397614479064941,0.025140946730971336,10.397614479064941,0.025140946730971336,1041.2620849609375,0.0,2.5563106536865234,0.006181100849062204,2.496337179734783,2.496337179734783,4.014915560161114,0.6217657986397621
208,4206848,16467,10.450287818908691,0.03226068615913391,10.450287818908691,0.03226068615913391,1041.2620849609375,0.0,2.569260597229004,0.00793150719255209,2.496337179734783,2.496337179734783,4.014915560161114,0.6217657986397621
209,4227072,16546,10.483777046203613,0.04267165809869766,10.483777046203613,0.04267165809869766,1041.2620849609375,0.0,2.5774943828582764,0.01049108151346445,2.496337179734783,2.496337179734783,4.014915560161114,0.6217657986397621
210,4247296,16626,10.441787719726562,0.023420415818691254,10.441787719726562,0.023420415818691254,1041.2620849609375,0.0,2.5671708583831787,0.00575806712731719,2.496337179734783,2.496337179734783,4.014915560161114,0.6217657986397621
211,4267520,16706,249.91363525390625,3.1597795486450195,249.91363525390625,3.1597795486450195,1057.0247802734375,0.0,60.52638626098633,0.7652627825737,2.496337179734783,2.496337179734783,4.014915560161114,0.6217657986397621
212,4287744,16785,10.476731300354004,0.007073243148624897,10.476731300354004,0.007073243148624897,1041.2620849609375,0.0,2.5757620334625244,0.0017390362918376923,2.496337179734783,2.496337179734783,4.014915560161114,0.6217657986397621
213,4307968,16863,10.445273399353027,0.039680417627096176,10.445273399353027,0.039680417627096176,1041.2620849609375,0.0,2.5680277347564697,0.009755684062838554,2.496337179734783,2.496337179734783,4.014915560161114,0.6217657986397621
214,4328192,16943,248.0077362060547,2.896454095840454,248.0077362060547,2.896454095840454,1057.0247802734375,0.0,60.06480026245117,0.7014887928962708,2.496337179734783,2.496337179734783,4.014915560161114,0.6217657986397621
215,4348416,17024,249.90199279785156,1.0630172491073608,249.90199279785156,1.0630172491073608,1057.0247802734375,0.0,60.5235710144043,0.2574522793292999,2.496337179734783,2.496337179734783,4.014915560161114,0.6217657986397621
216,4368640,17104,247.3439178466797,4.996006965637207,247.3439178466797,4.996006965637207,1057.0247802734375,0.0,59.90402603149414,1.2099798917770386,2.496337179734783,2.496337179734783,4.014915560161114,0.6217657986397621
217,4388864,17183,249.35430908203125,2.128909111022949,249.35430908203125,2.128909111022949,1057.0247802734375,0.0,60.390926361083984,0.5156012177467346,2.496337179734783,2.496337179734783,4.014915560161114,0.6217657986397621
218,4409088,17262,247.0552520751953,2.122948169708252,247.0552520751953,2.122948169708252,1057.0247802734375,0.0,59.83412170410156,0.5141531825065613,2.496337179734783,2.496337179734783,4.014915560161114,0.6217657986397621
219,4429312,17342,250.6711883544922,3.246652841567993,250.6711883544922,3.246652841567993,1057.0247802734375,0.0,60.70985794067383,0.7863067388534546,2.496337179734783,2.496337179734783,4.014915560161114,0.6217657986397621
220,4449536,17422,10.440491676330566,0.026940276846289635,10.440491676330566,0.026940276846289635,1041.2620849609375,0.0,2.566852331161499,0.006623466964811087,2.496337179734783,2.496337179734783,4.014915560161114,0.6217657986397621
221,4469760,17502,248.7779083251953,4.369204044342041,248.7779083251953,4.369204044342041,1057.0247802734375,0.0,60.25132751464844,1.0581750869750977,2.496337179734783,2.496337179734783,4.014915560161114,0.6217657986397621
222,4489984,17581,10.472046852111816,0.04609660431742668,10.472046852111816,0.04609660431742668,1041.2620849609375,0.0,2.574610471725464,0.011333147063851357,2.496337179734783,2.496337179734783,4.014915560161114,0.6217657986397621
223,4510208,17661,243.93408203125,1.6637026071548462,243.93408203125,1.6637026071548462,1057.0247802734375,0.0,59.07820510864258,0.40292760729789734,2.496337179734783,2.496337179734783,4.014915560161114,0.6217657986397621
224,4530432,17740,247.60743713378906,2.0306899547576904,247.60743713378906,2.0306899547576904,1057.0247802734375,0.0,59.96784973144531,0.4918103814125061,2.496337179734783,2.496337179734783,4.014915560161114,0.6217657986397621
225,4550656,17819,357.799072265625,3.2620887756347656,357.799072265625,3.2620887756347656,1027.818359375,0.0,89.1174545288086,0.8124898076057434,2.496337179734783,2.496337179734783,4.014915560161114,0.6217657986397621
226,4570880,17897,248.6499481201172,4.7910990715026855,248.6499481201172,4.7910990715026855,1057.0247802734375,0.0,60.2203369140625,1.1603525876998901,2.496337179734783,2.496337179734783,4.014915560161114,0.6217657986397621
227,4591104,17977,10.447368621826172,0.04564543068408966,10.447368621826172,0.04564543068408966,1041.2620849609375,0.0,2.568542957305908,0.011222301051020622,2.496337179734783,2.496337179734783,4.014915560161114,0.6217657986397621
228,4611328,18057,10.417902946472168,0.006781353615224361,10.417902946472168,0.006781353615224361,1041.2620849609375,0.0,2.561298370361328,0.0016672869678586721,2.496337179734783,2.496337179734783,4.014915560161114,0.6217657986397621
229,4631552,18137,10.477420806884766,0.09807254374027252,10.477420806884766,0.09807254374027252,1041.2620849609375,0.0,2.5759313106536865,0.024111641570925713,2.496337179734783,2.496337179734783,4.014915560161114,0.6217657986397621
230,4651776,18216,10.440442085266113,0.0345197468996048,10.440442085266113,0.0345197468996048,1041.2620849609375,0.0,2.566840171813965,0.00848692748695612,2.496337179734783,2.496337179734783,4.014915560161114,0.6217657986397621
231,4672000,18294,249.68603515625,2.014275074005127,249.68603515625,2.014275074005127,1057.0247802734375,0.0,60.47126388549805,0.487836629152298,2.496337179734783,2.496337179734783,4.014915560161114,0.6217657986397621
232,4692224,18373,248.8937530517578,1.4850794076919556,248.8937530517578,1.4850794076919556,1057.0247802734375,0.0,60.279388427734375,0.3596694767475128,2.496337179734783,2.496337179734783,4.014915560161114,0.6217657986397621
233,4712448,18453,10.42221450805664,0.05471241846680641,10.42221450805664,0.05471241846680641,1041.2620849609375,0.0,2.5623586177825928,0.013451442122459412,2.496337179734783,2.496337179734783,4.014915560161114,0.6217657986397621
234,4732672,18533,10.456116676330566,0.03163086622953415,10.456116676330566,0.03163086622953415,1041.2620849609375,0.0,2.5706939697265625,0.0077766249887645245,2.496337179734783,2.496337179734783,4.014915560161114,0.6217657986397621
235,4752896,18613,10.502689361572266,0.04767591506242752,10.502689361572266,0.04767591506242752,1041.2620849609375,0.0,2.582143783569336,0.011721380054950714,2.496337179734783,2.496337179734783,4.014915560161114,0.6217657986397621
236,4773120,18692,10.452132225036621,0.033774878829717636,10.452132225036621,0.033774878829717636,1041.2620849609375,0.0,2.569713830947876,0.008303745649755001,2.496337179734783,2.496337179734783,4.014915560161114,0.6217657986397621
237,4793344,18772,250.1268768310547,3.5431649684906006,250.1268768310547,3.5431649684906006,1057.0247802734375,0.0,60.57802963256836,0.8581167459487915,2.496337179734783,2.496337179734783,4.014915560161114,0.6217657986397621
238,4813568,18852,249.09149169921875,3.8177177906036377,249.09149169921875,3.8177177906036377,1057.0247802734375,0.0,60.3272705078125,0.9246107339859009,2.496337179734783,2.496337179734783,4.014915560161114,0.6217657986397621
239,4833792,18931,244.17279052734375,3.655019998550415,244.17279052734375,3.655019998550415,1057.0247802734375,0.0,59.136016845703125,0.8852053880691528,2.496337179734783,2.496337179734783,4.014915560161114,0.6217657986397621
240,4854016,19010,247.5734405517578,1.3573676347732544,247.5734405517578,1.3573676347732544,1057.0247802734375,0.0,59.959625244140625,0.3287397027015686,2.496337179734783,2.496337179734783,4.014915560161114,0.6217657986397621
241,4874240,19090,247.60765075683594,4.770222187042236,247.60765075683594,4.770222187042236,1057.0247802734375,0.0,59.967899322509766,1.155296802520752,2.496337179734783,2.496337179734783,4.014915560161114,0.6217657986397621
242,4894464,19170,10.447176933288574,0.07322472333908081,10.447176933288574,0.07322472333908081,1041.2620849609375,0.0,2.568495750427246,0.018002595752477646,2.496337179734783,2.496337179734783,4.014915560161114,0.6217657986397621
243,4914688,19250,361.7997131347656,3.419278144836426,361.7997131347656,3.419278144836426,1027.818359375,0.0,90.11389923095703,0.8516383171081543,2.496337179734783,2.496337179734783,4.014915560161114,0.6217657986397621
244,4934912,19329,243.8656768798828,2.8735265731811523,243.8656768798828,2.8735265731811523,1057.0247802734375,0.0,59.0616340637207,0.6959369778633118,2.496337179734783,2.496337179734783,4.014915560161114,0.6217657986397621
245,4955136,19408,10.47469425201416,0.04211941733956337,10.47469425201416,0.04211941733956337,1041.2620849609375,0.0,2.575261354446411,0.010355288162827492,2.496337179734783,2.496337179734783,4.014915560161114,0.6217657986397621
246,4975360,19487,10.421780586242676,0.01825745962560177,10.421780586242676,0.01825745962560177,1041.2620849609375,0.0,2.5622522830963135,0.004488672129809856,2.496337179734783,2.496337179734783,4.014915560161114,0.6217657986397621
247,4995584,19568,246.5888214111328,3.0368478298187256,246.5888214111328,3.0368478298187256,1057.0247802734375,0.0,59.721160888671875,0.7354922890663147,2.496337179734783,2.496337179734783,4.014915560161114,0.6217657986397621
248,5015808,19647,247.31837463378906,3.0463223457336426,247.31837463378906,3.0463223457336426,1057.0247802734375,0.0,59.89784240722656,0.737787127494812,2.496337179734783,2.496337179734783,4.014915560161114,0.6217657986397621
249,5036032,19726,248.4053497314453,1.862883448600769,248.4053497314453,1.862883448600769,1057.0247802734375,0.0,60.16109848022461,0.4511708617210388,2.496337179734783,2.496337179734783,4.014915560161114,0.6217657986397621
250,5056256,19805,251.7437286376953,5.176613807678223,251.7437286376953,5.176613807678223,1057.0247802734375,0.0,60.9696159362793,1.2537204027175903,2.496337179734783,2.496337179734783,4.014915560161114,0.6217657986397621
251,5076480,19884,10.410109519958496,0.0037381555885076523,10.410109519958496,0.0037381555885076523,1041.2620849609375,0.0,2.559382438659668,0.000919031910598278,2.496337179734783,2.496337179734783,4.014915560161114,0.6217657986397621
252,5096704,19963,10.4332857131958,0.046930860728025436,10.4332857131958,0.046930860728025436,1041.2620849609375,0.0,2.565080404281616,0.011538274586200714,2.496337179734783,2.496337179734783,4.014915560161114,0.6217657986397621
253,5116928,20043,249.9865264892578,5.618732929229736,249.9865264892578,5.618732929229736,1057.0247802734375,0.0,60.544036865234375,1.360796332359314,2.496337179734783,2.496337179734783,4.014915560161114,0.6217657986397621
254,5137152,20122,244.5934295654297,3.1711885929107666,244.5934295654297,3.1711885929107666,1057.0247802734375,0.0,59.23788833618164,0.7680260539054871,2.496337179734783,2.496337179734783,4.014915560161114,0.6217657986397621
255,5157376,20201,249.806640625,5.256636142730713,249.806640625,5.256636142730713,1057.0247802734375,0.0,60.5004768371582,1.2730998992919922,2.496337179734783,2.496337179734783,4.014915560161114,0.6217657986397621
256,5177600,20281,250.6966552734375,3.457758903503418,250.6966552734375,3.457758903503418,1057.0247802734375,0.0,60.71602249145508,0.8374304175376892,2.496337179734783,2.496337179734783,4.014915560161114,0.6217657986397621
257,5197824,20359,10.448871612548828,0.00953867007046938,10.448871612548828,0.00953867007046938,1041.2620849609375,0.0,2.5689122676849365,0.0023450793232768774,2.496337179734783,2.496337179734783,4.014915560161114,0.6217657986397621
258,5218048,20438,10.450207710266113,0.025181949138641357,10.450207710266113,0.025181949138641357,1041.2620849609375,0.0,2.5692412853240967,0.006191171705722809,2.496337179734783,2.496337179734783,4.014915560161114,0.6217657986397621
259,5238272,20517,244.49378967285156,3.9148383140563965,244.49378967285156,3.9148383140563965,1057.0247802734375,0.0,59.21376419067383,0.9481312036514282,2.496337179734783,2.496337179734783,4.014915560161114,0.6217657986397621
260,5258496,20597,360.515869140625,2.601428985595703,360.515869140625,2.601428985595703,1027.818359375,0.0,89.79412841796875,0.6479395031929016,2.496337179734783,2.496337179734783,4.014915560161114,0.6217657986397621
261,5278720,20677,363.306640625,5.612844467163086,363.306640625,5.612844467163086,1027.818359375,0.0,90.4892349243164,1.3979953527450562,2.496337179734783,2.496337179734783,4.014915560161114,0.6217657986397621
262,5298944,20756,363.2549743652344,3.236285448074341,363.2549743652344,3.236285448074341,1027.818359375,0.0,90.47637176513672,0.8060675859451294,2.565753154399905,2.565753154399905,4.014915560161114,0.6390553215761638
263,5319168,20835,10.450424194335938,0.04402961954474449,10.450424194335938,0.04402961954474449,1041.2620849609375,0.0,2.5692942142486572,0.010825008153915405,2.565753154399905,2.565753154399905,4.014915560161114,0.6390553215761638
264,5339392,20914,250.59454345703125,2.223810911178589,250.59454345703125,2.223810911178589,1057.0247802734375,0.0,60.6912956237793,0.5385836362838745,2.565753154399905,2.565753154399905,4.014915560161114,0.6390553215761638
265,5359616,20993,249.5492401123047,2.4437313079833984,249.5492401123047,2.4437313079833984,1057.0247802734375,0.0,60.43813705444336,0.5918444395065308,2.565753154399905,2.565753154399905,4.014915560161114,0.6390553215761638
266,5379840,21073,249.2763671875,2.409775733947754,249.2763671875,2.409775733947754,1057.0247802734375,0.0,60.37204360961914,0.5836213827133179,2.565753154399905,2.565753154399905,4.014915560161114,0.6390553215761638
267,5400064,21152,250.13140869140625,2.2645297050476074,250.13140869140625,2.2645297050476074,1057.0247802734375,0.0,60.579132080078125,0.5484456419944763,2.565753154399905,2.565753154399905,4.014915560161114,0.6390553215761638
268,5420288,21231,248.79136657714844,3.754382848739624,248.79136657714844,3.754382848739624,1057.0247802734375,0.0,60.25458908081055,0.909270703792572,2.565753154399905,2.565753154399905,4.014915560161114,0.6390553215761638
269,5440512,21311,245.6161651611328,7.244320392608643,245.6161651611328,7.244320392608643,1057.0247802734375,0.0,59.485591888427734,1.7544974088668823,2.565753154399905,2.565753154399905,4.014915560161114,0.6390553215761638
270,5460736,21390,250.2260284423828,4.619368076324463,250.2260284423828,4.619368076324463,1057.0247802734375,0.0,60.6020393371582,1.1187611818313599,2.565753154399905,2.565753154399905,4.014915560161114,0.6390553215761638
271,5480960,21469,10.443535804748535,0.051765646785497665,10.443535804748535,0.051765646785497665,1041.2620849609375,0.0,2.5676004886627197,0.012726954184472561,2.565753154399905,2.565753154399905,4.014915560161114,0.6390553215761638
272,5501184,21548,10.419021606445312,0.033843860030174255,10.419021606445312,0.033843860030174255,1041.2620849609375,0.0,2.5615737438201904,0.008320653811097145,2.565753154399905,2.565753154399905,4.014915560161114,0.6390553215761638
273,5521408,21628,251.35169982910156,4.621298313140869,251.35169982910156,4.621298313140869,1057.0247802734375,0.0,60.87467575073242,1.1192269325256348,2.565753154399905,2.565753154399905,4.014915560161114,0.6390553215761638
274,5541632,21709,248.1603240966797,3.7886760234832764,248.1603240966797,3.7886760234832764,1057.0247802734375,0.0,60.101749420166016,0.9175769090652466,2.565753154399905,2.565753154399905,4.014915560161114,0.6390553215761638
275,5561856,21789,246.3873291015625,4.803076267242432,246.3873291015625,4.803076267242432,1057.0247802734375,0.0,59.6723518371582,1.1632534265518188,2.565753154399905,2.565753154399905,4.014915560161114,0.6390553215761638
276,5582080,21868,246.7464599609375,4.131350040435791,246.7464599609375,4.131350040435791,1057.0247802734375,0.0,59.75932693481445,1.0005682706832886,2.565753154399905,2.565753154399905,4.014915560161114,0.6390553215761638
277,5602304,21947,249.97764587402344,3.411318302154541,249.97764587402344,3.411318302154541,1057.0247802734375,0.0,60.54188537597656,0.8261836767196655,2.565753154399905,2.565753154399905,4.014915560161114,0.6390553215761638
278,5622528,22026,247.5940399169922,3.019167184829712,247.5940399169922,3.019167184829712,1057.0247802734375,0.0,59.964599609375,0.7312097549438477,2.565753154399905,2.565753154399905,4.014915560161114,0.6390553215761638
279,5642752,22106,248.16172790527344,1.3709862232208252,248.16172790527344,1.3709862232208252,1057.0247802734375,0.0,60.10209274291992,0.3320399522781372,2.565753154399905,2.565753154399905,4.014915560161114,0.6390553215761638
280,5662976,22186,360.4974060058594,1.8407694101333618,360.4974060058594,1.8407694101333618,1027.818359375,0.0,89.7895278930664,0.458484023809433,2.590988743331747,2.590988743331747,4.014915560161114,0.6453407810219983
281,5683200,22265,250.7562255859375,1.8082456588745117,250.7562255859375,1.8082456588745117,1057.0247802734375,0.0,60.7304573059082,0.4379380941390991,2.590988743331747,2.590988743331747,4.014915560161114,0.6453407810219983
282,5703424,22344,251.7677001953125,4.834853172302246,251.7677001953125,4.834853172302246,1057.0247802734375,0.0,60.97542953491211,1.1709493398666382,2.590988743331747,2.590988743331747,4.014915560161114,0.6453407810219983
283,5723648,22423,361.83203125,4.9344282150268555,361.83203125,4.9344282150268555,1027.818359375,0.0,90.1219482421875,1.2290245294570923,2.590988743331747,2.590988743331747,4.014915560161114,0.6453407810219983
284,5743872,22502,247.18345642089844,4.507380962371826,247.18345642089844,4.507380962371826,1057.0247802734375,0.0,59.86516189575195,1.0916383266448975,2.590988743331747,2.590988743331747,4.014915560161114,0.6453407810219983
285,5764096,22581,249.71435546875,1.8616058826446533,249.71435546875,1.8616058826446533,1057.0247802734375,0.0,60.47813034057617,0.45086050033569336,2.590988743331747,2.590988743331747,4.014915560161114,0.6453407810219983
286,5784320,22660,249.871337890625,4.131264686584473,249.871337890625,4.131264686584473,1057.0247802734375,0.0,60.51613998413086,1.0005478858947754,2.590988743331747,2.590988743331747,4.014915560161114,0.6453407810219983
287,5804544,22740,362.6082763671875,4.582433700561523,362.6082763671875,4.582433700561523,1027.818359375,0.0,90.3152847290039,1.1413477659225464,2.590988743331747,2.590988743331747,4.014915560161114,0.6453407810219983
288,5824768,22820,250.03680419921875,4.408079147338867,250.03680419921875,4.408079147338867,1057.0247802734375,0.0,60.556217193603516,1.0675889253616333,2.590988743331747,2.590988743331747,4.014915560161114,0.6453407810219983
289,5844992,22899,250.6209259033203,4.997023105621338,250.6209259033203,4.997023105621338,1057.0247802734375,0.0,60.697689056396484,1.2102257013320923,2.590988743331747,2.590988743331747,4.014915560161114,0.6453407810219983
290,5865216,22978,246.7610321044922,2.812117338180542,246.7610321044922,2.812117338180542,1057.0247802734375,0.0,59.76285934448242,0.6810620427131653,2.590988743331747,2.590988743331747,4.014915560161114,0.6453407810219983
291,5885440,23057,10.443629264831543,0.04429735615849495,10.443629264831543,0.04429735615849495,1041.2620849609375,0.0,2.5676233768463135,0.010890686884522438,2.590988743331747,2.590988743331747,4.014915560161114,0.6453407810219983
292,5905664,23138,246.98194885253906,0.8882233500480652,246.98194885253906,0.8882233500480652,1057.0247802734375,0.0,59.81636428833008,0.2151181548833847,2.590988743331747,2.590988743331747,4.014915560161114,0.6453407810219983
293,5925888,23217,247.558349609375,4.064255714416504,247.558349609375,4.064255714416504,1057.0247802734375,0.0,59.955963134765625,0.98431795835495,2.590988743331747,2.590988743331747,4.014915560161114,0.6453407810219983
294,5946112,23296,250.42601013183594,1.5673718452453613,250.42601013183594,1.5673718452453613,1057.0247802734375,0.0,60.65047836303711,0.3796005845069885,2.590988743331747,2.590988743331747,4.014915560161114,0.6453407810219983
295,5966336,23376,247.4765167236328,1.290628433227539,247.4765167236328,1.290628433227539,1057.0247802734375,0.0,59.9361457824707,0.3125781714916229,2.590988743331747,2.590988743331747,4.014915560161114,0.6453407810219983
296,5986560,23455,250.47340393066406,3.250903606414795,250.47340393066406,3.250903606414795,1057.0247802734375,0.0,60.661956787109375,0.7873332500457764,2.590988743331747,2.590988743331747,4.014915560161114,0.6453407810219983
297,6006784,23534,363.2632751464844,1.2201735973358154,363.2632751464844,1.2201735973358154,1027.818359375,0.0,90.47843170166016,0.3039075434207916,2.590988743331747,2.590988743331747,4.014915560161114,0.6453407810219983
298,6027008,23613,251.30592346191406,4.488589763641357,251.30592346191406,4.488589763641357,1057.0247802734375,0.0,60.863582611083984,1.087087631225586,2.590988743331747,2.590988743331747,4.014915560161114,0.6453407810219983
299,6047232,23693,253.6636962890625,4.555214881896973,253.6636962890625,4.555214881896973,1057.0247802734375,0.0,61.43461227416992,1.1032274961471558,2.590988743331747,2.590988743331747,4.014915560161114,0.6453407810219983
300,6067456,23773,247.8957977294922,3.796071767807007,247.8957977294922,3.796071767807007,1057.0247802734375,0.0,60.037689208984375,0.9193688035011292,2.590988743331747,2.590988743331747,4.014915560161114,0.6453407810219983
301,6087680,23853,248.2795867919922,5.124339580535889,248.2795867919922,5.124339580535889,1057.0247802734375,0.0,60.13063430786133,1.2410591840744019,2.590988743331747,2.590988743331747,4.014915560161114,0.6453407810219983
302,6107904,23932,249.5662841796875,4.831954479217529,249.5662841796875,4.831954479217529,1057.0247802734375,0.0,60.4422607421875,1.1702483892440796,2.590988743331747,2.590988743331747,4.014915560161114,0.6453407810219983
303,6128128,24011,10.401084899902344,0.03894250839948654,10.401084899902344,0.03894250839948654,1041.2620849609375,0.0,2.557163953781128,0.00957430712878704,2.590988743331747,2.590988743331747,4.014915560161114,0.6453407810219983
304,6148352,24089,10.462725639343262,0.03963391110301018,10.462725639343262,0.03963391110301018,1041.2620849609375,0.0,2.5723187923431396,0.009744230657815933,2.590988743331747,2.590988743331747,4.014915560161114,0.6453407810219983
305,6168576,24169,245.5316162109375,3.8441848754882812,245.5316162109375,3.8441848754882812,1057.0247802734375,0.0,59.46511459350586,0.9310182929039001,2.590988743331747,2.590988743331747,4.014915560161114,0.6453407810219983
306,6188800,24249,247.61729431152344,3.8075716495513916,247.61729431152344,3.8075716495513916,1057.0247802734375,0.0,59.97023391723633,0.9221539497375488,2.590988743331747,2.590988743331747,4.014915560161114,0.6453407810219983
307,6209024,24327,10.444915771484375,0.044774897396564484,10.444915771484375,0.044774897396564484,1041.2620849609375,0.0,2.5679397583007812,0.011008238419890404,2.590988743331747,2.590988743331747,4.014915560161114,0.6453407810219983
308,6229248,24406,10.429637908935547,0.012440222315490246,10.429637908935547,0.012440222315490246,1041.2620849609375,0.0,2.5641839504241943,0.0030585387721657753,2.590988743331747,2.590988743331747,4.014915560161114,0.6453407810219983
309,6249472,24485,10.440391540527344,0.012557629495859146,10.440391540527344,0.012557629495859146,1041.2620849609375,0.0,2.5668275356292725,0.00308725843206048,2.590988743331747,2.590988743331747,4.014915560161114,0.6453407810219983
310,6269696,24564,253.1990509033203,2.840158224105835,253.1990509033203,2.840158224105835,1057.0247802734375,0.0,61.32208251953125,0.6878558993339539,2.590988743331747,2.590988743331747,4.014915560161114,0.6453407810219983
311,6289920,24643,10.440518379211426,0.030988795682787895,10.440518379211426,0.030988795682787895,1041.2620849609375,0.0,2.566859006881714,0.007618871983140707,2.590988743331747,2.590988743331747,4.014915560161114,0.6453407810219983
312,6310144,24723,358.8980712890625,5.593240737915039,358.8980712890625,5.593240737915039,1027.818359375,0.0,89.39119720458984,1.393117070198059,2.590988743331747,2.590988743331747,4.014915560161114,0.6453407810219983
313,6330368,24802,362.578125,5.035400390625,362.578125,5.035400390625,1027.818359375,0.0,90.30777740478516,1.254176378250122,2.598230932617274,2.598230932617274,4.014915560161114,0.6471446020929541
314,6350592,24881,253.3787078857422,3.759859800338745,253.3787078857422,3.759859800338745,1057.0247802734375,0.0,61.36558532714844,0.9105995297431946,2.598230932617274,2.598230932617274,4.014915560161114,0.6471446020929541
315,6370816,24961,361.8138732910156,3.7129406929016113,361.8138732910156,3.7129406929016113,1027.818359375,0.0,90.117431640625,0.9247899055480957,2.598230932617274,2.598230932617274,4.014915560161114,0.6471446020929541
316,6391040,25041,359.0602722167969,3.994117259979248,359.0602722167969,3.994117259979248,1027.818359375,0.0,89.43158721923828,0.9948236346244812,2.598230932617274,2.598230932617274,4.014915560161114,0.6471446020929541
317,6411264,25120,360.9116516113281,6.154553413391113,360.9116516113281,6.154553413391113,1027.818359375,0.0,89.8927230834961,1.5329257249832153,2.685737811406751,2.685737811406751,4.014915560161114,0.6689400489655567
318,6431488,25200,246.51499938964844,1.6202284097671509,246.51499938964844,1.6202284097671509,1057.0247802734375,0.0,59.70327377319336,0.39240097999572754,2.685737811406751,2.685737811406751,4.014915560161114,0.6689400489655567
319,6451712,25280,248.8203887939453,3.068896770477295,248.8203887939453,3.068896770477295,1057.0247802734375,0.0,60.26161193847656,0.7432557940483093,2.685737811406751,2.685737811406751,4.014915560161114,0.6689400489655567
320,6471936,25360,10.466217994689941,0.045875754207372665,10.466217994689941,0.045875754207372665,1041.2620849609375,0.0,2.5731770992279053,0.011278846301138401,2.685737811406751,2.685737811406751,4.014915560161114,0.6689400489655567
321,6492160,25438,10.443187713623047,0.01544970367103815,10.443187713623047,0.01544970367103815,1041.2620849609375,0.0,2.5675151348114014,0.0037984615191817284,2.685737811406751,2.685737811406751,4.014915560161114,0.6689400489655567
322,6512384,25517,246.28797912597656,6.683158874511719,246.28797912597656,6.683158874511719,1057.0247802734375,0.0,59.64829635620117,1.61859130859375,2.685737811406751,2.685737811406751,4.014915560161114,0.6689400489655567
323,6532608,25597,365.4619445800781,7.583028316497803,365.4619445800781,7.583028316497803,1027.818359375,0.0,91.02606201171875,1.8887149095535278,2.694140438741918,2.694140438741918,4.014915560161114,0.6710329017813279
324,6552832,25677,359.4362487792969,0.8351566791534424,359.4362487792969,0.8351566791534424,1027.818359375,0.0,89.52523040771484,0.20801471173763275,2.694140438741918,2.694140438741918,4.014915560161114,0.6710329017813279
325,6573056,25758,360.8601379394531,4.235754013061523,360.8601379394531,4.235754013061523,1027.818359375,0.0,89.8798828125,1.0550047159194946,2.694140438741918,2.694140438741918,4.014915560161114,0.6710329017813279
326,6593280,25837,10.466880798339844,0.0350661501288414,10.466880798339844,0.0350661501288414,1041.2620849609375,0.0,2.5733401775360107,0.008621156215667725,2.694140438741918,2.694140438741918,4.014915560161114,0.6710329017813279
327,6613504,25916,251.1273651123047,2.576267957687378,251.1273651123047,2.576267957687378,1057.0247802734375,0.0,60.82033157348633,0.6239442825317383,2.694140438741918,2.694140438741918,4.014915560161114,0.6710329017813279
328,6633728,25996,246.2793731689453,3.6615219116210938,246.2793731689453,3.6615219116210938,1057.0247802734375,0.0,59.646209716796875,0.886780321598053,2.694140438741918,2.694140438741918,4.014915560161114,0.6710329017813279
329,6653952,26076,248.33204650878906,4.615062713623047,248.33204650878906,4.615062713623047,1057.0247802734375,0.0,60.14334487915039,1.1177176237106323,2.694140438741918,2.694140438741918,4.014915560161114,0.6710329017813279
330,6674176,26155,245.6025848388672,4.788870334625244,245.6025848388672,4.788870334625244,1057.0247802734375,0.0,59.4822998046875,1.159813404083252,2.694140438741918,2.694140438741918,4.014915560161114,0.6710329017813279
331,6694400,26235,250.28155517578125,3.064908742904663,250.28155517578125,3.064908742904663,1057.0247802734375,0.0,60.6154899597168,0.7422884702682495,2.694140438741918,2.694140438741918,4.014915560161114,0.6710329017813279
332,6714624,26314,244.10853576660156,2.05446195602417,244.10853576660156,2.05446195602417,1057.0247802734375,0.0,59.120452880859375,0.497565895318985,2.694140438741918,2.694140438741918,4.014915560161114,0.6710329017813279
333,6734848,26394,246.9705047607422,5.487397193908691,246.9705047607422,5.487397193908691,1057.0247802734375,0.0,59.813594818115234,1.328987956047058,2.694140438741918,2.694140438741918,4.014915560161114,0.6710329017813279
334,6755072,26473,250.56251525878906,2.4033820629119873,250.56251525878906,2.4033820629119873,1057.0247802734375,0.0,60.68354415893555,0.5820729732513428,2.694140438741918,2.694140438741918,4.014915560161114,0.6710329017813279
335,6775296,26552,361.2608947753906,5.072405815124512,361.2608947753906,5.072405815124512,1027.818359375,0.0,89.97970581054688,1.2633922100067139,2.694140438741918,2.694140438741918,4.014915560161114,0.6710329017813279
336,6795520,26631,249.10211181640625,2.0015554428100586,249.10211181640625,2.0015554428100586,1057.0247802734375,0.0,60.3298454284668,0.4847556948661804,2.694140438741918,2.694140438741918,4.014915560161114,0.6710329017813279
337,6815744,26740,249.13763427734375,2.8148791790008545,249.13763427734375,2.8148791790008545,1057.0247802734375,0.0,60.338443756103516,0.6817311644554138,2.694140438741918,2.694140438741918,4.014915560161114,0.6710329017813279
338,6835968,26820,251.334228515625,5.439026832580566,251.334228515625,5.439026832580566,1057.0247802734375,0.0,60.87044143676758,1.3172738552093506,2.694140438741918,2.694140438741918,4.014915560161114,0.6710329017813279
339,6856192,26898,248.5034942626953,2.7536733150482178,248.5034942626953,2.7536733150482178,1057.0247802734375,0.0,60.18486404418945,0.6669108271598816,2.694140438741918,2.694140438741918,4.014915560161114,0.6710329017813279
340,6876416,26977,249.96197509765625,0.2847726047039032,249.96197509765625,0.2847726047039032,1057.0247802734375,0.0,60.5380973815918,0.06897030770778656,2.694140438741918,2.694140438741918,4.014915560161114,0.6710329017813279
341,6896640,27057,364.8646545410156,2.8549726009368896,364.8646545410156,2.8549726009368896,1027.818359375,0.0,90.8772964477539,0.7110927700996399,2.694140438741918,2.694140438741918,4.014915560161114,0.6710329017813279
342,6916864,27136,359.0921325683594,4.063631534576416,359.0921325683594,4.063631534576416,1027.818359375,0.0,89.43951416015625,1.0121314525604248,2.694140438741918,2.694140438741918,4.014915560161114,0.6710329017813279
343,6937088,27215,364.688232421875,3.778616189956665,364.688232421875,3.778616189956665,1027.818359375,0.0,90.83336639404297,0.9411429166793823,2.694140438741918,2.694140438741918,4.014915560161114,0.6710329017813279
344,6957312,27294,248.1443328857422,2.801321268081665,248.1443328857422,2.801321268081665,1057.0247802734375,0.0,60.09788131713867,0.678450882434845,2.694140438741918,2.694140438741918,4.014915560161114,0.6710329017813279
345,6977536,27373,247.07537841796875,2.115509510040283,247.07537841796875,2.115509510040283,1057.0247802734375,0.0,59.838993072509766,0.5123535990715027,2.694140438741918,2.694140438741918,4.014915560161114,0.6710329017813279
346,6997760,27454,248.04847717285156,2.6559998989105225,248.04847717285156,2.6559998989105225,1057.0247802734375,0.0,60.07466506958008,0.6432550549507141,2.694140438741918,2.694140438741918,4.014915560161114,0.6710329017813279
347,7017984,27533,359.7051696777344,2.2926506996154785,359.7051696777344,2.2926506996154785,1027.818359375,0.0,89.59221649169922,0.5710338950157166,2.694140438741918,2.694140438741918,4.014915560161114,0.6710329017813279
348,7038208,27612,363.3581848144531,1.523736834526062,363.3581848144531,1.523736834526062,1027.818359375,0.0,90.5020751953125,0.3795178234577179,2.694140438741918,2.694140438741918,4.014915560161114,0.6710329017813279
349,7058432,27691,364.3930969238281,4.83596658706665,364.3930969238281,4.83596658706665,1027.818359375,0.0,90.75984954833984,1.2044999599456787,2.694140438741918,2.694140438741918,4.014915560161114,0.6710329017813279
350,7078656,27772,360.1353454589844,2.665067672729492,360.1353454589844,2.665067672729492,1027.818359375,0.0,89.69934844970703,0.6637886762619019,2.694140438741918,2.694140438741918,4.014915560161114,0.6710329017813279
351,7098880,27851,362.3216247558594,5.191314697265625,362.3216247558594,5.191314697265625,1027.818359375,0.0,90.243896484375,1.2930052280426025,2.694140438741918,2.694140438741918,4.014915560161114,0.6710329017813279
352,7119104,27930,361.718017578125,2.7906010150909424,361.718017578125,2.7906010150909424,1027.818359375,0.0,90.09355926513672,0.6950569748878479,2.694140438741918,2.694140438741918,4.014915560161114,0.6710329017813279
353,7139328,28009,358.6897277832031,4.383364200592041,358.6897277832031,4.383364200592041,1027.818359375,0.0,89.33929443359375,1.0917723178863525,2.694140438741918,2.694140438741918,4.014915560161114,0.6710329017813279
354,7159552,28088,245.90989685058594,5.29126501083374,245.90989685058594,5.29126501083374,1057.0247802734375,0.0,59.55672073364258,1.2814871072769165,2.694140438741918,2.694140438741918,4.014915560161114,0.6710329017813279
355,7179776,28168,246.45603942871094,8.449371337890625,246.45603942871094,8.449371337890625,1057.0247802734375,0.0,59.688995361328125,2.0463473796844482,2.694140438741918,2.694140438741918,4.014915560161114,0.6710329017813279
356,7200000,28247,247.47450256347656,5.266989231109619,247.47450256347656,5.266989231109619,1057.0247802734375,0.0,59.9356575012207,1.2756074666976929,2.694140438741918,2.694140438741918,4.014915560161114,0.6710329017813279
357,7220224,28326,360.8089904785156,1.8633670806884766,360.8089904785156,1.8633670806884766,1027.818359375,0.0,89.86714935302734,0.46410977840423584,2.694140438741918,2.694140438741918,4.014915560161114,0.6710329017813279
358,7240448,28405,360.9604187011719,3.777620553970337,360.9604187011719,3.777620553970337,1027.818359375,0.0,89.90485382080078,0.9408981800079346,2.694140438741918,2.694140438741918,4.014915560161114,0.6710329017813279
359,7260672,28485,364.14208984375,3.6696839332580566,364.14208984375,3.6696839332580566,1027.818359375,0.0,90.69731903076172,0.9140163660049438,2.694140438741918,2.694140438741918,4.014915560161114,0.6710329017813279
360,7280896,28564,360.1365966796875,4.6476616859436035,360.1365966796875,4.6476616859436035,1027.818359375,0.0,89.69966888427734,1.1576032638549805,2.694140438741918,2.694140438741918,4.014915560161114,0.6710329017813279
361,7301120,28642,245.686279296875,1.7233338356018066,245.686279296875,1.7233338356018066,1057.0247802734375,0.0,59.502567291259766,0.41737115383148193,2.694140438741918,2.694140438741918,4.014915560161114,0.6710329017813279
362,7321344,28721,356.8490295410156,2.3205201625823975,356.8490295410156,2.3205201625823975,1027.818359375,0.0,88.88082885742188,0.5779757499694824,2.694140438741918,2.694140438741918,4.014915560161114,0.6710329017813279
363,7341568,28801,361.5438537597656,4.483917713165283,361.5438537597656,4.483917713165283,1027.818359375,0.0,90.05017852783203,1.1168121099472046,2.694140438741918,2.694140438741918,4.014915560161114,0.6710329017813279
364,7361792,28880,360.5888671875,3.5691099166870117,360.5888671875,3.5691099166870117,1027.818359375,0.0,89.81231689453125,0.8889614939689636,2.694140438741918,2.694140438741918,4.014915560161114,0.6710329017813279
365,7382016,28959,359.2517395019531,2.980628728866577,359.2517395019531,2.980628728866577,1027.818359375,0.0,89.47927856445312,0.7423892021179199,2.694140438741918,2.694140438741918,4.014915560161114,0.6710329017813279
366,7402240,29037,248.96385192871094,5.580194473266602,248.96385192871094,5.580194473266602,1057.0247802734375,0.0,60.29636001586914,1.3514628410339355,2.694140438741918,2.694140438741918,4.014915560161114,0.6710329017813279
367,7422464,29116,246.1241912841797,0.48972296714782715,246.1241912841797,0.48972296714782715,1057.0247802734375,0.0,59.60862350463867,0.11860651522874832,2.694140438741918,2.694140438741918,4.014915560161114,0.6710329017813279
368,7442688,29195,10.44044017791748,0.07304178178310394,10.44044017791748,0.07304178178310394,1041.2620849609375,0.0,2.5668394565582275,0.017957687377929688,2.694140438741918,2.694140438741918,4.014915560161114,0.6710329017813279
369,7462912,29274,247.6678009033203,1.1580173969268799,247.6678009033203,1.1580173969268799,1057.0247802734375,0.0,59.98247146606445,0.2804596424102783,2.694140438741918,2.694140438741918,4.014915560161114,0.6710329017813279
370,7483136,29353,248.9438934326172,0.9201561808586121,248.9438934326172,0.9201561808586121,1057.0247802734375,0.0,60.29152297973633,0.22285133600234985,2.694140438741918,2.694140438741918,4.014915560161114,0.6710329017813279
371,7503360,29432,360.6573486328125,3.4851233959198,360.6573486328125,3.4851233959198,1027.818359375,0.0,89.82937622070312,0.8680451512336731,2.694140438741918,2.694140438741918,4.014915560161114,0.6710329017813279
372,7523584,29511,363.8457336425781,1.65111243724823,363.8457336425781,1.65111243724823,1027.818359375,0.0,90.6235122680664,0.4112446904182434,2.694140438741918,2.694140438741918,4.014915560161114,0.6710329017813279
373,7543808,29590,358.914794921875,4.351988315582275,358.914794921875,4.351988315582275,1027.818359375,0.0,89.39534759521484,1.0839555263519287,2.694140438741918,2.694140438741918,4.014915560161114,0.6710329017813279
374,7564032,29668,361.0413513183594,7.6524481773376465,361.0413513183594,7.6524481773376465,1027.818359375,0.0,89.92501831054688,1.906010627746582,2.694140438741918,2.694140438741918,4.014915560161114,0.6710329017813279
375,7584256,29746,364.2095031738281,6.639975070953369,364.2095031738281,6.639975070953369,1027.818359375,0.0,90.714111328125,1.6538318395614624,2.694140438741918,2.694140438741918,4.014915560161114,0.6710329017813279
376,7604480,29825,362.8735656738281,2.8209428787231445,362.8735656738281,2.8209428787231445,1027.818359375,0.0,90.38137817382812,0.7026143670082092,2.694140438741918,2.694140438741918,4.014915560161114,0.6710329017813279
377,7624704,29904,356.9032897949219,4.661250114440918,356.9032897949219,4.661250114440918,1027.818359375,0.0,88.89434814453125,1.1609798669815063,2.802499242881734,2.802499242881734,4.014915560161114,0.6980219635725721
378,7644928,29983,362.0677185058594,4.4986162185668945,362.0677185058594,4.4986162185668945,1027.818359375,0.0,90.1806411743164,1.1204771995544434,2.802499242881734,2.802499242881734,4.014915560161114,0.6980219635725721
379,7665152,30061,360.6646728515625,2.724489212036133,360.6646728515625,2.724489212036133,1027.818359375,0.0,89.8311996459961,0.6785930395126343,2.802499242881734,2.802499242881734,4.014915560161114,0.6980219635725721
380,7685376,30139,358.1771545410156,6.1238203048706055,358.1771545410156,6.1238203048706055,1027.818359375,0.0,89.21163177490234,1.525267481803894,2.802499242881734,2.802499242881734,4.014915560161114,0.6980219635725721
381,7705600,30218,363.1472473144531,5.655309677124023,363.1472473144531,5.655309677124023,1027.818359375,0.0,90.44953155517578,1.4085729122161865,2.802499242881734,2.802499242881734,4.014915560161114,0.6980219635725721
382,7725824,30296,359.2342834472656,3.4991650581359863,359.2342834472656,3.4991650581359863,1027.818359375,0.0,89.47492218017578,0.8715460896492004,2.802499242881734,2.802499242881734,4.014915560161114,0.6980219635725721
383,7746048,30375,251.29779052734375,3.1774003505706787,251.29779052734375,3.1774003505706787,1057.0247802734375,0.0,60.86161804199219,0.769531786441803,2.802499242881734,2.802499242881734,4.014915560161114,0.6980219635725721
384,7766272,30453,251.1679229736328,1.81605863571167,251.1679229736328,1.81605863571167,1057.0247802734375,0.0,60.83016586303711,0.43982985615730286,2.802499242881734,2.802499242881734,4.014915560161114,0.6980219635725721
385,7786496,30531,249.473388671875,1.6443272829055786,249.473388671875,1.6443272829055786,1057.0247802734375,0.0,60.41976547241211,0.39823997020721436,2.802499242881734,2.802499242881734,4.014915560161114,0.6980219635725721
386,7806720,30610,245.8422393798828,1.5639228820800781,245.8422393798828,1.5639228820800781,1057.0247802734375,0.0,59.540340423583984,0.3787654936313629,2.802499242881734,2.802499242881734,4.014915560161114,0.6980219635725721
387,7826944,30688,249.3487091064453,2.030674934387207,249.3487091064453,2.030674934387207,1057.0247802734375,0.0,60.38957214355469,0.49180760979652405,2.802499242881734,2.802499242881734,4.014915560161114,0.6980219635725721
388,7847168,30766,363.7376403808594,3.393498182296753,363.7376403808594,3.393498182296753,1027.818359375,0.0,90.5965805053711,0.8452221155166626,2.802499242881734,2.802499242881734,4.014915560161114,0.6980219635725721
389,7867392,30844,10.465901374816895,0.013542522676289082,10.465901374816895,0.013542522676289082,1041.2620849609375,0.0,2.573099374771118,0.0033295536413788795,2.802499242881734,2.802499242881734,4.014915560161114,0.6980219635725721
390,7887616,30922,250.514404296875,5.278499126434326,250.514404296875,5.278499126434326,1057.0247802734375,0.0,60.671878814697266,1.27839195728302,2.802499242881734,2.802499242881734,4.014915560161114,0.6980219635725721
391,7907840,31000,365.8028869628906,7.84858512878418,365.8028869628906,7.84858512878418,1027.818359375,0.0,91.1109848022461,1.9548590183258057,2.802499242881734,2.802499242881734,4.014915560161114,0.6980219635725721
392,7928064,31079,250.0410919189453,1.344650149345398,250.0410919189453,1.344650149345398,1057.0247802734375,0.0,60.5572509765625,0.3256603181362152,2.802499242881734,2.802499242881734,4.014915560161114,0.6980219635725721
393,7948288,31157,246.2900390625,2.484576463699341,246.2900390625,2.484576463699341,1057.0247802734375,0.0,59.6487922668457,0.6017364859580994,2.802499242881734,2.802499242881734,4.014915560161114,0.6980219635725721
394,7968512,31235,251.6111602783203,0.6748511791229248,251.6111602783203,0.6748511791229248,1057.0247802734375,0.0,60.9375114440918,0.1634403020143509,2.802499242881734,2.802499242881734,4.014915560161114,0.6980219635725721
395,7988736,31313,246.8991241455078,4.844261646270752,246.8991241455078,4.844261646270752,1057.0247802734375,0.0,59.79630661010742,1.173227310180664,2.802499242881734,2.802499242881734,4.014915560161114,0.6980219635725721
396,8008960,31392,248.53460693359375,0.2845572531223297,248.53460693359375,0.2845572531223297,1057.0247802734375,0.0,60.19240188598633,0.06891696900129318,2.802499242881734,2.802499242881734,4.014915560161114,0.6980219635725721
397,8029184,31471,361.6873779296875,6.701390743255615,361.6873779296875,6.701390743255615,1027.818359375,0.0,90.0859146118164,1.6691213846206665,2.802499242881734,2.802499242881734,4.014915560161114,0.6980219635725721
398,8049408,31549,356.932861328125,1.931131362915039,356.932861328125,1.931131362915039,1027.818359375,0.0,88.9017105102539,0.48099222779273987,2.802499242881734,2.802499242881734,4.014915560161114,0.6980219635725721
399,8069632,31626,360.3714294433594,2.980647325515747,360.3714294433594,2.980647325515747,1027.818359375,0.0,89.7581558227539,0.7423921823501587,2.802499242881734,2.802499242881734,4.014915560161114,0.6980219635725721
400,8089856,31705,365.5623474121094,3.698796510696411,365.5623474121094,3.698796510696411,1027.818359375,0.0,91.05106353759766,0.9212647080421448,2.802499242881734,2.802499242881734,4.014915560161114,0.6980219635725721
401,8110080,31783,354.8812561035156,7.218157768249512,354.8812561035156,7.218157768249512,1027.818359375,0.0,88.39071655273438,1.797836422920227,2.802499242881734,2.802499242881734,4.014915560161114,0.6980219635725721
402,8130304,31862,358.916748046875,1.7217203378677368,358.916748046875,1.7217203378677368,1027.818359375,0.0,89.3958511352539,0.4288293123245239,2.802499242881734,2.802499242881734,4.014915560161114,0.6980219635725721
403,8150528,31940,361.8675537109375,4.623073577880859,361.8675537109375,4.623073577880859,1027.818359375,0.0,90.13080596923828,1.1514711380004883,2.802499242881734,2.802499242881734,4.014915560161114,0.6980219635725721
404,8170752,32018,364.4538879394531,5.980355739593506,364.4538879394531,5.980355739593506,1027.818359375,0.0,90.77498626708984,1.4895330667495728,2.802499242881734,2.802499242881734,4.014915560161114,0.6980219635725721
405,8190976,32096,358.3724060058594,1.6529706716537476,358.3724060058594,1.6529706716537476,1027.818359375,0.0,89.26025390625,0.4117085337638855,2.802499242881734,2.802499242881734,4.014915560161114,0.6980219635725721
406,8211200,32175,361.48876953125,2.132845878601074,361.48876953125,2.132845878601074,1027.818359375,0.0,90.03646087646484,0.5312294363975525,2.802499242881734,2.802499242881734,4.014915560161114,0.6980219635725721
407,8231424,32253,359.3247985839844,4.376321792602539,359.3247985839844,4.376321792602539,1027.818359375,0.0,89.49747467041016,1.090018391609192,2.802499242881734,2.802499242881734,4.014915560161114,0.6980219635725721
408,8251648,32330,361.6084899902344,3.265968084335327,361.6084899902344,3.265968084335327,1027.818359375,0.0,90.06627655029297,0.8134584426879883,2.802499242881734,2.802499242881734,4.014915560161114,0.6980219635725721
409,8271872,32409,365.7568054199219,5.233648300170898,365.7568054199219,5.233648300170898,1027.818359375,0.0,91.0995101928711,1.3035539388656616,2.802499242881734,2.802499242881734,4.014915560161114,0.6980219635725721
410,8292096,32488,243.89463806152344,4.708837509155273,243.89463806152344,4.708837509155273,1057.0247802734375,0.0,59.06864929199219,1.1404292583465576,2.802499242881734,2.802499242881734,4.014915560161114,0.6980219635725721
411,8312320,32566,363.5826721191406,3.067613124847412,363.5826721191406,3.067613124847412,1027.818359375,0.0,90.5579833984375,0.7640516757965088,2.802499242881734,2.802499242881734,4.014915560161114,0.6980219635725721
412,8332544,32644,356.8028259277344,6.866808891296387,356.8028259277344,6.866808891296387,1027.818359375,0.0,88.86932373046875,1.7103267908096313,2.802499242881734,2.802499242881734,4.014915560161114,0.6980219635725721
413,8352768,32722,358.6824035644531,3.906125068664551,358.6824035644531,3.906125068664551,1027.818359375,0.0,89.33747100830078,0.9729028940200806,2.802499242881734,2.802499242881734,4.014915560161114,0.6980219635725721
414,8372992,32800,360.6807861328125,1.837906837463379,360.6807861328125,1.837906837463379,1027.818359375,0.0,89.835205078125,0.45776933431625366,3.22096744145255,3.22096744145255,4.014915560161114,0.802250356997121
415,8393216,32879,362.4069519042969,5.9582719802856445,362.4069519042969,5.9582719802856445,1027.818359375,0.0,90.26514434814453,1.4840388298034668,3.22096744145255,3.22096744145255,4.014915560161114,0.802250356997121
416,8413440,32956,358.9280090332031,4.969202041625977,358.9280090332031,4.969202041625977,1027.818359375,0.0,89.39864349365234,1.2376878261566162,3.22096744145255,3.22096744145255,4.014915560161114,0.802250356997121
417,8433664,33034,358.0014343261719,2.021272659301758,358.0014343261719,2.021272659301758,1027.818359375,0.0,89.16785430908203,0.5034435987472534,3.22096744145255,3.22096744145255,4.014915560161114,0.802250356997121
418,8453888,33112,365.0467834472656,0.5258435606956482,365.0467834472656,0.5258435606956482,1027.818359375,0.0,90.92264556884766,0.1309683918952942,3.22096744145255,3.22096744145255,4.014915560161114,0.802250356997121
419,8474112,33190,250.13037109375,3.854480266571045,250.13037109375,3.854480266571045,1057.0247802734375,0.0,60.57887649536133,0.933512806892395,3.22096744145255,3.22096744145255,4.014915560161114,0.802250356997121
420,8494336,33268,360.1083068847656,1.0314857959747314,360.1083068847656,1.0314857959747314,1027.818359375,0.0,89.692626953125,0.2569137513637543,3.22096744145255,3.22096744145255,4.014915560161114,0.802250356997121
421,8514560,33346,365.1194763183594,2.793800115585327,365.1194763183594,2.793800115585327,1027.818359375,0.0,90.94075775146484,0.6958534121513367,3.22096744145255,3.22096744145255,4.014915560161114,0.802250356997121
422,8534784,33425,361.4425354003906,2.1848080158233643,361.4425354003906,2.1848080158233643,1027.818359375,0.0,90.02494049072266,0.5441731810569763,3.22096744145255,3.22096744145255,4.014915560161114,0.802250356997121
423,8555008,33503,364.0279846191406,7.73482608795166,364.0279846191406,7.73482608795166,1027.818359375,0.0,90.66890716552734,1.9265228509902954,3.22096744145255,3.22096744145255,4.014915560161114,0.802250356997121
424,8575232,33582,360.5455017089844,3.4788167476654053,360.5455017089844,3.4788167476654053,1027.818359375,0.0,89.801513671875,0.8664726614952087,3.22096744145255,3.22096744145255,4.014915560161114,0.802250356997121
425,8595456,33660,361.5296325683594,3.6752219200134277,361.5296325683594,3.6752219200134277,1027.818359375,0.0,90.046630859375,0.9153922200202942,3.22096744145255,3.22096744145255,4.014915560161114,0.802250356997121
426,8615680,33738,363.86328125,0.6964095830917358,363.86328125,0.6964095830917358,1027.818359375,0.0,90.62787628173828,0.1734536588191986,3.22096744145255,3.22096744145255,4.014915560161114,0.802250356997121
427,8635904,33816,251.4315185546875,1.9876567125320435,251.4315185546875,1.9876567125320435,1057.0247802734375,0.0,60.89400100708008,0.4813878536224365,3.22096744145255,3.22096744145255,4.014915560161114,0.802250356997121
428,8656128,33896,364.5003967285156,5.109145164489746,364.5003967285156,5.109145164489746,1027.818359375,0.0,90.78656005859375,1.27254319190979,3.22096744145255,3.22096744145255,4.014915560161114,0.802250356997121
429,8676352,33978,358.9242248535156,5.783787250518799,358.9242248535156,5.783787250518799,1027.818359375,0.0,89.39771270751953,1.4405717849731445,3.22096744145255,3.22096744145255,4.014915560161114,0.802250356997121
430,8696576,34060,250.602294921875,2.8895070552825928,250.602294921875,2.8895070552825928,1057.0247802734375,0.0,60.69317626953125,0.6998054385185242,3.22096744145255,3.22096744145255,4.014915560161114,0.802250356997121
431,8716800,34141,364.05810546875,3.5319161415100098,364.05810546875,3.5319161415100098,1027.818359375,0.0,90.6764144897461,0.8796973824501038,3.22096744145255,3.22096744145255,4.014915560161114,0.802250356997121
432,8737024,34224,359.7839660644531,0.8681516647338867,359.7839660644531,0.8681516647338867,1027.818359375,0.0,89.6118392944336,0.21623343229293823,3.22096744145255,3.22096744145255,4.014915560161114,0.802250356997121
433,8757248,34306,362.420166015625,4.327692985534668,362.420166015625,4.327692985534668,1027.818359375,0.0,90.26844024658203,1.0779024362564087,3.22096744145255,3.22096744145255,4.014915560161114,0.802250356997121
434,8777472,34389,250.40968322753906,2.45530104637146,250.40968322753906,2.45530104637146,1057.0247802734375,0.0,60.64653015136719,0.594647228717804,3.22096744145255,3.22096744145255,4.014915560161114,0.802250356997121
435,8797696,34471,362.3541259765625,2.7056288719177246,362.3541259765625,2.7056288719177246,1027.818359375,0.0,90.25198364257812,0.6738929152488708,3.22096744145255,3.22096744145255,4.014915560161114,0.802250356997121
436,8817920,34554,358.7166442871094,7.662877082824707,358.7166442871094,7.662877082824707,1027.818359375,0.0,89.34600830078125,1.9086031913757324,3.22096744145255,3.22096744145255,4.014915560161114,0.802250356997121
437,8838144,34637,356.6907958984375,4.562134265899658,356.6907958984375,4.562134265899658,1027.818359375,0.0,88.8414077758789,1.1362948417663574,3.22096744145255,3.22096744145255,4.014915560161114,0.802250356997121
438,8858368,34719,249.1992645263672,5.586854457855225,249.1992645263672,5.586854457855225,1057.0247802734375,0.0,60.35337448120117,1.3530765771865845,3.22096744145255,3.22096744145255,4.014915560161114,0.802250356997121
439,8878592,34801,362.9888610839844,2.3138270378112793,362.9888610839844,2.3138270378112793,1027.818359375,0.0,90.41008758544922,0.5763067603111267,3.22096744145255,3.22096744145255,4.014915560161114,0.802250356997121
440,8898816,34884,363.7323913574219,2.3494250774383545,363.7323913574219,2.3494250774383545,1027.818359375,0.0,90.59527587890625,0.5851736664772034,3.22096744145255,3.22096744145255,4.014915560161114,0.802250356997121
441,8919040,34967,247.61448669433594,1.7543519735336304,247.61448669433594,1.7543519735336304,1057.0247802734375,0.0,59.96955490112305,0.42488425970077515,3.22096744145255,3.22096744145255,4.014915560161114,0.802250356997121
442,8939264,35050,10.44937515258789,0.024323459714651108,10.44937515258789,0.024323459714651108,1041.2620849609375,0.0,2.5690362453460693,0.005980115849524736,3.22096744145255,3.22096744145255,4.014915560161114,0.802250356997121
443,8959488,35131,10.443378448486328,0.03698761388659477,10.443378448486328,0.03698761388659477,1041.2620849609375,0.0,2.5675618648529053,0.009093593806028366,3.22096744145255,3.22096744145255,4.014915560161114,0.802250356997121
444,8979712,35213,250.7496337890625,1.533217430114746,250.7496337890625,1.533217430114746,1057.0247802734375,0.0,60.72885513305664,0.3713279068470001,3.22096744145255,3.22096744145255,4.014915560161114,0.802250356997121
445,8999936,35296,359.987548828125,6.60641622543335,359.987548828125,6.60641622543335,1027.818359375,0.0,89.66253662109375,1.6454685926437378,3.22096744145255,3.22096744145255,4.014915560161114,0.802250356997121
446,9020160,35378,354.7660217285156,1.1157782077789307,354.7660217285156,1.1157782077789307,1027.818359375,0.0,88.36200714111328,0.2779093086719513,3.22096744145255,3.22096744145255,4.014915560161114,0.802250356997121
447,9040384,35460,361.3453369140625,4.820349216461182,361.3453369140625,4.820349216461182,1027.818359375,0.0,90.000732421875,1.2006146907806396,3.22096744145255,3.22096744145255,4.014915560161114,0.802250356997121
448,9060608,35542,358.2224426269531,3.573310375213623,358.2224426269531,3.573310375213623,1027.818359375,0.0,89.22290802001953,0.8900060653686523,3.22096744145255,3.22096744145255,4.014915560161114,0.802250356997121
449,9080832,35624,360.5154724121094,3.465935468673706,360.5154724121094,3.465935468673706,1027.818359375,0.0,89.79402923583984,0.863264262676239,3.22096744145255,3.22096744145255,4.014915560161114,0.802250356997121
450,9101056,35707,363.4430236816406,7.08306884765625,363.4430236816406,7.08306884765625,1027.818359375,0.0,90.5232162475586,1.7641931772232056,3.22096744145255,3.22096744145255,4.014915560161114,0.802250356997121
451,9121280,35789,360.5537109375,4.2594404220581055,360.5537109375,4.2594404220581055,1027.818359375,0.0,89.80355834960938,1.060904860496521,3.22096744145255,3.22096744145255,4.014915560161114,0.802250356997121
452,9141504,35870,364.0920715332031,8.634324073791504,364.0920715332031,8.634324073791504,1027.818359375,0.0,90.68486785888672,2.1505625247955322,3.22096744145255,3.22096744145255,4.014915560161114,0.802250356997121
453,9161728,35952,359.3525390625,2.037222385406494,359.3525390625,2.037222385406494,1027.818359375,0.0,89.5043716430664,0.507412850856781,3.22096744145255,3.22096744145255,4.014915560161114,0.802250356997121
454,9181952,36035,360.028564453125,3.57096791267395,360.028564453125,3.57096791267395,1027.818359375,0.0,89.67276763916016,0.8894212245941162,3.22096744145255,3.22096744145255,4.014915560161114,0.802250356997121
455,9202176,36118,365.2341613769531,4.255856037139893,365.2341613769531,4.255856037139893,1027.818359375,0.0,90.96932983398438,1.0600110292434692,3.22096744145255,3.22096744145255,4.014915560161114,0.802250356997121
456,9222400,36200,360.7787780761719,3.2050421237945557,360.7787780761719,3.2050421237945557,1027.818359375,0.0,89.859619140625,0.7982819676399231,3.22096744145255,3.22096744145255,4.014915560161114,0.802250356997121
457,9242624,36281,361.8490905761719,2.836660861968994,361.8490905761719,2.836660861968994,1027.818359375,0.0,90.1261978149414,0.7065295577049255,3.22096744145255,3.22096744145255,4.014915560161114,0.802250356997121
458,9262848,36363,363.5605773925781,1.9043500423431396,363.5605773925781,1.9043500423431396,1027.818359375,0.0,90.552490234375,0.4743156135082245,3.22096744145255,3.22096744145255,4.014915560161114,0.802250356997121
459,9283072,36446,359.802978515625,4.219061851501465,359.802978515625,4.219061851501465,1027.818359375,0.0,89.61656951904297,1.0508490800857544,3.22096744145255,3.22096744145255,4.014915560161114,0.802250356997121
460,9303296,36527,361.06103515625,5.061246395111084,361.06103515625,5.061246395111084,1027.818359375,0.0,89.92992401123047,1.260608196258545,3.22096744145255,3.22096744145255,4.014915560161114,0.802250356997121
461,9323520,36610,361.5823059082031,0.9669767022132874,361.5823059082031,0.9669767022132874,1027.818359375,0.0,90.05976104736328,0.24084439873695374,3.22096744145255,3.22096744145255,4.014915560161114,0.802250356997121
462,9343744,36692,362.7185363769531,6.037384033203125,362.7185363769531,6.037384033203125,1027.818359375,0.0,90.3427505493164,1.5037425756454468,3.22096744145255,3.22096744145255,4.014915560161114,0.802250356997121
463,9363968,36775,361.3321838378906,3.525099039077759,361.3321838378906,3.525099039077759,1027.818359375,0.0,89.99746704101562,0.8780006170272827,3.22096744145255,3.22096744145255,4.014915560161114,0.802250356997121
464,9384192,36857,355.1524963378906,2.802367687225342,355.1524963378906,2.802367687225342,1027.818359375,0.0,88.4582748413086,0.6979885697364807,3.22096744145255,3.22096744145255,4.014915560161114,0.802250356997121
465,9404416,36939,361.7381896972656,3.7332680225372314,361.7381896972656,3.7332680225372314,1027.818359375,0.0,90.09857940673828,0.9298476576805115,3.22096744145255,3.22096744145255,4.014915560161114,0.802250356997121
466,9424640,37021,366.4806823730469,1.8751369714736938,366.4806823730469,1.8751369714736938,1027.818359375,0.0,91.2798080444336,0.4670405089855194,3.22096744145255,3.22096744145255,4.014915560161114,0.802250356997121
467,9444864,37105,361.2496337890625,5.208630084991455,361.2496337890625,5.208630084991455,1027.818359375,0.0,89.97689056396484,1.2973204851150513,3.22096744145255,3.22096744145255,4.014915560161114,0.802250356997121
468,9465088,37188,361.9730529785156,6.226517677307129,361.9730529785156,6.226517677307129,1027.818359375,0.0,90.1570816040039,1.5508466958999634,3.22096744145255,3.22096744145255,4.014915560161114,0.802250356997121
469,9485312,37270,364.1840515136719,1.4679605960845947,364.1840515136719,1.4679605960845947,1027.818359375,0.0,90.707763671875,0.3656282424926758,3.22096744145255,3.22096744145255,4.014915560161114,0.802250356997121
470,9505536,37352,363.5269775390625,0.9180582761764526,363.5269775390625,0.9180582761764526,1027.818359375,0.0,90.54410552978516,0.22866052389144897,3.22096744145255,3.22096744145255,4.014915560161114,0.802250356997121
471,9525760,37434,358.9594421386719,8.271310806274414,358.9594421386719,8.271310806274414,1027.818359375,0.0,89.4064712524414,2.0601484775543213,3.22096744145255,3.22096744145255,4.014915560161114,0.802250356997121
472,9545984,37516,364.1201171875,5.109174728393555,364.1201171875,5.109174728393555,1027.818359375,0.0,90.69185638427734,1.2725486755371094,3.22096744145255,3.22096744145255,4.014915560161114,0.802250356997121
473,9566208,37598,365.493896484375,4.668201923370361,365.493896484375,4.668201923370361,1027.818359375,0.0,91.03401947021484,1.1627168655395508,3.22096744145255,3.22096744145255,4.014915560161114,0.802250356997121
474,9586432,37681,359.6822509765625,1.9494575262069702,359.6822509765625,1.9494575262069702,1027.818359375,0.0,89.58650970458984,0.48555442690849304,3.22096744145255,3.22096744145255,4.014915560161114,0.802250356997121
475,9606656,37763,360.1319885253906,4.131166458129883,360.1319885253906,4.131166458129883,1027.818359375,0.0,89.69852447509766,1.0289541482925415,3.22096744145255,3.22096744145255,4.014915560161114,0.802250356997121
476,9626880,37846,366.0029602050781,3.6850931644439697,366.0029602050781,3.6850931644439697,1027.818359375,0.0,91.16080474853516,0.9178487062454224,3.22096744145255,3.22096744145255,4.014915560161114,0.802250356997121
477,9647104,37928,364.2600402832031,4.199680328369141,364.2600402832031,4.199680328369141,1027.818359375,0.0,90.7267074584961,1.046018123626709,3.22096744145255,3.22096744145255,4.014915560161114,0.802250356997121
478,9667328,38009,249.2347412109375,2.959317684173584,249.2347412109375,2.959317684173584,1057.0247802734375,0.0,60.361968994140625,0.7167143821716309,3.22096744145255,3.22096744145255,4.014915560161114,0.802250356997121
479,9687552,38090,252.773193359375,3.1030313968658447,252.773193359375,3.1030313968658447,1057.0247802734375,0.0,61.21894454956055,0.7515208125114441,3.22096744145255,3.22096744145255,4.014915560161114,0.802250356997121
480,9707776,38173,248.40570068359375,2.7701237201690674,248.40570068359375,2.7701237201690674,1057.0247802734375,0.0,60.16118240356445,0.6708957552909851,3.22096744145255,3.22096744145255,4.014915560161114,0.802250356997121
481,9728000,38256,359.9302673339844,2.3946774005889893,359.9302673339844,2.3946774005889893,1027.818359375,0.0,89.64827728271484,0.5964457988739014,3.22096744145255,3.22096744145255,4.014915560161114,0.802250356997121
482,9748224,38339,356.7738342285156,1.1997636556625366,356.7738342285156,1.1997636556625366,1027.818359375,0.0,88.86209106445312,0.2988278865814209,3.22096744145255,3.22096744145255,4.014915560161114,0.802250356997121
483,9768448,38420,363.5155029296875,1.6291909217834473,363.5155029296875,1.6291909217834473,1027.818359375,0.0,90.541259765625,0.4057852625846863,3.22096744145255,3.22096744145255,4.014915560161114,0.802250356997121
484,9788672,38503,361.7790222167969,5.670812606811523,361.7790222167969,5.670812606811523,1027.818359375,0.0,90.1087417602539,1.4124375581741333,3.22096744145255,3.22096744145255,4.014915560161114,0.802250356997121
485,9808896,38585,361.0733947753906,1.2224340438842773,361.0733947753906,1.2224340438842773,1027.818359375,0.0,89.9330062866211,0.3044755458831787,3.22096744145255,3.22096744145255,4.014915560161114,0.802250356997121
486,9829120,38668,361.7171325683594,5.576248645782471,361.7171325683594,5.576248645782471,1027.818359375,0.0,90.09334564208984,1.388883352279663,3.22096744145255,3.22096744145255,4.014915560161114,0.802250356997121
487,9849344,38751,360.9507141113281,6.264705657958984,360.9507141113281,6.264705657958984,1027.818359375,0.0,89.9024429321289,1.5603586435317993,3.22096744145255,3.22096744145255,4.014915560161114,0.802250356997121
488,9869568,38833,359.9620361328125,4.186350345611572,359.9620361328125,4.186350345611572,1027.818359375,0.0,89.65618896484375,1.0426990985870361,3.22096744145255,3.22096744145255,4.014915560161114,0.802250356997121
489,9889792,38916,361.8528137207031,4.354251861572266,361.8528137207031,4.354251861572266,1027.818359375,0.0,90.12713623046875,1.0845192670822144,3.22096744145255,3.22096744145255,4.014915560161114,0.802250356997121
490,9910016,38999,361.3956298828125,4.4784440994262695,361.3956298828125,4.4784440994262695,1027.818359375,0.0,90.01326751708984,1.1154539585113525,3.22096744145255,3.22096744145255,4.014915560161114,0.802250356997121
491,9930240,39082,361.701171875,5.44992733001709,361.701171875,5.44992733001709,1027.818359375,0.0,90.08935546875,1.3574212789535522,3.22096744145255,3.22096744145255,4.014915560161114,0.802250356997121
492,9950464,39164,360.6499328613281,5.382726192474365,360.6499328613281,5.382726192474365,1027.818359375,0.0,89.8275375366211,1.3406798839569092,3.22096744145255,3.22096744145255,4.014915560161114,0.802250356997121
493,9970688,39247,362.5948791503906,4.424921035766602,362.5948791503906,4.424921035766602,1027.818359375,0.0,90.31197357177734,1.102122187614441,3.22096744145255,3.22096744145255,4.014915560161114,0.802250356997121
494,9990912,39329,250.45436096191406,4.760789394378662,250.45436096191406,4.760789394378662,1057.0247802734375,0.0,60.6573486328125,1.1530120372772217,3.22096744145255,3.22096744145255,4.014915560161114,0.802250356997121
495,10011136,39411,245.6707000732422,3.6846923828125,245.6707000732422,3.6846923828125,1057.0247802734375,0.0,59.49879455566406,0.8923929333686829,3.22096744145255,3.22096744145255,4.014915560161114,0.802250356997121
496,10031360,39492,247.84307861328125,1.5848431587219238,247.84307861328125,1.5848431587219238,1057.0247802734375,0.0,60.02492141723633,0.383830726146698,3.22096744145255,3.22096744145255,4.014915560161114,0.802250356997121
497,10051584,39574,364.8163757324219,3.9207823276519775,364.8163757324219,3.9207823276519775,1027.818359375,0.0,90.86526489257812,0.9765509963035583,3.22096744145255,3.22096744145255,4.014915560161114,0.802250356997121
498,10071808,39656,360.9403076171875,6.673739433288574,360.9403076171875,6.673739433288574,1027.818359375,0.0,89.89984893798828,1.6622376441955566,3.22096744145255,3.22096744145255,4.014915560161114,0.802250356997121
499,10092032,39738,363.4615783691406,5.432255744934082,363.4615783691406,5.432255744934082,1027.818359375,0.0,90.52783203125,1.3530197143554688,3.22096744145255,3.22096744145255,4.014915560161114,0.802250356997121
500,10112256,39821,364.6085205078125,2.2373132705688477,364.6085205078125,2.2373132705688477,1027.818359375,0.0,90.8134994506836,0.5572524070739746,3.22096744145255,3.22096744145255,4.014915560161114,0.802250356997121
501,10132480,39904,361.9597473144531,3.579226016998291,361.9597473144531,3.579226016998291,1027.818359375,0.0,90.15377044677734,0.8914822340011597,3.22096744145255,3.22096744145255,4.014915560161114,0.802250356997121
502,10152704,39986,364.0039367675781,4.842278003692627,364.0039367675781,4.842278003692627,1027.818359375,0.0,90.66291046142578,1.206072211265564,3.22096744145255,3.22096744145255,4.014915560161114,0.802250356997121
503,10172928,40069,359.718017578125,2.6375582218170166,359.718017578125,2.6375582218170166,1027.818359375,0.0,89.59542083740234,0.6569406986236572,3.22096744145255,3.22096744145255,4.014915560161114,0.802250356997121
504,10193152,40150,353.8021545410156,1.6231460571289062,353.8021545410156,1.6231460571289062,1027.818359375,0.0,88.1219482421875,0.4042811095714569,3.22096744145255,3.22096744145255,4.014915560161114,0.802250356997121
505,10213376,40232,364.7240295410156,5.801117897033691,364.7240295410156,5.801117897033691,1027.818359375,0.0,90.8422622680664,1.4448961019515991,3.22096744145255,3.22096744145255,4.014915560161114,0.802250356997121
506,10233600,40314,363.99169921875,3.249479055404663,363.99169921875,3.249479055404663,1027.818359375,0.0,90.65987396240234,0.8093519806861877,3.22096744145255,3.22096744145255,4.014915560161114,0.802250356997121
507,10253824,40397,365.8931884765625,5.252327919006348,365.8931884765625,5.252327919006348,1027.818359375,0.0,91.13346099853516,1.3082058429718018,3.22096744145255,3.22096744145255,4.014915560161114,0.802250356997121
508,10274048,40479,358.8876953125,3.88924503326416,358.8876953125,3.88924503326416,1027.818359375,0.0,89.38860321044922,0.9686978459358215,3.22096744145255,3.22096744145255,4.014915560161114,0.802250356997121
509,10294272,40560,357.5240478515625,2.3284380435943604,357.5240478515625,2.3284380435943604,1027.818359375,0.0,89.04895782470703,0.579944908618927,3.22096744145255,3.22096744145255,4.014915560161114,0.802250356997121
510,10314496,40642,362.9601135253906,4.543228626251221,362.9601135253906,4.543228626251221,1027.818359375,0.0,90.4029312133789,1.1315840482711792,3.22096744145255,3.22096744145255,4.014915560161114,0.802250356997121
511,10334720,40724,248.82362365722656,3.5545737743377686,248.82362365722656,3.5545737743377686,1057.0247802734375,0.0,60.26240158081055,0.8608806133270264,3.22096744145255,3.22096744145255,4.014915560161114,0.802250356997121
512,10354944,40807,249.9453887939453,5.2257304191589355,249.9453887939453,5.2257304191589355,1057.0247802734375,0.0,60.53407669067383,1.2656145095825195,3.22096744145255,3.22096744145255,4.014915560161114,0.802250356997121
513,10375168,40888,361.1863708496094,7.027719020843506,361.1863708496094,7.027719020843506,1027.818359375,0.0,89.96112823486328,1.750401496887207,3.22096744145255,3.22096744145255,4.014915560161114,0.802250356997121
514,10395392,40970,364.549560546875,4.363766670227051,364.549560546875,4.363766670227051,1027.818359375,0.0,90.79882049560547,1.0868858098983765,3.22096744145255,3.22096744145255,4.014915560161114,0.802250356997121
515,10415616,41052,363.989990234375,3.4730796813964844,363.989990234375,3.4730796813964844,1027.818359375,0.0,90.65943145751953,0.8650426268577576,3.22096744145255,3.22096744145255,4.014915560161114,0.802250356997121
516,10435840,41135,358.673828125,1.7031141519546509,358.673828125,1.7031141519546509,1027.818359375,0.0,89.3353271484375,0.42420196533203125,3.22096744145255,3.22096744145255,4.014915560161114,0.802250356997121
517,10456064,41216,364.1708068847656,3.4049742221832275,364.1708068847656,3.4049742221832275,1027.818359375,0.0,90.7044677734375,0.8480769991874695,3.22096744145255,3.22096744145255,4.014915560161114,0.802250356997121
518,10476288,41298,360.1634216308594,2.852513313293457,360.1634216308594,2.852513313293457,1027.818359375,0.0,89.70635223388672,0.7104811072349548,3.22096744145255,3.22096744145255,4.014915560161114,0.802250356997121
519,10496512,41381,360.6708679199219,4.668388843536377,360.6708679199219,4.668388843536377,1027.818359375,0.0,89.8327407836914,1.1627593040466309,3.22096744145255,3.22096744145255,4.014915560161114,0.802250356997121
520,10516736,41464,361.73388671875,7.576199531555176,361.73388671875,7.576199531555176,1027.818359375,0.0,90.09750366210938,1.8870130777359009,3.22096744145255,3.22096744145255,4.014915560161114,0.802250356997121
521,10536960,41546,244.967529296875,4.830692291259766,244.967529296875,4.830692291259766,1057.0247802734375,0.0,59.3284912109375,1.16994047164917,3.22096744145255,3.22096744145255,4.014915560161114,0.802250356997121
522,10557184,41627,362.947509765625,7.937037944793701,362.947509765625,7.937037944793701,1027.818359375,0.0,90.39978790283203,1.97688889503479,3.22096744145255,3.22096744145255,4.014915560161114,0.802250356997121
523,10577408,41709,356.7358093261719,7.912325859069824,356.7358093261719,7.912325859069824,1027.818359375,0.0,88.85262298583984,1.9707322120666504,3.22096744145255,3.22096744145255,4.014915560161114,0.802250356997121
524,10597632,41791,358.4789123535156,4.320459365844727,358.4789123535156,4.320459365844727,1027.818359375,0.0,89.28679656982422,1.0761001110076904,3.22096744145255,3.22096744145255,4.014915560161114,0.802250356997121
525,10617856,41874,366.194580078125,3.4167075157165527,366.194580078125,3.4167075157165527,1027.818359375,0.0,91.20853424072266,0.8510047197341919,3.22096744145255,3.22096744145255,4.014915560161114,0.802250356997121
526,10638080,41957,363.1509704589844,5.439864635467529,363.1509704589844,5.439864635467529,1027.818359375,0.0,90.4504623413086,1.3549137115478516,3.22096744145255,3.22096744145255,4.014915560161114,0.802250356997121
527,10658304,42038,360.8910827636719,5.391071319580078,360.8910827636719,5.391071319580078,1027.818359375,0.0,89.88758087158203,1.3427621126174927,3.22096744145255,3.22096744145255,4.014915560161114,0.802250356997121
528,10678528,42120,361.3070068359375,1.1369832754135132,361.3070068359375,1.1369832754135132,1027.818359375,0.0,89.9911880493164,0.2831891179084778,3.22096744145255,3.22096744145255,4.014915560161114,0.802250356997121
529,10698752,42202,360.94482421875,1.8565305471420288,360.94482421875,1.8565305471420288,1027.818359375,0.0,89.90097045898438,0.46240729093551636,3.22096744145255,3.22096744145255,4.014915560161114,0.802250356997121
530,10718976,42284,367.925537109375,3.2244255542755127,367.925537109375,3.2244255542755127,1027.818359375,0.0,91.6396713256836,0.8031091690063477,3.22096744145255,3.22096744145255,4.014915560161114,0.802250356997121
531,10739200,42367,361.3399353027344,7.902089595794678,361.3399353027344,7.902089595794678,1027.818359375,0.0,89.9993896484375,1.96817946434021,3.22096744145255,3.22096744145255,4.014915560161114,0.802250356997121
532,10759424,42449,360.4461975097656,3.9919989109039307,360.4461975097656,3.9919989109039307,1027.818359375,0.0,89.77678680419922,0.9942887425422668,3.22096744145255,3.22096744145255,4.014915560161114,0.802250356997121
533,10779648,42532,354.2893981933594,2.9196808338165283,354.2893981933594,2.9196808338165283,1027.818359375,0.0,88.2432861328125,0.7272080779075623,3.22096744145255,3.22096744145255,4.014915560161114,0.802250356997121
534,10799872,42614,360.709716796875,4.506839752197266,360.709716796875,4.506839752197266,1027.818359375,0.0,89.8424072265625,1.122522234916687,3.22096744145255,3.22096744145255,4.014915560161114,0.802250356997121
535,10820096,42696,363.4380187988281,4.062271595001221,363.4380187988281,4.062271595001221,1027.818359375,0.0,90.5219497680664,1.0117952823638916,3.22096744145255,3.22096744145255,4.014915560161114,0.802250356997121
536,10840320,42778,248.945556640625,2.391084909439087,248.945556640625,2.391084909439087,1057.0247802734375,0.0,60.29193115234375,0.5790940523147583,3.22096744145255,3.22096744145255,4.014915560161114,0.802250356997121
537,10860544,42860,246.68959045410156,1.408493161201477,246.68959045410156,1.408493161201477,1057.0247802734375,0.0,59.74555969238281,0.34112250804901123,3.22096744145255,3.22096744145255,4.014915560161114,0.802250356997121
538,10880768,42942,360.3055419921875,5.135215759277344,360.3055419921875,5.135215759277344,1027.818359375,0.0,89.74175262451172,1.279031753540039,3.22096744145255,3.22096744145255,4.014915560161114,0.802250356997121
539,10900992,43024,361.979736328125,5.633732795715332,361.979736328125,5.633732795715332,1027.818359375,0.0,90.15875244140625,1.4032002687454224,3.22096744145255,3.22096744145255,4.014915560161114,0.802250356997121
540,10921216,43106,362.2220458984375,1.195133924484253,362.2220458984375,1.195133924484253,1027.818359375,0.0,90.2190933227539,0.29767072200775146,3.22096744145255,3.22096744145255,4.014915560161114,0.802250356997121
541,10941440,43188,360.2075500488281,3.389549970626831,360.2075500488281,3.389549970626831,1027.818359375,0.0,89.71735382080078,0.8442366123199463,3.22096744145255,3.22096744145255,4.014915560161114,0.802250356997121
542,10961664,43271,361.0583801269531,7.5548858642578125,361.0583801269531,7.5548858642578125,1027.818359375,0.0,89.92926025390625,1.88170325756073,3.22096744145255,3.22096744145255,4.014915560161114,0.802250356997121
543,10981888,43353,364.0854797363281,9.390022277832031,364.0854797363281,9.390022277832031,1027.818359375,0.0,90.6832275390625,2.3387789726257324,3.22096744145255,3.22096744145255,4.014915560161114,0.802250356997121
544,11002112,43434,360.4771423339844,6.8210296630859375,360.4771423339844,6.8210296630859375,1027.818359375,0.0,89.78449249267578,1.698918104171753,3.22096744145255,3.22096744145255,4.014915560161114,0.802250356997121
545,11022336,43516,357.4020690917969,5.082791805267334,357.4020690917969,5.082791805267334,1027.818359375,0.0,89.0185775756836,1.2659772634506226,3.22096744145255,3.22096744145255,4.014915560161114,0.802250356997121
546,11042560,43599,358.5863952636719,5.438616752624512,358.5863952636719,5.438616752624512,1027.818359375,0.0,89.31356048583984,1.3546034097671509,3.22096744145255,3.22096744145255,4.014915560161114,0.802250356997121
547,11062784,43682,361.1680603027344,0.934096097946167,361.1680603027344,0.934096097946167,1027.818359375,0.0,89.95657348632812,0.23265747725963593,3.22096744145255,3.22096744145255,4.014915560161114,0.802250356997121
548,11083008,43763,359.9920349121094,6.671263694763184,359.9920349121094,6.671263694763184,1027.818359375,0.0,89.66365814208984,1.6616206169128418,3.22096744145255,3.22096744145255,4.014915560161114,0.802250356997121
549,11103232,43845,360.68359375,3.3444249629974365,360.68359375,3.3444249629974365,1027.818359375,0.0,89.83590698242188,0.83299720287323,3.22096744145255,3.22096744145255,4.014915560161114,0.802250356997121
550,11123456,43927,366.3163146972656,0.8523972034454346,366.3163146972656,0.8523972034454346,1027.818359375,0.0,91.23886108398438,0.21230657398700714,3.22096744145255,3.22096744145255,4.014915560161114,0.802250356997121
551,11143680,44010,360.9619140625,5.367090225219727,360.9619140625,5.367090225219727,1027.818359375,0.0,89.90522003173828,1.3367884159088135,3.22096744145255,3.22096744145255,4.014915560161114,0.802250356997121
552,11163904,44092,364.8835144042969,2.5881831645965576,364.8835144042969,2.5881831645965576,1027.818359375,0.0,90.88198852539062,0.6446423530578613,3.22096744145255,3.22096744145255,4.014915560161114,0.802250356997121
553,11184128,44173,363.8025207519531,6.388991832733154,363.8025207519531,6.388991832733154,1027.818359375,0.0,90.61275482177734,1.5913143157958984,3.22096744145255,3.22096744145255,4.014915560161114,0.802250356997121
554,11204352,44254,363.51806640625,3.4356510639190674,363.51806640625,3.4356510639190674,1027.818359375,0.0,90.54190063476562,0.8557234406471252,3.22096744145255,3.22096744145255,4.014915560161114,0.802250356997121
555,11224576,44336,360.0945739746094,3.377798557281494,360.0945739746094,3.377798557281494,1027.818359375,0.0,89.689208984375,0.8413110971450806,3.22096744145255,3.22096744145255,4.014915560161114,0.802250356997121
556,11244800,44418,360.5882873535156,0.6870670914649963,360.5882873535156,0.6870670914649963,1027.818359375,0.0,89.81217193603516,0.17112722992897034,3.22096744145255,3.22096744145255,4.014915560161114,0.802250356997121
557,11265024,44499,366.017333984375,8.438445091247559,366.017333984375,8.438445091247559,1027.818359375,0.0,91.16439056396484,2.1017720699310303,3.22096744145255,3.22096744145255,4.014915560161114,0.802250356997121
558,11285248,44581,363.038818359375,6.630721092224121,363.038818359375,6.630721092224121,1027.818359375,0.0,90.42252349853516,1.6515215635299683,3.22096744145255,3.22096744145255,4.014915560161114,0.802250356997121
559,11305472,44663,361.9374084472656,6.938963413238525,361.9374084472656,6.938963413238525,1027.818359375,0.0,90.1482162475586,1.7282944917678833,3.22096744145255,3.22096744145255,4.014915560161114,0.802250356997121
560,11325696,44745,364.3216857910156,3.55465030670166,364.3216857910156,3.55465030670166,1027.818359375,0.0,90.7420654296875,0.8853657841682434,3.22096744145255,3.22096744145255,4.014915560161114,0.802250356997121
561,11345920,44827,361.885498046875,2.4819419384002686,361.885498046875,2.4819419384002686,1027.818359375,0.0,90.1352767944336,0.6181758642196655,3.22096744145255,3.22096744145255,4.014915560161114,0.802250356997121
562,11366144,44908,359.6573486328125,4.696596622467041,359.6573486328125,4.696596622467041,1027.818359375,0.0,89.5802993774414,1.1697876453399658,3.22096744145255,3.22096744145255,4.014915560161114,0.802250356997121
563,11386368,44989,361.1217346191406,4.470800399780273,361.1217346191406,4.470800399780273,1027.818359375,0.0,89.9450454711914,1.1135468482971191,3.22096744145255,3.22096744145255,4.014915560161114,0.802250356997121
564,11406592,45072,359.0164489746094,1.6397197246551514,359.0164489746094,1.6397197246551514,1027.818359375,0.0,89.4206771850586,0.40841007232666016,3.22096744145255,3.22096744145255,4.014915560161114,0.802250356997121
565,11426816,45155,363.3653869628906,6.836815357208252,363.3653869628906,6.836815357208252,1027.818359375,0.0,90.50386810302734,1.702856421470642,3.22096744145255,3.22096744145255,4.014915560161114,0.802250356997121
566,11447040,45237,359.7051696777344,4.647691249847412,359.7051696777344,4.647691249847412,1027.818359375,0.0,89.59221649169922,1.157609224319458,3.22096744145255,3.22096744145255,4.014915560161114,0.802250356997121
567,11467264,45319,360.6754455566406,5.073430061340332,360.6754455566406,5.073430061340332,1027.818359375,0.0,89.8338851928711,1.2636476755142212,3.22096744145255,3.22096744145255,4.014915560161114,0.802250356997121
568,11487488,45401,357.9695129394531,1.2443549633026123,357.9695129394531,1.2443549633026123,1027.818359375,0.0,89.15991973876953,0.3099324405193329,3.22096744145255,3.22096744145255,4.014915560161114,0.802250356997121
569,11507712,45482,365.7472229003906,0.7917818427085876,365.7472229003906,0.7917818427085876,1027.818359375,0.0,91.09711456298828,0.19721293449401855,3.22096744145255,3.22096744145255,4.014915560161114,0.802250356997121
570,11527936,45564,357.7704162597656,2.095508098602295,357.7704162597656,2.095508098602295,1027.818359375,0.0,89.11032104492188,0.5219309329986572,3.22096744145255,3.22096744145255,4.014915560161114,0.802250356997121
571,11548160,45646,360.6180114746094,4.650465488433838,360.6180114746094,4.650465488433838,1027.818359375,0.0,89.819580078125,1.1582938432693481,3.22096744145255,3.22096744145255,4.014915560161114,0.802250356997121
572,11568384,45728,357.2922058105469,3.306572198867798,357.2922058105469,3.306572198867798,1027.818359375,0.0,88.9912109375,0.8235719799995422,3.22096744145255,3.22096744145255,4.014915560161114,0.802250356997121
573,11588608,45810,358.7748107910156,3.0784215927124023,358.7748107910156,3.0784215927124023,1027.818359375,0.0,89.3604965209961,0.7667471170425415,3.22096744145255,3.22096744145255,4.014915560161114,0.802250356997121
574,11608832,45892,360.3130187988281,0.8988823294639587,360.3130187988281,0.8988823294639587,1027.818359375,0.0,89.74361419677734,0.2238866686820984,3.22096744145255,3.22096744145255,4.014915560161114,0.802250356997121
575,11629056,45974,360.1277770996094,4.102413177490234,360.1277770996094,4.102413177490234,1027.818359375,0.0,89.69747924804688,1.0217987298965454,3.22096744145255,3.22096744145255,4.014915560161114,0.802250356997121
576,11649280,46056,364.3357238769531,2.0829875469207764,364.3357238769531,2.0829875469207764,1027.818359375,0.0,90.74556732177734,0.5188107490539551,3.22096744145255,3.22096744145255,4.014915560161114,0.802250356997121
577,11669504,46138,363.0491027832031,3.845109462738037,363.0491027832031,3.845109462738037,1027.818359375,0.0,90.42508697509766,0.9577103853225708,3.22096744145255,3.22096744145255,4.014915560161114,0.802250356997121
578,11689728,46220,361.6050109863281,1.826330542564392,361.6050109863281,1.826330542564392,1027.818359375,0.0,90.0654067993164,0.4548850357532501,3.22096744145255,3.22096744145255,4.014915560161114,0.802250356997121
579,11709952,46302,359.5770568847656,2.952542304992676,359.5770568847656,2.952542304992676,1027.818359375,0.0,89.560302734375,0.7353936433792114,3.22096744145255,3.22096744145255,4.014915560161114,0.802250356997121
580,11730176,46383,358.6769104003906,2.345039129257202,358.6769104003906,2.345039129257202,1027.818359375,0.0,89.33609771728516,0.584082305431366,3.22096744145255,3.22096744145255,4.014915560161114,0.802250356997121
581,11750400,46465,366.9226989746094,5.77907133102417,366.9226989746094,5.77907133102417,1027.818359375,0.0,91.389892578125,1.4394023418426514,3.22096744145255,3.22096744145255,4.014915560161114,0.802250356997121
582,11770624,46547,360.6112976074219,5.750456809997559,360.6112976074219,5.750456809997559,1027.818359375,0.0,89.81790161132812,1.4322733879089355,3.22096744145255,3.22096744145255,4.014915560161114,0.802250356997121
583,11790848,46629,361.0204162597656,4.277669429779053,361.0204162597656,4.277669429779053,1027.818359375,0.0,89.91980743408203,1.0654412508010864,3.22096744145255,3.22096744145255,4.014915560161114,0.802250356997121
584,11811072,46711,364.8193359375,3.1250991821289062,364.8193359375,3.1250991821289062,1027.818359375,0.0,90.86600494384766,0.7783748507499695,3.22096744145255,3.22096744145255,4.014915560161114,0.802250356997121
585,11831296,46793,359.0938415527344,1.783239483833313,359.0938415527344,1.783239483833313,1027.818359375,0.0,89.4399642944336,0.44415509700775146,3.22096744145255,3.22096744145255,4.014915560161114,0.802250356997121
586,11851520,46875,364.5107421875,6.0664825439453125,364.5107421875,6.0664825439453125,1027.818359375,0.0,90.78914642333984,1.510988712310791,3.22096744145255,3.22096744145255,4.014915560161114,0.802250356997121
587,11871744,46956,359.5223083496094,3.817401647567749,359.5223083496094,3.817401647567749,1027.818359375,0.0,89.54666900634766,0.9508044719696045,3.22096744145255,3.22096744145255,4.014915560161114,0.802250356997121
588,11891968,47038,362.8420715332031,3.565934419631958,362.8420715332031,3.565934419631958,1027.818359375,0.0,90.37352752685547,0.8881736993789673,3.22096744145255,3.22096744145255,4.014915560161114,0.802250356997121
589,11912192,47119,360.3497009277344,0.2572706341743469,360.3497009277344,0.2572706341743469,1027.818359375,0.0,89.75274658203125,0.06407532840967178,3.22096744145255,3.22096744145255,4.014915560161114,0.802250356997121
590,11932416,47202,361.2433166503906,10.293851852416992,361.2433166503906,10.293851852416992,1027.818359375,0.0,89.9753189086914,2.5639026165008545,3.22096744145255,3.22096744145255,4.014915560161114,0.802250356997121
591,11952640,47284,363.7347717285156,3.805680990219116,363.7347717285156,3.805680990219116,1027.818359375,0.0,90.59587860107422,0.9478864073753357,3.22096744145255,3.22096744145255,4.014915560161114,0.802250356997121
592,11972864,47366,361.1075744628906,4.686464309692383,361.1075744628906,4.686464309692383,1027.818359375,0.0,89.9415054321289,1.1672637462615967,3.22096744145255,3.22096744145255,4.014915560161114,0.802250356997121
593,11993088,47447,358.8681945800781,2.122422218322754,358.8681945800781,2.122422218322754,1027.818359375,0.0,89.38375091552734,0.528637170791626,3.22096744145255,3.22096744145255,4.014915560161114,0.802250356997121
594,12013312,47529,358.69091796875,3.4605324268341064,358.69091796875,3.4605324268341064,1027.818359375,0.0,89.33959197998047,0.8619191646575928,3.22096744145255,3.22096744145255,4.014915560161114,0.802250356997121
595,12033536,47611,367.0264587402344,7.216483116149902,367.0264587402344,7.216483116149902,1027.818359375,0.0,91.41573333740234,1.7974165678024292,3.22096744145255,3.22096744145255,4.014915560161114,0.802250356997121
596,12053760,47692,361.6479187011719,1.926168441772461,361.6479187011719,1.926168441772461,1027.818359375,0.0,90.07608795166016,0.47975632548332214,3.22096744145255,3.22096744145255,4.014915560161114,0.802250356997121
597,12073984,47774,364.2094421386719,1.8792606592178345,364.2094421386719,1.8792606592178345,1027.818359375,0.0,90.71410369873047,0.4680686593055725,3.22096744145255,3.22096744145255,4.014915560161114,0.802250356997121
598,12094208,47856,360.481689453125,2.4490206241607666,360.481689453125,2.4490206241607666,1027.818359375,0.0,89.7856216430664,0.6099819540977478,3.22096744145255,3.22096744145255,4.014915560161114,0.802250356997121
599,12114432,47939,359.4430847167969,4.986557483673096,359.4430847167969,4.986557483673096,1027.818359375,0.0,89.52693939208984,1.2420061826705933,3.22096744145255,3.22096744145255,4.014915560161114,0.802250356997121
600,12134656,48022,365.0148010253906,0.7930137515068054,365.0148010253906,0.7930137515068054,1027.818359375,0.0,90.9146957397461,0.19751965999603271,3.22096744145255,3.22096744145255,4.014915560161114,0.802250356997121
601,12154880,48103,361.28271484375,1.2527252435684204,361.28271484375,1.2527252435684204,1027.818359375,0.0,89.98513793945312,0.3120143711566925,3.22096744145255,3.22096744145255,4.014915560161114,0.802250356997121
602,12175104,48185,359.9984436035156,0.3288768529891968,359.9984436035156,0.3288768529891968,1027.818359375,0.0,89.6652603149414,0.08191204816102982,3.22096744145255,3.22096744145255,4.014915560161114,0.802250356997121
603,12195328,48267,359.1296691894531,6.722962856292725,359.1296691894531,6.722962856292725,1027.818359375,0.0,89.4488754272461,1.6744962930679321,3.22096744145255,3.22096744145255,4.014915560161114,0.802250356997121
604,12215552,48350,362.40283203125,5.897010326385498,362.40283203125,5.897010326385498,1027.818359375,0.0,90.26412200927734,1.4687778949737549,3.22096744145255,3.22096744145255,4.014915560161114,0.802250356997121
605,12235776,48432,361.7909240722656,2.7938201427459717,361.7909240722656,2.7938201427459717,1027.818359375,0.0,90.1117172241211,0.6958577632904053,3.22096744145255,3.22096744145255,4.014915560161114,0.802250356997121
606,12256000,48514,362.1930236816406,1.5991636514663696,362.1930236816406,1.5991636514663696,1027.818359375,0.0,90.21187591552734,0.39830318093299866,3.22096744145255,3.22096744145255,4.014915560161114,0.802250356997121
607,12276224,48596,361.779541015625,7.003948211669922,361.779541015625,7.003948211669922,1027.818359375,0.0,90.10887908935547,1.7444840669631958,3.22096744145255,3.22096744145255,4.014915560161114,0.802250356997121
608,12296448,48678,361.77783203125,2.7363288402557373,361.77783203125,2.7363288402557373,1027.818359375,0.0,90.10843658447266,0.6815423369407654,3.22096744145255,3.22096744145255,4.014915560161114,0.802250356997121
609,12316672,48759,359.3948669433594,1.152532935142517,359.3948669433594,1.152532935142517,1027.818359375,0.0,89.51492309570312,0.28705984354019165,3.22096744145255,3.22096744145255,4.014915560161114,0.802250356997121
610,12336896,48842,358.2793273925781,3.440330982208252,358.2793273925781,3.440330982208252,1027.818359375,0.0,89.2370834350586,0.8568887710571289,3.22096744145255,3.22096744145255,4.014915560161114,0.802250356997121
611,12357120,48924,361.6764221191406,3.135401725769043,361.6764221191406,3.135401725769043,1027.818359375,0.0,90.08319091796875,0.7809370756149292,3.22096744145255,3.22096744145255,4.014915560161114,0.802250356997121
612,12377344,49007,364.4981689453125,4.393364429473877,364.4981689453125,4.393364429473877,1027.818359375,0.0,90.7860107421875,1.0942648649215698,3.22096744145255,3.22096744145255,4.014915560161114,0.802250356997121
613,12397568,49089,366.245849609375,3.514493465423584,366.245849609375,3.514493465423584,1027.818359375,0.0,91.2213134765625,0.8753593564033508,3.22096744145255,3.22096744145255,4.014915560161114,0.802250356997121
614,12417792,49171,364.7680358886719,4.0871100425720215,364.7680358886719,4.0871100425720215,1027.818359375,0.0,90.85323333740234,1.0179816484451294,3.22096744145255,3.22096744145255,4.014915560161114,0.802250356997121
615,12438016,49253,357.9694519042969,4.202878475189209,357.9694519042969,4.202878475189209,1027.818359375,0.0,89.1598892211914,1.046818733215332,3.22096744145255,3.22096744145255,4.014915560161114,0.802250356997121
616,12458240,49335,359.2813415527344,4.33669376373291,359.2813415527344,4.33669376373291,1027.818359375,0.0,89.48663330078125,1.080146074295044,3.22096744145255,3.22096744145255,4.014915560161114,0.802250356997121
617,12478464,49417,362.517333984375,4.001043796539307,362.517333984375,4.001043796539307,1027.818359375,0.0,90.29265594482422,0.9965409636497498,3.22096744145255,3.22096744145255,4.014915560161114,0.802250356997121
618,12498688,49499,360.4342041015625,0.5102885365486145,360.4342041015625,0.5102885365486145,1027.818359375,0.0,89.77379608154297,0.12710076570510864,3.22096744145255,3.22096744145255,4.014915560161114,0.802250356997121
619,12518912,49581,363.52099609375,4.761633396148682,363.52099609375,4.761633396148682,1027.818359375,0.0,90.54263305664062,1.1859816312789917,3.22096744145255,3.22096744145255,4.014915560161114,0.802250356997121
620,12539136,49662,360.6443176269531,2.9174094200134277,360.6443176269531,2.9174094200134277,1027.818359375,0.0,89.82613372802734,0.7266433835029602,3.22096744145255,3.22096744145255,4.014915560161114,0.802250356997121
621,12559360,49744,362.5339050292969,2.848616600036621,362.5339050292969,2.848616600036621,1027.818359375,0.0,90.29676055908203,0.7095072865486145,3.22096744145255,3.22096744145255,4.014915560161114,0.802250356997121
622,12579584,49825,361.4984130859375,5.684023857116699,361.4984130859375,5.684023857116699,1027.818359375,0.0,90.03885650634766,1.4157253503799438,3.22096744145255,3.22096744145255,4.014915560161114,0.802250356997121
623,12599808,49908,361.6871032714844,0.5354095101356506,361.6871032714844,0.5354095101356506,1027.818359375,0.0,90.08585357666016,0.13335496187210083,3.22096744145255,3.22096744145255,4.014915560161114,0.802250356997121
624,12620032,49989,359.3968505859375,4.61496639251709,359.3968505859375,4.61496639251709,1027.818359375,0.0,89.51541900634766,1.1494534015655518,3.22096744145255,3.22096744145255,4.014915560161114,0.802250356997121
625,12640256,50072,363.3462219238281,7.009196758270264,363.3462219238281,7.009196758270264,1027.818359375,0.0,90.49909210205078,1.7457914352416992,3.22096744145255,3.22096744145255,4.014915560161114,0.802250356997121
626,12660480,50154,358.1864929199219,1.8141292333602905,358.1864929199219,1.8141292333602905,1027.818359375,0.0,89.21395111083984,0.451844722032547,3.22096744145255,3.22096744145255,4.014915560161114,0.802250356997121
627,12680704,50236,365.0402526855469,5.279816627502441,365.0402526855469,5.279816627502441,1027.818359375,0.0,90.92102813720703,1.315050482749939,3.22096744145255,3.22096744145255,4.014915560161114,0.802250356997121
628,12700928,50317,358.1271057128906,5.249116897583008,358.1271057128906,5.249116897583008,1027.818359375,0.0,89.19916534423828,1.3074032068252563,3.22096744145255,3.22096744145255,4.014915560161114,0.802250356997121
629,12721152,50400,361.6536865234375,4.00417423248291,361.6536865234375,4.00417423248291,1027.818359375,0.0,90.07752227783203,0.9973222017288208,3.22096744145255,3.22096744145255,4.014915560161114,0.802250356997121
630,12741376,50482,360.1122741699219,1.1089818477630615,360.1122741699219,1.1089818477630615,1027.818359375,0.0,89.69361114501953,0.2762116491794586,3.22096744145255,3.22096744145255,4.014915560161114,0.802250356997121
631,12761600,50564,360.2630615234375,2.856029987335205,360.2630615234375,2.856029987335205,1027.818359375,0.0,89.73117065429688,0.7113586664199829,3.22096744145255,3.22096744145255,4.014915560161114,0.802250356997121
632,12781824,50645,361.0904541015625,4.7962517738342285,361.0904541015625,4.7962517738342285,1027.818359375,0.0,89.9372329711914,1.194606900215149,3.22096744145255,3.22096744145255,4.014915560161114,0.802250356997121
633,12802048,50727,361.6391906738281,6.307109832763672,361.6391906738281,6.307109832763672,1027.818359375,0.0,90.07392120361328,1.5709173679351807,3.22096744145255,3.22096744145255,4.014915560161114,0.802250356997121
634,12822272,50809,360.2095642089844,2.7476344108581543,360.2095642089844,2.7476344108581543,1027.818359375,0.0,89.71784210205078,0.6843600273132324,3.22096744145255,3.22096744145255,4.014915560161114,0.802250356997121
635,12842496,50891,362.3678283691406,8.414562225341797,362.3678283691406,8.414562225341797,1027.818359375,0.0,90.25540924072266,2.095825672149658,3.22096744145255,3.22096744145255,4.014915560161114,0.802250356997121
636,12862720,50973,356.8814697265625,6.028486728668213,356.8814697265625,6.028486728668213,1027.818359375,0.0,88.888916015625,1.5015236139297485,3.22096744145255,3.22096744145255,4.014915560161114,0.802250356997121
637,12882944,51055,363.7254333496094,3.6232876777648926,363.7254333496094,3.6232876777648926,1027.818359375,0.0,90.59354400634766,0.9024532437324524,3.22096744145255,3.22096744145255,4.014915560161114,0.802250356997121
638,12903168,51137,366.0607604980469,5.975462436676025,366.0607604980469,5.975462436676025,1027.818359375,0.0,91.17520904541016,1.4883171319961548,3.22096744145255,3.22096744145255,4.014915560161114,0.802250356997121
639,12923392,51219,360.4640197753906,1.3402910232543945,360.4640197753906,1.3402910232543945,1027.818359375,0.0,89.7812271118164,0.33383041620254517,3.22096744145255,3.22096744145255,4.014915560161114,0.802250356997121
640,12943616,51301,362.471435546875,3.742518901824951,362.471435546875,3.742518901824951,1027.818359375,0.0,90.28121185302734,0.9321504831314087,3.22096744145255,3.22096744145255,4.014915560161114,0.802250356997121
641,12963840,51383,358.859619140625,4.55087947845459,358.859619140625,4.55087947845459,1027.818359375,0.0,89.3816146850586,1.1334909200668335,3.22096744145255,3.22096744145255,4.014915560161114,0.802250356997121
642,12984064,51465,364.7580261230469,4.3223137855529785,364.7580261230469,4.3223137855529785,1027.818359375,0.0,90.8507308959961,1.0765684843063354,3.22096744145255,3.22096744145255,4.014915560161114,0.802250356997121
643,13004288,51547,364.1678161621094,4.673036098480225,364.1678161621094,4.673036098480225,1027.818359375,0.0,90.70372772216797,1.1639177799224854,3.22096744145255,3.22096744145255,4.014915560161114,0.802250356997121
644,13024512,51628,358.8768310546875,8.504104614257812,358.8768310546875,8.504104614257812,1027.818359375,0.0,89.38589477539062,2.1181254386901855,3.22096744145255,3.22096744145255,4.014915560161114,0.802250356997121
645,13044736,51709,358.8316345214844,1.0095100402832031,358.8316345214844,1.0095100402832031,1027.818359375,0.0,89.37464141845703,0.2514367997646332,3.22096744145255,3.22096744145255,4.014915560161114,0.802250356997121
646,13064960,51791,359.23291015625,5.798707962036133,359.23291015625,5.798707962036133,1027.818359375,0.0,89.4745864868164,1.4442914724349976,3.22096744145255,3.22096744145255,4.014915560161114,0.802250356997121
647,13085184,51872,360.6839294433594,3.645880937576294,360.6839294433594,3.645880937576294,1027.818359375,0.0,89.83599853515625,0.9080799221992493,3.22096744145255,3.22096744145255,4.014915560161114,0.802250356997121
648,13105408,51954,359.4356384277344,2.8279306888580322,359.4356384277344,2.8279306888580322,1027.818359375,0.0,89.52507781982422,0.7043555378913879,3.22096744145255,3.22096744145255,4.014915560161114,0.802250356997121
649,13125632,52037,363.2640075683594,4.485799789428711,363.2640075683594,4.485799789428711,1027.818359375,0.0,90.4786148071289,1.1172840595245361,3.22096744145255,3.22096744145255,4.014915560161114,0.802250356997121
650,13145856,52119,359.2237243652344,2.6314244270324707,359.2237243652344,2.6314244270324707,1027.818359375,0.0,89.4722900390625,0.65541672706604,3.22096744145255,3.22096744145255,4.014915560161114,0.802250356997121
651,13166080,52202,364.1278991699219,2.4491212368011475,364.1278991699219,2.4491212368011475,1027.818359375,0.0,90.69378662109375,0.6100068092346191,3.22096744145255,3.22096744145255,4.014915560161114,0.802250356997121
652,13186304,52284,360.0573425292969,2.1253502368927,360.0573425292969,2.1253502368927,1027.818359375,0.0,89.679931640625,0.5293589234352112,3.22096744145255,3.22096744145255,4.014915560161114,0.802250356997121
653,13206528,52366,360.7006530761719,6.249029159545898,360.7006530761719,6.249029159545898,1027.818359375,0.0,89.84015655517578,1.5564519166946411,3.22096744145255,3.22096744145255,4.014915560161114,0.802250356997121
654,13226752,52448,362.1513671875,6.018799304962158,362.1513671875,6.018799304962158,1027.818359375,0.0,90.20148468017578,1.499113917350769,3.22096744145255,3.22096744145255,4.014915560161114,0.802250356997121
655,13246976,52531,362.6639709472656,1.5951189994812012,362.6639709472656,1.5951189994812012,1027.818359375,0.0,90.32916259765625,0.39729976654052734,3.22096744145255,3.22096744145255,4.014915560161114,0.802250356997121
656,13267200,52613,358.4306640625,2.6945385932922363,358.4306640625,2.6945385932922363,1027.818359375,0.0,89.2747573852539,0.6711334586143494,3.22096744145255,3.22096744145255,4.014915560161114,0.802250356997121
657,13287424,52696,358.8492431640625,3.986480951309204,358.8492431640625,3.986480951309204,1027.818359375,0.0,89.3790283203125,0.9929165244102478,3.22096744145255,3.22096744145255,4.014915560161114,0.802250356997121
658,13307648,52777,362.6875305175781,0.8861561417579651,362.6875305175781,0.8861561417579651,1027.818359375,0.0,90.33504486083984,0.22071576118469238,3.22096744145255,3.22096744145255,4.014915560161114,0.802250356997121
659,13327872,52859,364.5591735839844,5.369041919708252,364.5591735839844,5.369041919708252,1027.818359375,0.0,90.80120849609375,1.3372732400894165,3.22096744145255,3.22096744145255,4.014915560161114,0.802250356997121
660,13348096,52941,356.8518981933594,5.350135803222656,356.8518981933594,5.350135803222656,1027.818359375,0.0,88.88153839111328,1.332565188407898,3.22096744145255,3.22096744145255,4.014915560161114,0.802250356997121
661,13368320,53023,361.4733581542969,2.9761037826538086,361.4733581542969,2.9761037826538086,1027.818359375,0.0,90.0326156616211,0.741260826587677,3.22096744145255,3.22096744145255,4.014915560161114,0.802250356997121
662,13388544,53105,360.348388671875,0.9871113300323486,360.348388671875,0.9871113300323486,1027.818359375,0.0,89.7524185180664,0.24586065113544464,3.22096744145255,3.22096744145255,4.014915560161114,0.802250356997121
663,13408768,53187,363.9112243652344,7.168504238128662,363.9112243652344,7.168504238128662,1027.818359375,0.0,90.63980865478516,1.7854695320129395,3.22096744145255,3.22096744145255,4.014915560161114,0.802250356997121
664,13428992,53269,361.1738586425781,6.750672817230225,361.1738586425781,6.750672817230225,1027.818359375,0.0,89.9580307006836,1.6813963651657104,3.22096744145255,3.22096744145255,4.014915560161114,0.802250356997121
665,13449216,53351,364.3559875488281,2.9696238040924072,364.3559875488281,2.9696238040924072,1027.818359375,0.0,90.75060272216797,0.7396501302719116,3.22096744145255,3.22096744145255,4.014915560161114,0.802250356997121
666,13469440,53433,358.467529296875,7.565837383270264,358.467529296875,7.565837383270264,1027.818359375,0.0,89.28394317626953,1.8844329118728638,3.22096744145255,3.22096744145255,4.014915560161114,0.802250356997121
667,13489664,53514,363.2680969238281,1.9575127363204956,363.2680969238281,1.9575127363204956,1027.818359375,0.0,90.47964477539062,0.48756173253059387,3.22096744145255,3.22096744145255,4.014915560161114,0.802250356997121
668,13509888,53596,362.3580322265625,0.9170196652412415,362.3580322265625,0.9170196652412415,1027.818359375,0.0,90.25296783447266,0.22840093076229095,3.22096744145255,3.22096744145255,4.014915560161114,0.802250356997121
669,13530112,53679,360.4637756347656,5.506598472595215,360.4637756347656,5.506598472595215,1027.818359375,0.0,89.78115844726562,1.3715362548828125,3.22096744145255,3.22096744145255,4.014915560161114,0.802250356997121
670,13550336,53761,360.142333984375,4.9006733894348145,360.142333984375,4.9006733894348145,1027.818359375,0.0,89.70108795166016,1.2206155061721802,3.22096744145255,3.22096744145255,4.014915560161114,0.802250356997121
671,13570560,53842,359.3647766113281,8.276881217956543,359.3647766113281,8.276881217956543,1027.818359375,0.0,89.5074234008789,2.061532735824585,3.22096744145255,3.22096744145255,4.014915560161114,0.802250356997121
672,13590784,53924,360.1626281738281,4.724483489990234,360.1626281738281,4.724483489990234,1027.818359375,0.0,89.7061538696289,1.176734447479248,3.432088080961191,3.432088080961191,4.014915560161114,0.8548344366234852
673,13611008,54006,362.171630859375,7.936961650848389,362.171630859375,7.936961650848389,1027.818359375,0.0,90.20654296875,1.9768691062927246,3.432088080961191,3.432088080961191,4.014915560161114,0.8548344366234852
674,13631232,54088,359.3836364746094,3.9424586296081543,359.3836364746094,3.9424586296081543,1027.818359375,0.0,89.51212310791016,0.9819525480270386,3.432088080961191,3.432088080961191,4.014915560161114,0.8548344366234852
675,13651456,54171,359.7055358886719,1.4159049987792969,359.7055358886719,1.4159049987792969,1027.818359375,0.0,89.5923080444336,0.3526652753353119,3.432088080961191,3.432088080961191,4.014915560161114,0.8548344366234852
676,13671680,54252,363.2931213378906,5.874209403991699,363.2931213378906,5.874209403991699,1027.818359375,0.0,90.4858627319336,1.463095784187317,3.432088080961191,3.432088080961191,4.014915560161114,0.8548344366234852
677,13691904,54334,361.5330505371094,5.450864791870117,361.5330505371094,5.450864791870117,1027.818359375,0.0,90.04747772216797,1.3576538562774658,3.432088080961191,3.432088080961191,4.014915560161114,0.8548344366234852
678,13712128,54416,359.9349060058594,4.935916423797607,359.9349060058594,4.935916423797607,1027.818359375,0.0,89.6494369506836,1.2293962240219116,3.432088080961191,3.432088080961191,4.014915560161114,0.8548344366234852
679,13732352,54498,360.9578857421875,4.852818012237549,360.9578857421875,4.852818012237549,1027.818359375,0.0,89.90423583984375,1.2086948156356812,3.432088080961191,3.432088080961191,4.014915560161114,0.8548344366234852
680,13752576,54579,361.6291809082031,1.0676907300949097,361.6291809082031,1.0676907300949097,1027.818359375,0.0,90.0714340209961,0.26592782139778137,3.432088080961191,3.432088080961191,4.014915560161114,0.8548344366234852
681,13772800,54661,364.7761535644531,5.280427932739258,364.7761535644531,5.280427932739258,1027.818359375,0.0,90.8552474975586,1.315202236175537,3.432088080961191,3.432088080961191,4.014915560161114,0.8548344366234852
682,13793024,54744,365.6921691894531,7.438401699066162,365.6921691894531,7.438401699066162,1027.818359375,0.0,91.08340454101562,1.852691411972046,3.432088080961191,3.432088080961191,4.014915560161114,0.8548344366234852
683,13813248,54827,363.9329528808594,3.784092903137207,363.9329528808594,3.784092903137207,1027.818359375,0.0,90.64523315429688,0.9425094127655029,3.432088080961191,3.432088080961191,4.014915560161114,0.8548344366234852
684,13833472,54909,359.3981628417969,4.117814540863037,359.3981628417969,4.117814540863037,1027.818359375,0.0,89.5157470703125,1.0256285667419434,3.432088080961191,3.432088080961191,4.014915560161114,0.8548344366234852
685,13853696,54990,365.7049865722656,4.920380592346191,365.7049865722656,4.920380592346191,1027.818359375,0.0,91.08658599853516,1.225527286529541,3.432088080961191,3.432088080961191,4.014915560161114,0.8548344366234852
686,13873920,55071,360.1921691894531,3.9742143154144287,360.1921691894531,3.9742143154144287,1027.818359375,0.0,89.7135238647461,0.9898619651794434,3.432088080961191,3.432088080961191,4.014915560161114,0.8548344366234852
687,13894144,55154,365.136962890625,2.943793535232544,365.136962890625,2.943793535232544,1027.818359375,0.0,90.94510650634766,0.7332106828689575,3.432088080961191,3.432088080961191,4.014915560161114,0.8548344366234852
688,13914368,55237,357.6053771972656,4.362771987915039,357.6053771972656,4.362771987915039,1027.818359375,0.0,89.0692138671875,1.0866416692733765,3.432088080961191,3.432088080961191,4.014915560161114,0.8548344366234852
689,13934592,55319,362.9858093261719,1.9538962841033936,362.9858093261719,1.9538962841033936,1027.818359375,0.0,90.4093246459961,0.48666107654571533,3.432088080961191,3.432088080961191,4.014915560161114,0.8548344366234852
690,13954816,55401,362.5302734375,2.841120719909668,362.5302734375,2.841120719909668,1027.818359375,0.0,90.29586791992188,0.7076401114463806,3.432088080961191,3.432088080961191,4.014915560161114,0.8548344366234852
691,13975040,55483,360.3570251464844,4.257282733917236,360.3570251464844,4.257282733917236,1027.818359375,0.0,89.75457763671875,1.0603671073913574,3.432088080961191,3.432088080961191,4.014915560161114,0.8548344366234852
692,13995264,55566,364.8934020996094,3.517878532409668,364.8934020996094,3.517878532409668,1027.818359375,0.0,90.88445281982422,0.8762056827545166,3.432088080961191,3.432088080961191,4.014915560161114,0.8548344366234852
693,14015488,55647,362.0018310546875,2.9766368865966797,362.0018310546875,2.9766368865966797,1027.818359375,0.0,90.16424560546875,0.7413971424102783,3.432088080961191,3.432088080961191,4.014915560161114,0.8548344366234852
694,14035712,55730,361.2593688964844,9.644067764282227,361.2593688964844,9.644067764282227,1027.818359375,0.0,89.97931671142578,2.4020590782165527,3.432088080961191,3.432088080961191,4.014915560161114,0.8548344366234852
695,14055936,55812,360.4598693847656,3.3499391078948975,360.4598693847656,3.3499391078948975,1027.818359375,0.0,89.78018951416016,0.834374189376831,3.432088080961191,3.432088080961191,4.014915560161114,0.8548344366234852
696,14076160,55895,358.904296875,6.915009021759033,358.904296875,6.915009021759033,1027.818359375,0.0,89.39273834228516,1.7223299741744995,3.432088080961191,3.432088080961191,4.014915560161114,0.8548344366234852
697,14096384,55977,358.6817932128906,1.869830846786499,358.6817932128906,1.869830846786499,1027.818359375,0.0,89.33731842041016,0.4657169580459595,3.432088080961191,3.432088080961191,4.014915560161114,0.8548344366234852
698,14116608,56058,361.3203125,2.256248950958252,361.3203125,2.256248950958252,1027.818359375,0.0,89.9944839477539,0.5619652271270752,3.432088080961191,3.432088080961191,4.014915560161114,0.8548344366234852
699,14136832,56140,363.60205078125,2.870732069015503,363.60205078125,2.870732069015503,1027.818359375,0.0,90.56282806396484,0.7150180339813232,3.432088080961191,3.432088080961191,4.014915560161114,0.8548344366234852
700,14157056,56223,362.2361145019531,1.216247797012329,362.2361145019531,1.216247797012329,1027.818359375,0.0,90.22260284423828,0.30293360352516174,3.432088080961191,3.432088080961191,4.014915560161114,0.8548344366234852
701,14177280,56305,364.5487365722656,1.231021523475647,364.5487365722656,1.231021523475647,1027.818359375,0.0,90.7986068725586,0.30661043524742126,3.432088080961191,3.432088080961191,4.014915560161114,0.8548344366234852
702,14197504,56386,362.0447998046875,3.0895307064056396,362.0447998046875,3.0895307064056396,1027.818359375,0.0,90.1749496459961,0.769511878490448,3.432088080961191,3.432088080961191,4.014915560161114,0.8548344366234852
703,14217728,56468,359.9411315917969,3.0466041564941406,359.9411315917969,3.0466041564941406,1027.818359375,0.0,89.6509780883789,0.7588214874267578,3.432088080961191,3.432088080961191,4.014915560161114,0.8548344366234852
704,14237952,56550,360.7476501464844,5.455048561096191,360.7476501464844,5.455048561096191,1027.818359375,0.0,89.85186767578125,1.3586958646774292,3.432088080961191,3.432088080961191,4.014915560161114,0.8548344366234852
705,14258176,56632,363.6404113769531,3.7878613471984863,363.6404113769531,3.7878613471984863,1027.818359375,0.0,90.57238006591797,0.9434512257575989,3.432088080961191,3.432088080961191,4.014915560161114,0.8548344366234852
706,14278400,56713,361.981201171875,1.072104811668396,361.981201171875,1.072104811668396,1027.818359375,0.0,90.15909576416016,0.2670306861400604,3.432088080961191,3.432088080961191,4.014915560161114,0.8548344366234852
707,14298624,56795,358.8600158691406,4.806685924530029,358.8600158691406,4.806685924530029,1027.818359375,0.0,89.3817138671875,1.1972078084945679,3.432088080961191,3.432088080961191,4.014915560161114,0.8548344366234852
708,14318848,56877,363.4094543457031,3.283413887023926,363.4094543457031,3.283413887023926,1027.818359375,0.0,90.51483917236328,0.8178008198738098,3.432088080961191,3.432088080961191,4.014915560161114,0.8548344366234852
709,14339072,56960,356.95751953125,0.21292905509471893,356.95751953125,0.21292905509471893,1027.818359375,0.0,88.9078598022461,0.05303434282541275,3.432088080961191,3.432088080961191,4.014915560161114,0.8548344366234852
710,14359296,57041,363.760009765625,3.2745108604431152,363.760009765625,3.2745108604431152,1027.818359375,0.0,90.6021499633789,0.8155868053436279,3.432088080961191,3.432088080961191,4.014915560161114,0.8548344366234852
711,14379520,57123,367.5634765625,6.240865230560303,367.5634765625,6.240865230560303,1027.818359375,0.0,91.54949188232422,1.554420828819275,3.432088080961191,3.432088080961191,4.014915560161114,0.8548344366234852
712,14399744,57204,361.5535583496094,0.955677330493927,361.5535583496094,0.955677330493927,1027.818359375,0.0,90.0525894165039,0.23803271353244781,3.432088080961191,3.432088080961191,4.014915560161114,0.8548344366234852
713,14419968,57287,360.966552734375,2.4764788150787354,360.966552734375,2.4764788150787354,1027.818359375,0.0,89.9063949584961,0.6168180108070374,3.432088080961191,3.432088080961191,4.014915560161114,0.8548344366234852
714,14440192,57369,362.2734069824219,3.2719569206237793,362.2734069824219,3.2719569206237793,1027.818359375,0.0,90.23188018798828,0.8149500489234924,3.432088080961191,3.432088080961191,4.014915560161114,0.8548344366234852
715,14460416,57451,359.8327941894531,4.301476001739502,359.8327941894531,4.301476001739502,1027.818359375,0.0,89.6240005493164,1.071374535560608,3.432088080961191,3.432088080961191,4.014915560161114,0.8548344366234852
716,14480640,57532,360.8328857421875,2.292741060256958,360.8328857421875,2.292741060256958,1027.818359375,0.0,89.87308502197266,0.5710538029670715,3.432088080961191,3.432088080961191,4.014915560161114,0.8548344366234852
717,14500864,57614,363.6673278808594,3.265547513961792,363.6673278808594,3.265547513961792,1027.818359375,0.0,90.57907104492188,0.8133552074432373,3.432088080961191,3.432088080961191,4.014915560161114,0.8548344366234852
718,14521088,57696,359.9831237792969,3.948119640350342,359.9831237792969,3.948119640350342,1027.818359375,0.0,89.66143798828125,0.9833595156669617,3.432088080961191,3.432088080961191,4.014915560161114,0.8548344366234852
719,14541312,57778,360.5595703125,2.820091962814331,360.5595703125,2.820091962814331,1027.818359375,0.0,89.8050308227539,0.7024036049842834,3.432088080961191,3.432088080961191,4.014915560161114,0.8548344366234852
720,14561536,57860,360.954345703125,4.000259876251221,360.954345703125,4.000259876251221,1027.818359375,0.0,89.9033432006836,0.9963518381118774,3.432088080961191,3.432088080961191,4.014915560161114,0.8548344366234852
721,14581760,57942,357.8260498046875,6.830517292022705,357.8260498046875,6.830517292022705,1027.818359375,0.0,89.12418365478516,1.70128333568573,3.432088080961191,3.432088080961191,4.014915560161114,0.8548344366234852
722,14601984,58024,360.3357238769531,3.059685230255127,360.3357238769531,3.059685230255127,1027.818359375,0.0,89.749267578125,0.7620804905891418,3.432088080961191,3.432088080961191,4.014915560161114,0.8548344366234852
723,14622208,58106,361.861328125,8.123966217041016,361.861328125,8.123966217041016,1027.818359375,0.0,90.1292495727539,2.0234479904174805,3.432088080961191,3.432088080961191,4.014915560161114,0.8548344366234852
724,14642432,58188,361.1741638183594,3.1157515048980713,361.1741638183594,3.1157515048980713,1027.818359375,0.0,89.95809936523438,0.7760449647903442,3.432088080961191,3.432088080961191,4.014915560161114,0.8548344366234852
725,14662656,58269,359.517333984375,3.6070189476013184,359.517333984375,3.6070189476013184,1027.818359375,0.0,89.5454330444336,0.8984014987945557,3.432088080961191,3.432088080961191,4.014915560161114,0.8548344366234852
726,14682880,58351,360.2281494140625,3.6897385120391846,360.2281494140625,3.6897385120391846,1027.818359375,0.0,89.72247314453125,0.919008731842041,3.432088080961191,3.432088080961191,4.014915560161114,0.8548344366234852
727,14703104,58434,355.6549987792969,4.1543097496032715,355.6549987792969,4.1543097496032715,1027.818359375,0.0,88.58343505859375,1.0347181558609009,3.432088080961191,3.432088080961191,4.014915560161114,0.8548344366234852
728,14723328,58516,361.9892578125,3.667538642883301,361.9892578125,3.667538642883301,1027.818359375,0.0,90.1611099243164,0.9134788513183594,3.432088080961191,3.432088080961191,4.014915560161114,0.8548344366234852
729,14743552,58597,362.8025817871094,2.8843648433685303,362.8025817871094,2.8843648433685303,1027.818359375,0.0,90.36368560791016,0.7184136509895325,3.432088080961191,3.432088080961191,4.014915560161114,0.8548344366234852
730,14763776,58679,359.1351623535156,5.496102333068848,359.1351623535156,5.496102333068848,1027.818359375,0.0,89.45023345947266,1.3689228296279907,3.432088080961191,3.432088080961191,4.014915560161114,0.8548344366234852
731,14784000,58760,366.709228515625,2.1442739963531494,366.709228515625,2.1442739963531494,1027.818359375,0.0,91.33672332763672,0.5340749025344849,3.432088080961191,3.432088080961191,4.014915560161114,0.8548344366234852
732,14804224,58842,358.4893493652344,1.582111120223999,358.4893493652344,1.582111120223999,1027.818359375,0.0,89.28939056396484,0.39406293630599976,3.432088080961191,3.432088080961191,4.014915560161114,0.8548344366234852
733,14824448,58924,357.5962829589844,3.272538900375366,357.5962829589844,3.272538900375366,1027.818359375,0.0,89.06695556640625,0.8150972723960876,3.432088080961191,3.432088080961191,4.014915560161114,0.8548344366234852
734,14844672,59006,363.6764221191406,4.182243347167969,363.6764221191406,4.182243347167969,1027.818359375,0.0,90.58133697509766,1.0416723489761353,3.432088080961191,3.432088080961191,4.014915560161114,0.8548344366234852
735,14864896,59088,361.4290771484375,5.356097221374512,361.4290771484375,5.356097221374512,1027.818359375,0.0,90.0215835571289,1.3340492248535156,3.432088080961191,3.432088080961191,4.014915560161114,0.8548344366234852
736,14885120,59170,360.2823486328125,3.890577793121338,360.2823486328125,3.890577793121338,1027.818359375,0.0,89.73596954345703,0.9690300226211548,3.432088080961191,3.432088080961191,4.014915560161114,0.8548344366234852
737,14905344,59252,361.1886291503906,4.057415962219238,361.1886291503906,4.057415962219238,1027.818359375,0.0,89.96170806884766,1.0105878114700317,3.432088080961191,3.432088080961191,4.014915560161114,0.8548344366234852
738,14925568,59334,360.9564514160156,1.7706561088562012,360.9564514160156,1.7706561088562012,1027.818359375,0.0,89.90386962890625,0.44101881980895996,3.432088080961191,3.432088080961191,4.014915560161114,0.8548344366234852
739,14945792,59416,364.0055236816406,4.363949298858643,364.0055236816406,4.363949298858643,1027.818359375,0.0,90.66329956054688,1.0869370698928833,3.432088080961191,3.432088080961191,4.014915560161114,0.8548344366234852
740,14966016,59498,359.6291198730469,4.778602123260498,359.6291198730469,4.778602123260498,1027.818359375,0.0,89.5732650756836,1.1902167797088623,3.432088080961191,3.432088080961191,4.014915560161114,0.8548344366234852
741,14986240,59580,361.4334411621094,3.042285442352295,361.4334411621094,3.042285442352295,1027.818359375,0.0,90.02267456054688,0.7577434778213501,3.432088080961191,3.432088080961191,4.014915560161114,0.8548344366234852
742,15006464,59661,363.005615234375,1.9031771421432495,363.005615234375,1.9031771421432495,1027.818359375,0.0,90.41426849365234,0.47402727603912354,3.432088080961191,3.432088080961191,4.014915560161114,0.8548344366234852
743,15026688,59742,361.3023681640625,4.498180866241455,361.3023681640625,4.498180866241455,1027.818359375,0.0,89.99002838134766,1.1203662157058716,3.432088080961191,3.432088080961191,4.014915560161114,0.8548344366234852
744,15046912,59824,362.1334533691406,5.939468860626221,362.1334533691406,5.939468860626221,1027.818359375,0.0,90.197021484375,1.4793545007705688,3.432088080961191,3.432088080961191,4.014915560161114,0.8548344366234852
745,15067136,59906,363.6418151855469,4.524752140045166,363.6418151855469,4.524752140045166,1027.818359375,0.0,90.57271575927734,1.1269811391830444,3.432088080961191,3.432088080961191,4.014915560161114,0.8548344366234852
746,15087360,59987,364.4296875,5.131363391876221,364.4296875,5.131363391876221,1027.818359375,0.0,90.76895141601562,1.278078556060791,3.432088080961191,3.432088080961191,4.014915560161114,0.8548344366234852
747,15107584,60069,363.028564453125,3.1644740104675293,363.028564453125,3.1644740104675293,1027.818359375,0.0,90.41998291015625,0.7881804704666138,3.432088080961191,3.432088080961191,4.014915560161114,0.8548344366234852
748,15127808,60151,360.6026611328125,5.133876800537109,360.6026611328125,5.133876800537109,1027.818359375,0.0,89.81575775146484,1.2787035703659058,3.432088080961191,3.432088080961191,4.014915560161114,0.8548344366234852
749,15148032,60234,362.021728515625,2.7192981243133545,362.021728515625,2.7192981243133545,1027.818359375,0.0,90.16919708251953,0.6773003339767456,3.432088080961191,3.432088080961191,4.014915560161114,0.8548344366234852
750,15168256,60315,362.2789611816406,4.6022467613220215,362.2789611816406,4.6022467613220215,1027.818359375,0.0,90.2332763671875,1.1462904214859009,3.432088080961191,3.432088080961191,4.014915560161114,0.8548344366234852
751,15188480,60397,360.8597412109375,3.210418701171875,360.8597412109375,3.210418701171875,1027.818359375,0.0,89.8797836303711,0.7996249198913574,3.432088080961191,3.432088080961191,4.014915560161114,0.8548344366234852
752,15208704,60479,361.9659118652344,4.901943683624268,361.9659118652344,4.901943683624268,1027.818359375,0.0,90.1552963256836,1.2209341526031494,3.432088080961191,3.432088080961191,4.014915560161114,0.8548344366234852
753,15228928,60562,362.5528564453125,4.307491302490234,362.5528564453125,4.307491302490234,1027.818359375,0.0,90.3014907836914,1.0728703737258911,3.432088080961191,3.432088080961191,4.014915560161114,0.8548344366234852
754,15249152,60644,364.0396728515625,5.9270429611206055,364.0396728515625,5.9270429611206055,1027.818359375,0.0,90.67181396484375,1.4762539863586426,3.432088080961191,3.432088080961191,4.014915560161114,0.8548344366234852
755,15269376,60725,361.2066955566406,1.3129338026046753,361.2066955566406,1.3129338026046753,1027.818359375,0.0,89.96619415283203,0.3270159661769867,3.432088080961191,3.432088080961191,4.014915560161114,0.8548344366234852
756,15289600,60806,365.3473815917969,5.783186435699463,365.3473815917969,5.783186435699463,1027.818359375,0.0,90.99752044677734,1.4404252767562866,3.432088080961191,3.432088080961191,4.014915560161114,0.8548344366234852
757,15309824,60889,362.1109924316406,0.5263934135437012,362.1109924316406,0.5263934135437012,1027.818359375,0.0,90.19143676757812,0.13110724091529846,3.432088080961191,3.432088080961191,4.014915560161114,0.8548344366234852
758,15330048,60970,365.6439208984375,3.0839056968688965,365.6439208984375,3.0839056968688965,1027.818359375,0.0,91.0713882446289,0.7681127786636353,3.432088080961191,3.432088080961191,4.014915560161114,0.8548344366234852
759,15350272,61053,364.8966369628906,2.881779193878174,364.8966369628906,2.881779193878174,1027.818359375,0.0,90.88525390625,0.7177699208259583,3.432088080961191,3.432088080961191,4.014915560161114,0.8548344366234852
760,15370496,61134,365.7997741699219,4.09299373626709,365.7997741699219,4.09299373626709,1027.818359375,0.0,91.11019897460938,1.0194478034973145,3.432088080961191,3.432088080961191,4.014915560161114,0.8548344366234852
761,15390720,61216,367.163330078125,3.2100112438201904,367.163330078125,3.2100112438201904,1027.818359375,0.0,91.4498291015625,0.79952073097229,3.432088080961191,3.432088080961191,4.014915560161114,0.8548344366234852
762,15410944,61298,360.9797058105469,2.517216444015503,360.9797058105469,2.517216444015503,1027.818359375,0.0,89.90966033935547,0.6269673109054565,3.432088080961191,3.432088080961191,4.014915560161114,0.8548344366234852
763,15431168,61380,366.6027526855469,3.860734224319458,366.6027526855469,3.860734224319458,1027.818359375,0.0,91.3102035522461,0.9616015553474426,3.432088080961191,3.432088080961191,4.014915560161114,0.8548344366234852
764,15451392,61461,366.3467712402344,1.1867226362228394,366.3467712402344,1.1867226362228394,1027.818359375,0.0,91.2464370727539,0.2955798804759979,3.432088080961191,3.432088080961191,4.014915560161114,0.8548344366234852
765,15471616,61543,361.6289367675781,5.324671745300293,361.6289367675781,5.324671745300293,1027.818359375,0.0,90.07137298583984,1.3262220621109009,3.432088080961191,3.432088080961191,4.014915560161114,0.8548344366234852
766,15491840,61625,363.6178894042969,2.346637010574341,363.6178894042969,2.346637010574341,1027.818359375,0.0,90.5667495727539,0.5844818949699402,3.432088080961191,3.432088080961191,4.014915560161114,0.8548344366234852
767,15512064,61707,360.0325622558594,3.8003437519073486,360.0325622558594,3.8003437519073486,1027.818359375,0.0,89.67375946044922,0.9465560913085938,3.432088080961191,3.432088080961191,4.014915560161114,0.8548344366234852
768,15532288,61788,365.0861511230469,1.6662040948867798,365.0861511230469,1.6662040948867798,1027.818359375,0.0,90.93245697021484,0.4150029420852661,3.432088080961191,3.432088080961191,4.014915560161114,0.8548344366234852
769,15552512,61869,364.1640625,3.1054396629333496,364.1640625,3.1054396629333496,1027.818359375,0.0,90.70279693603516,0.7734758257865906,3.432088080961191,3.432088080961191,4.014915560161114,0.8548344366234852
770,15572736,61951,357.3984375,4.109816551208496,357.3984375,4.109816551208496,1027.818359375,0.0,89.01766967773438,1.0236358642578125,3.432088080961191,3.432088080961191,4.014915560161114,0.8548344366234852
771,15592960,62033,358.1495056152344,5.277046203613281,358.1495056152344,5.277046203613281,1027.818359375,0.0,89.20474243164062,1.3143624067306519,3.432088080961191,3.432088080961191,4.014915560161114,0.8548344366234852
772,15613184,62115,361.8051452636719,5.7126359939575195,361.8051452636719,5.7126359939575195,1027.818359375,0.0,90.11524200439453,1.4228546619415283,3.432088080961191,3.432088080961191,4.014915560161114,0.8548344366234852
773,15633408,62197,361.263671875,2.781285047531128,361.263671875,2.781285047531128,1027.818359375,0.0,89.98038482666016,0.6927395462989807,3.432088080961191,3.432088080961191,4.014915560161114,0.8548344366234852
774,15653632,62278,362.1659240722656,5.326363563537598,362.1659240722656,5.326363563537598,1027.818359375,0.0,90.20511627197266,1.3266479969024658,3.432088080961191,3.432088080961191,4.014915560161114,0.8548344366234852
775,15673856,62361,362.0342712402344,3.987905502319336,362.0342712402344,3.987905502319336,1027.818359375,0.0,90.17232513427734,0.9932740926742554,3.432088080961191,3.432088080961191,4.014915560161114,0.8548344366234852
776,15694080,62442,360.1013488769531,6.311686038970947,360.1013488769531,6.311686038970947,1027.818359375,0.0,89.69088745117188,1.5720609426498413,3.432088080961191,3.432088080961191,4.014915560161114,0.8548344366234852
777,15714304,62523,363.6419372558594,2.344508409500122,363.6419372558594,2.344508409500122,1027.818359375,0.0,90.57274627685547,0.5839475393295288,3.432088080961191,3.432088080961191,4.014915560161114,0.8548344366234852
778,15734528,62606,365.8837890625,5.370055198669434,365.8837890625,5.370055198669434,1027.818359375,0.0,91.13113403320312,1.3375273942947388,3.432088080961191,3.432088080961191,4.014915560161114,0.8548344366234852
779,15754752,62688,361.8758239746094,4.481237888336182,361.8758239746094,4.481237888336182,1027.818359375,0.0,90.13286590576172,1.1161465644836426,3.432088080961191,3.432088080961191,4.014915560161114,0.8548344366234852
780,15774976,62771,361.2262268066406,4.383188724517822,361.2262268066406,4.383188724517822,1027.818359375,0.0,89.9710693359375,1.0917280912399292,3.432088080961191,3.432088080961191,4.014915560161114,0.8548344366234852
781,15795200,62853,361.9409484863281,6.186118125915527,361.9409484863281,6.186118125915527,1027.818359375,0.0,90.14907836914062,1.540783405303955,3.432088080961191,3.432088080961191,4.014915560161114,0.8548344366234852
782,15815424,62935,360.7558898925781,5.1688971519470215,360.7558898925781,5.1688971519470215,1027.818359375,0.0,89.85391998291016,1.2874270677566528,3.432088080961191,3.432088080961191,4.014915560161114,0.8548344366234852
783,15835648,63017,362.2071228027344,3.7131083011627197,362.2071228027344,3.7131083011627197,1027.818359375,0.0,90.21537017822266,0.9248298406600952,3.432088080961191,3.432088080961191,4.014915560161114,0.8548344366234852
784,15855872,63100,358.2032470703125,1.7791723012924194,358.2032470703125,1.7791723012924194,1027.818359375,0.0,89.2181167602539,0.4431423544883728,3.432088080961191,3.432088080961191,4.014915560161114,0.8548344366234852
785,15876096,63182,359.0716857910156,0.5219702124595642,359.0716857910156,0.5219702124595642,1027.818359375,0.0,89.4344253540039,0.13000799715518951,3.432088080961191,3.432088080961191,4.014915560161114,0.8548344366234852
786,15896320,63264,360.3539123535156,4.104073524475098,360.3539123535156,4.104073524475098,1027.818359375,0.0,89.7538070678711,1.0222094058990479,3.432088080961191,3.432088080961191,4.014915560161114,0.8548344366234852
787,15916544,63346,357.297607421875,0.9891234636306763,357.297607421875,0.9891234636306763,1027.818359375,0.0,88.9925537109375,0.24636463820934296,3.432088080961191,3.432088080961191,4.014915560161114,0.8548344366234852
788,15936768,63429,360.468994140625,12.0381498336792,360.468994140625,12.0381498336792,1027.818359375,0.0,89.78246307373047,2.9983558654785156,3.432088080961191,3.432088080961191,4.014915560161114,0.8548344366234852
789,15956992,63511,361.7816162109375,7.045304775238037,361.7816162109375,7.045304775238037,1027.818359375,0.0,90.1093978881836,1.7547850608825684,3.432088080961191,3.432088080961191,4.014915560161114,0.8548344366234852
790,15977216,63592,358.3107604980469,2.22670316696167,358.3107604980469,2.22670316696167,1027.818359375,0.0,89.24490356445312,0.5546050667762756,3.432088080961191,3.432088080961191,4.014915560161114,0.8548344366234852
791,15997440,63674,362.0525817871094,1.5600378513336182,362.0525817871094,1.5600378513336182,1027.818359375,0.0,90.17688751220703,0.388561487197876,3.432088080961191,3.432088080961191,4.014915560161114,0.8548344366234852
792,16017664,63756,362.12744140625,4.290182113647461,362.12744140625,4.290182113647461,1027.818359375,0.0,90.1955337524414,1.0685583353042603,3.432088080961191,3.432088080961191,4.014915560161114,0.8548344366234852
793,16037888,63838,356.2317199707031,7.136563301086426,356.2317199707031,7.136563301086426,1027.818359375,0.0,88.7270736694336,1.7775152921676636,3.432088080961191,3.432088080961191,4.014915560161114,0.8548344366234852
794,16058112,63920,360.302001953125,4.3767852783203125,360.302001953125,4.3767852783203125,1027.818359375,0.0,89.7408676147461,1.0901267528533936,3.432088080961191,3.432088080961191,4.014915560161114,0.8548344366234852
795,16078336,64000,360.1965026855469,4.551598072052002,360.1965026855469,4.551598072052002,1027.818359375,0.0,89.71459197998047,1.1336685419082642,3.432088080961191,3.432088080961191,4.014915560161114,0.8548344366234852
796,16098560,64081,358.8085021972656,6.9969401359558105,358.8085021972656,6.9969401359558105,1027.818359375,0.0,89.36888885498047,1.7427350282669067,3.432088080961191,3.432088080961191,4.014915560161114,0.8548344366234852
797,16118784,64163,358.31640625,1.2906430959701538,358.31640625,1.2906430959701538,1027.818359375,0.0,89.24630737304688,0.32146161794662476,3.432088080961191,3.432088080961191,4.014915560161114,0.8548344366234852
798,16139008,64246,363.1172180175781,7.650818824768066,363.1172180175781,7.650818824768066,1027.818359375,0.0,90.44205474853516,1.9055984020233154,3.432088080961191,3.432088080961191,4.014915560161114,0.8548344366234852
799,16159232,64328,365.221435546875,4.11747407913208,365.221435546875,4.11747407913208,1027.818359375,0.0,90.96614837646484,1.0255483388900757,3.432088080961191,3.432088080961191,4.014915560161114,0.8548344366234852
800,16179456,64410,363.1085510253906,0.9800677299499512,363.1085510253906,0.9800677299499512,1027.818359375,0.0,90.43990325927734,0.24410484731197357,3.432088080961191,3.432088080961191,4.014915560161114,0.8548344366234852
801,16199680,64492,363.257080078125,1.6569759845733643,363.257080078125,1.6569759845733643,1027.818359375,0.0,90.47689056396484,0.41270384192466736,3.432088080961191,3.432088080961191,4.014915560161114,0.8548344366234852
802,16219904,64574,365.2425231933594,1.8551610708236694,365.2425231933594,1.8551610708236694,1027.818359375,0.0,90.97139739990234,0.46206775307655334,3.432088080961191,3.432088080961191,4.014915560161114,0.8548344366234852
803,16240128,64656,363.536865234375,2.8435921669006348,363.536865234375,2.8435921669006348,1027.818359375,0.0,90.54656982421875,0.7082609534263611,3.432088080961191,3.432088080961191,4.014915560161114,0.8548344366234852
804,16260352,64738,360.5162048339844,6.426118850708008,360.5162048339844,6.426118850708008,1027.818359375,0.0,89.79421997070312,1.6005617380142212,3.432088080961191,3.432088080961191,4.014915560161114,0.8548344366234852
805,16280576,64820,361.324462890625,3.2323193550109863,361.324462890625,3.2323193550109863,1027.818359375,0.0,89.99553680419922,0.8050754070281982,3.432088080961191,3.432088080961191,4.014915560161114,0.8548344366234852
806,16300800,64903,359.3418273925781,2.154862880706787,359.3418273925781,2.154862880706787,1027.818359375,0.0,89.50171661376953,0.5367162227630615,3.432088080961191,3.432088080961191,4.014915560161114,0.8548344366234852
807,16321024,64985,357.4503173828125,3.636066436767578,357.4503173828125,3.636066436767578,1027.818359375,0.0,89.03058624267578,0.9056426286697388,3.432088080961191,3.432088080961191,4.014915560161114,0.8548344366234852
808,16341248,65067,361.6749572753906,6.658812046051025,361.6749572753906,6.658812046051025,1027.818359375,0.0,90.08283233642578,1.6585179567337036,3.432088080961191,3.432088080961191,4.014915560161114,0.8548344366234852
809,16361472,65148,358.1688537597656,1.8120408058166504,358.1688537597656,1.8120408058166504,1027.818359375,0.0,89.2095718383789,0.45132702589035034,3.432088080961191,3.432088080961191,4.014915560161114,0.8548344366234852
810,16381696,65230,363.6838684082031,4.032938480377197,363.6838684082031,4.032938480377197,1027.818359375,0.0,90.58319091796875,1.004487156867981,3.432088080961191,3.432088080961191,4.014915560161114,0.8548344366234852
811,16401920,65313,355.6913146972656,7.896717548370361,355.6913146972656,7.896717548370361,1027.818359375,0.0,88.59247589111328,1.9668433666229248,3.432088080961191,3.432088080961191,4.014915560161114,0.8548344366234852
812,16422144,65395,359.3978576660156,4.1718549728393555,359.3978576660156,4.1718549728393555,1027.818359375,0.0,89.51567840576172,1.0390944480895996,3.432088080961191,3.432088080961191,4.014915560161114,0.8548344366234852
813,16442368,65477,362.5689392089844,5.232383728027344,362.5689392089844,5.232383728027344,1027.818359375,0.0,90.30550384521484,1.3032339811325073,3.432088080961191,3.432088080961191,4.014915560161114,0.8548344366234852
814,16462592,65560,358.5037841796875,4.089061260223389,358.5037841796875,4.089061260223389,1027.818359375,0.0,89.29296875,1.0184664726257324,3.432088080961191,3.432088080961191,4.014915560161114,0.8548344366234852
815,16482816,65642,362.3897705078125,3.019552230834961,362.3897705078125,3.019552230834961,1027.818359375,0.0,90.2608642578125,0.7520803809165955,3.432088080961191,3.432088080961191,4.014915560161114,0.8548344366234852
816,16503040,65724,359.4734802246094,4.541266918182373,359.4734802246094,4.541266918182373,1027.818359375,0.0,89.53451538085938,1.131098747253418,3.432088080961191,3.432088080961191,4.014915560161114,0.8548344366234852
817,16523264,65806,360.4264221191406,4.326160907745361,360.4264221191406,4.326160907745361,1027.818359375,0.0,89.7718505859375,1.0775269269943237,3.432088080961191,3.432088080961191,4.014915560161114,0.8548344366234852
818,16543488,65888,360.1344299316406,2.926992893218994,360.1344299316406,2.926992893218994,1027.818359375,0.0,89.69912719726562,0.7290322780609131,3.432088080961191,3.432088080961191,4.014915560161114,0.8548344366234852
819,16563712,65970,361.050048828125,1.4407672882080078,361.050048828125,1.4407672882080078,1027.818359375,0.0,89.92718505859375,0.3588491976261139,3.432088080961191,3.432088080961191,4.014915560161114,0.8548344366234852
820,16583936,66052,366.7954406738281,7.6402587890625,366.7954406738281,7.6402587890625,1027.818359375,0.0,91.35819244384766,1.902965784072876,3.432088080961191,3.432088080961191,4.014915560161114,0.8548344366234852
821,16604160,66134,357.5486755371094,5.706661701202393,357.5486755371094,5.706661701202393,1027.818359375,0.0,89.05508422851562,1.4213634729385376,3.432088080961191,3.432088080961191,4.014915560161114,0.8548344366234852
822,16624384,66215,365.1828308105469,6.62229061126709,365.1828308105469,6.62229061126709,1027.818359375,0.0,90.95654296875,1.6494247913360596,3.432088080961191,3.432088080961191,4.014915560161114,0.8548344366234852
823,16644608,66297,363.1007385253906,3.318540334701538,363.1007385253906,3.318540334701538,1027.818359375,0.0,90.43795013427734,0.8265538215637207,3.432088080961191,3.432088080961191,4.014915560161114,0.8548344366234852
824,16664832,66380,361.5817565917969,3.9353671073913574,361.5817565917969,3.9353671073913574,1027.818359375,0.0,90.05960845947266,0.9801875352859497,3.432088080961191,3.432088080961191,4.014915560161114,0.8548344366234852
825,16685056,66462,365.4654846191406,3.9731407165527344,365.4654846191406,3.9731407165527344,1027.818359375,0.0,91.02693939208984,0.989591658115387,3.432088080961191,3.432088080961191,4.014915560161114,0.8548344366234852
826,16705280,66545,361.9219665527344,4.027729511260986,361.9219665527344,4.027729511260986,1027.818359375,0.0,90.14434814453125,1.003194808959961,3.432088080961191,3.432088080961191,4.014915560161114,0.8548344366234852
827,16725504,66627,360.973876953125,6.6275787353515625,360.973876953125,6.6275787353515625,1027.818359375,0.0,89.90821075439453,1.6507400274276733,3.432088080961191,3.432088080961191,4.014915560161114,0.8548344366234852
828,16745728,66709,360.7228698730469,5.564178943634033,360.7228698730469,5.564178943634033,1027.818359375,0.0,89.84569549560547,1.3858815431594849,3.432088080961191,3.432088080961191,4.014915560161114,0.8548344366234852
829,16765952,66790,364.0918884277344,5.439501762390137,364.0918884277344,5.439501762390137,1027.818359375,0.0,90.684814453125,1.3548216819763184,3.432088080961191,3.432088080961191,4.014915560161114,0.8548344366234852
830,16786176,66872,362.9205322265625,4.2492756843566895,362.9205322265625,4.2492756843566895,1027.818359375,0.0,90.39306640625,1.0583739280700684,3.432088080961191,3.432088080961191,4.014915560161114,0.8548344366234852
831,16806400,66954,362.9373474121094,2.1354589462280273,362.9373474121094,2.1354589462280273,1027.818359375,0.0,90.39724731445312,0.5318832397460938,3.432088080961191,3.432088080961191,4.014915560161114,0.8548344366234852
832,16826624,67036,360.2552185058594,4.947675704956055,360.2552185058594,4.947675704956055,1027.818359375,0.0,89.72921752929688,1.2323224544525146,3.432088080961191,3.432088080961191,4.014915560161114,0.8548344366234852
833,16846848,67118,367.4932861328125,2.498391628265381,367.4932861328125,2.498391628265381,1027.818359375,0.0,91.5320053100586,0.6222805380821228,3.432088080961191,3.432088080961191,4.014915560161114,0.8548344366234852
834,16867072,67200,359.3891296386719,3.5308587551116943,359.3891296386719,3.5308587551116943,1027.818359375,0.0,89.51348876953125,0.879433810710907,3.432088080961191,3.432088080961191,4.014915560161114,0.8548344366234852
835,16887296,67281,356.49951171875,5.318324565887451,356.49951171875,5.318324565887451,1027.818359375,0.0,88.79378509521484,1.3246424198150635,3.432088080961191,3.432088080961191,4.014915560161114,0.8548344366234852
836,16907520,67363,365.3619384765625,5.686436176300049,365.3619384765625,5.686436176300049,1027.818359375,0.0,91.00115203857422,1.4163309335708618,3.432088080961191,3.432088080961191,4.014915560161114,0.8548344366234852
837,16927744,67446,359.7841796875,5.886627674102783,359.7841796875,5.886627674102783,1027.818359375,0.0,89.61190032958984,1.4661885499954224,3.432088080961191,3.432088080961191,4.014915560161114,0.8548344366234852
838,16947968,67528,360.4750061035156,3.588200807571411,360.4750061035156,3.588200807571411,1027.818359375,0.0,89.7839584350586,0.8937156796455383,3.432088080961191,3.432088080961191,4.014915560161114,0.8548344366234852
839,16968192,67610,362.2828063964844,0.10249006748199463,362.2828063964844,0.10249006748199463,1027.818359375,0.0,90.23421478271484,0.025530541315674782,3.432088080961191,3.432088080961191,4.014915560161114,0.8548344366234852
840,16988416,67692,362.9569396972656,3.8157873153686523,362.9569396972656,3.8157873153686523,1027.818359375,0.0,90.40213775634766,0.9504020810127258,3.432088080961191,3.432088080961191,4.014915560161114,0.8548344366234852
841,17008640,67775,361.7559509277344,4.648557662963867,361.7559509277344,4.648557662963867,1027.818359375,0.0,90.10299682617188,1.1578247547149658,3.432088080961191,3.432088080961191,4.014915560161114,0.8548344366234852
842,17028864,67857,361.33984375,2.5949041843414307,361.33984375,2.5949041843414307,1027.818359375,0.0,89.9993667602539,0.6463127732276917,3.432088080961191,3.432088080961191,4.014915560161114,0.8548344366234852
843,17049088,67937,356.1505432128906,1.8760055303573608,356.1505432128906,1.8760055303573608,1027.818359375,0.0,88.70687103271484,0.4672614336013794,3.432088080961191,3.432088080961191,4.014915560161114,0.8548344366234852
844,17069312,68015,362.3970031738281,3.393430233001709,362.3970031738281,3.393430233001709,1027.818359375,0.0,90.26266479492188,0.8452051281929016,3.432088080961191,3.432088080961191,4.014915560161114,0.8548344366234852
845,17089536,68094,357.4895324707031,0.27006691694259644,357.4895324707031,0.27006691694259644,1027.818359375,0.0,89.04036712646484,0.06726402044296265,3.432088080961191,3.432088080961191,4.014915560161114,0.8548344366234852
846,17109760,68172,363.515869140625,2.6646060943603516,363.515869140625,2.6646060943603516,1027.818359375,0.0,90.54134368896484,0.6636765599250793,3.432088080961191,3.432088080961191,4.014915560161114,0.8548344366234852
847,17129984,68250,361.6490173339844,0.2897953987121582,361.6490173339844,0.2897953987121582,1027.818359375,0.0,90.07637786865234,0.07218004763126373,3.432088080961191,3.432088080961191,4.014915560161114,0.8548344366234852
848,17150208,68327,362.0131530761719,1.687373399734497,362.0131530761719,1.687373399734497,1027.818359375,0.0,90.16705322265625,0.4202730655670166,3.432088080961191,3.432088080961191,4.014915560161114,0.8548344366234852
849,17170432,68405,359.2595520019531,5.024130821228027,359.2595520019531,5.024130821228027,1027.818359375,0.0,89.4812240600586,1.2513673305511475,3.432088080961191,3.432088080961191,4.014915560161114,0.8548344366234852
850,17190656,68485,358.8854064941406,3.572319269180298,358.8854064941406,3.572319269180298,1027.818359375,0.0,89.38803100585938,0.8897591233253479,3.432088080961191,3.432088080961191,4.014915560161114,0.8548344366234852
851,17210880,68564,362.5018310546875,3.260030746459961,362.5018310546875,3.260030746459961,1027.818359375,0.0,90.28878021240234,0.8119765520095825,3.432088080961191,3.432088080961191,4.014915560161114,0.8548344366234852
852,17231104,68642,357.1192932128906,5.695472717285156,357.1192932128906,5.695472717285156,1027.818359375,0.0,88.94815063476562,1.4185782670974731,3.432088080961191,3.432088080961191,4.014915560161114,0.8548344366234852
853,17251328,68720,361.1519470214844,2.578397512435913,361.1519470214844,2.578397512435913,1027.818359375,0.0,89.95255279541016,0.6422052979469299,3.432088080961191,3.432088080961191,4.014915560161114,0.8548344366234852
854,17271552,68798,360.5859375,3.4851274490356445,360.5859375,3.4851274490356445,1027.818359375,0.0,89.81158447265625,0.8680452108383179,3.432088080961191,3.432088080961191,4.014915560161114,0.8548344366234852
855,17291776,68877,368.0845642089844,5.703684329986572,368.0845642089844,5.703684329986572,1027.818359375,0.0,91.67926788330078,1.4206255674362183,3.432088080961191,3.432088080961191,4.014915560161114,0.8548344366234852
856,17312000,68956,362.9100036621094,5.707967758178711,362.9100036621094,5.707967758178711,1027.818359375,0.0,90.39044189453125,1.42169189453125,3.432088080961191,3.432088080961191,4.014915560161114,0.8548344366234852
857,17332224,69034,363.7503356933594,7.041654586791992,363.7503356933594,7.041654586791992,1027.818359375,0.0,90.5997543334961,1.7538716793060303,3.432088080961191,3.432088080961191,4.014915560161114,0.8548344366234852
858,17352448,69112,358.54541015625,1.2543981075286865,358.54541015625,1.2543981075286865,1027.818359375,0.0,89.3033447265625,0.31243181228637695,3.432088080961191,3.432088080961191,4.014915560161114,0.8548344366234852
859,17372672,69190,361.2436218261719,5.690365314483643,361.2436218261719,5.690365314483643,1027.818359375,0.0,89.97540283203125,1.4173046350479126,3.432088080961191,3.432088080961191,4.014915560161114,0.8548344366234852
860,17392896,69268,360.3565979003906,1.009346604347229,360.3565979003906,1.009346604347229,1027.818359375,0.0,89.75446319580078,0.2514004409313202,3.432088080961191,3.432088080961191,4.014915560161114,0.8548344366234852
861,17413120,69345,358.8304138183594,2.680331230163574,358.8304138183594,2.680331230163574,1027.818359375,0.0,89.37432861328125,0.6675960421562195,3.432088080961191,3.432088080961191,4.014915560161114,0.8548344366234852
862,17433344,69423,359.3595275878906,2.4263036251068115,359.3595275878906,2.4263036251068115,1027.818359375,0.0,89.5061264038086,0.6043184399604797,3.432088080961191,3.432088080961191,4.014915560161114,0.8548344366234852
863,17453568,69501,361.3250427246094,7.870866775512695,361.3250427246094,7.870866775512695,1027.818359375,0.0,89.99567413330078,1.9604077339172363,3.432088080961191,3.432088080961191,4.014915560161114,0.8548344366234852
864,17473792,69580,360.261474609375,5.788603782653809,360.261474609375,5.788603782653809,1027.818359375,0.0,89.73077392578125,1.4417756795883179,3.432088080961191,3.432088080961191,4.014915560161114,0.8548344366234852
865,17494016,69658,362.1014404296875,2.745713472366333,362.1014404296875,2.745713472366333,1027.818359375,0.0,90.18904876708984,0.6838809847831726,3.432088080961191,3.432088080961191,4.014915560161114,0.8548344366234852
866,17514240,69735,363.4031677246094,2.3057780265808105,363.4031677246094,2.3057780265808105,1027.818359375,0.0,90.51327514648438,0.5743051767349243,3.432088080961191,3.432088080961191,4.014915560161114,0.8548344366234852
867,17534464,69813,362.30419921875,4.5933427810668945,362.30419921875,4.5933427810668945,1027.818359375,0.0,90.23955535888672,1.1440740823745728,3.432088080961191,3.432088080961191,4.014915560161114,0.8548344366234852
868,17554688,69891,364.4954528808594,2.70428466796875,364.4954528808594,2.70428466796875,1027.818359375,0.0,90.78533172607422,0.6735625267028809,3.432088080961191,3.432088080961191,4.014915560161114,0.8548344366234852
869,17574912,69971,364.20703125,0.7291592359542847,364.20703125,0.7291592359542847,1027.818359375,0.0,90.71349334716797,0.1816112995147705,3.432088080961191,3.432088080961191,4.014915560161114,0.8548344366234852
870,17595136,70049,364.2615661621094,3.2965524196624756,364.2615661621094,3.2965524196624756,1027.818359375,0.0,90.72708129882812,0.821079432964325,3.432088080961191,3.432088080961191,4.014915560161114,0.8548344366234852
871,17615360,70127,362.83349609375,2.4431698322296143,362.83349609375,2.4431698322296143,1027.818359375,0.0,90.37137603759766,0.608522891998291,3.432088080961191,3.432088080961191,4.014915560161114,0.8548344366234852
872,17635584,70205,360.4983215332031,3.0827832221984863,360.4983215332031,3.0827832221984863,1027.818359375,0.0,89.7897720336914,0.7678285837173462,3.432088080961191,3.432088080961191,4.014915560161114,0.8548344366234852
873,17655808,70283,359.6114807128906,1.6253787279129028,359.6114807128906,1.6253787279129028,1027.818359375,0.0,89.56887817382812,0.4048338830471039,3.432088080961191,3.432088080961191,4.014915560161114,0.8548344366234852
874,17676032,70360,361.3726806640625,1.0157594680786133,361.3726806640625,1.0157594680786133,1027.818359375,0.0,90.0075454711914,0.2529900074005127,3.432088080961191,3.432088080961191,4.014915560161114,0.8548344366234852
875,17696256,70439,362.5303649902344,2.9594271183013916,362.5303649902344,2.9594271183013916,1027.818359375,0.0,90.2958755493164,0.7371071577072144,3.432088080961191,3.432088080961191,4.014915560161114,0.8548344366234852
876,17716480,70517,360.7680969238281,2.3099968433380127,360.7680969238281,2.3099968433380127,1027.818359375,0.0,89.8569564819336,0.5753551721572876,3.432088080961191,3.432088080961191,4.014915560161114,0.8548344366234852
877,17736704,70595,359.4278869628906,2.4961743354797363,359.4278869628906,2.4961743354797363,1027.818359375,0.0,89.52313995361328,0.6217318773269653,3.432088080961191,3.432088080961191,4.014915560161114,0.8548344366234852
878,17756928,70673,362.5466613769531,5.187768459320068,362.5466613769531,5.187768459320068,1027.818359375,0.0,90.29993438720703,1.292127251625061,3.432088080961191,3.432088080961191,4.014915560161114,0.8548344366234852
879,17777152,70751,360.3280334472656,4.539335250854492,360.3280334472656,4.539335250854492,1027.818359375,0.0,89.74735260009766,1.1306161880493164,3.432088080961191,3.432088080961191,4.014915560161114,0.8548344366234852
880,17797376,70828,357.7757568359375,4.1858367919921875,357.7757568359375,4.1858367919921875,1027.818359375,0.0,89.11165618896484,1.0425751209259033,3.432088080961191,3.432088080961191,4.014915560161114,0.8548344366234852
881,17817600,70905,362.1392517089844,0.37581753730773926,362.1392517089844,0.37581753730773926,1027.818359375,0.0,90.1984634399414,0.09360523521900177,3.432088080961191,3.432088080961191,4.014915560161114,0.8548344366234852
882,17837824,70985,363.4983215332031,1.391177773475647,363.4983215332031,1.391177773475647,1027.818359375,0.0,90.53697967529297,0.3465014398097992,3.432088080961191,3.432088080961191,4.014915560161114,0.8548344366234852
883,17858048,71063,361.4903564453125,1.7156556844711304,361.4903564453125,1.7156556844711304,1027.818359375,0.0,90.03685760498047,0.42732611298561096,3.432088080961191,3.432088080961191,4.014915560161114,0.8548344366234852
884,17878272,71141,362.0850830078125,3.4666311740875244,362.0850830078125,3.4666311740875244,1027.818359375,0.0,90.18498992919922,0.8634379506111145,3.432088080961191,3.432088080961191,4.014915560161114,0.8548344366234852
885,17898496,71219,360.9891357421875,3.3729076385498047,360.9891357421875,3.3729076385498047,1027.818359375,0.0,89.9120101928711,0.8400960564613342,3.432088080961191,3.432088080961191,4.014915560161114,0.8548344366234852
886,17918720,71297,362.84423828125,1.1790987253189087,362.84423828125,1.1790987253189087,1027.818359375,0.0,90.37406158447266,0.293680340051651,3.432088080961191,3.432088080961191,4.014915560161114,0.8548344366234852
887,17938944,71376,361.694580078125,5.346750736236572,361.694580078125,5.346750736236572,1027.818359375,0.0,90.08771514892578,1.3317222595214844,3.432088080961191,3.432088080961191,4.014915560161114,0.8548344366234852
888,17959168,71454,360.1585693359375,6.061933994293213,360.1585693359375,6.061933994293213,1027.818359375,0.0,89.70513916015625,1.5098527669906616,3.432088080961191,3.432088080961191,4.014915560161114,0.8548344366234852
889,17979392,71533,361.587158203125,6.107010364532471,361.587158203125,6.107010364532471,1027.818359375,0.0,90.06095123291016,1.5210769176483154,3.432088080961191,3.432088080961191,4.014915560161114,0.8548344366234852
890,17999616,71611,361.1097412109375,3.11993408203125,361.1097412109375,3.11993408203125,1027.818359375,0.0,89.94205474853516,0.7770839333534241,3.432088080961191,3.432088080961191,4.014915560161114,0.8548344366234852
891,18019840,71690,361.1578063964844,1.7020584344863892,361.1578063964844,1.7020584344863892,1027.818359375,0.0,89.95401763916016,0.4239349067211151,3.432088080961191,3.432088080961191,4.014915560161114,0.8548344366234852
892,18040064,71768,364.4897155761719,6.773688793182373,364.4897155761719,6.773688793182373,1027.818359375,0.0,90.78389739990234,1.6871336698532104,3.432088080961191,3.432088080961191,4.014915560161114,0.8548344366234852
893,18060288,71847,361.9909362792969,9.976603507995605,361.9909362792969,9.976603507995605,1027.818359375,0.0,90.16152954101562,2.484882116317749,3.432088080961191,3.432088080961191,4.014915560161114,0.8548344366234852
894,18080512,71925,361.5716857910156,2.7226979732513428,361.5716857910156,2.7226979732513428,1027.818359375,0.0,90.0571060180664,0.6781463027000427,3.432088080961191,3.432088080961191,4.014915560161114,0.8548344366234852
895,18100736,72004,359.973876953125,4.473677158355713,359.973876953125,4.473677158355713,1027.818359375,0.0,89.65914154052734,1.114266037940979,3.432088080961191,3.432088080961191,4.014915560161114,0.8548344366234852
896,18120960,72083,363.6873779296875,3.9149460792541504,363.6873779296875,3.9149460792541504,1027.818359375,0.0,90.58406829833984,0.9751022458076477,3.432088080961191,3.432088080961191,4.014915560161114,0.8548344366234852
897,18141184,72161,364.3638916015625,6.669189929962158,364.3638916015625,6.669189929962158,1027.818359375,0.0,90.7525634765625,1.6610981225967407,3.432088080961191,3.432088080961191,4.014915560161114,0.8548344366234852
898,18161408,72238,360.0817565917969,7.913475036621094,360.0817565917969,7.913475036621094,1027.818359375,0.0,89.68599700927734,1.971020221710205,3.432088080961191,3.432088080961191,4.014915560161114,0.8548344366234852
899,18181632,72316,360.9195861816406,3.65798282623291,360.9195861816406,3.65798282623291,1027.818359375,0.0,89.89469146728516,0.9110984802246094,3.432088080961191,3.432088080961191,4.014915560161114,0.8548344366234852
900,18201856,72395,355.569580078125,3.193397045135498,355.569580078125,3.193397045135498,1027.818359375,0.0,88.5621566772461,0.7953859567642212,3.432088080961191,3.432088080961191,4.014915560161114,0.8548344366234852
901,18222080,72475,359.2820739746094,1.518297791481018,359.2820739746094,1.518297791481018,1027.818359375,0.0,89.4868392944336,0.37816300988197327,3.432088080961191,3.432088080961191,4.014915560161114,0.8548344366234852
902,18242304,72554,360.0951843261719,2.141227960586548,360.0951843261719,2.141227960586548,1027.818359375,0.0,89.6893539428711,0.533318042755127,3.432088080961191,3.432088080961191,4.014915560161114,0.8548344366234852
903,18262528,72632,360.8007507324219,4.01239013671875,360.8007507324219,4.01239013671875,1027.818359375,0.0,89.8650894165039,0.9993687868118286,3.432088080961191,3.432088080961191,4.014915560161114,0.8548344366234852
904,18282752,72710,363.4094543457031,1.3977317810058594,363.4094543457031,1.3977317810058594,1027.818359375,0.0,90.51483917236328,0.3481385111808777,3.432088080961191,3.432088080961191,4.014915560161114,0.8548344366234852
905,18302976,72788,364.2049560546875,2.9393045902252197,364.2049560546875,2.9393045902252197,1027.818359375,0.0,90.71298217773438,0.7320981621742249,3.432088080961191,3.432088080961191,4.014915560161114,0.8548344366234852
906,18323200,72866,362.6271057128906,7.8165974617004395,362.6271057128906,7.8165974617004395,1027.818359375,0.0,90.31998443603516,1.9468896389007568,3.432088080961191,3.432088080961191,4.014915560161114,0.8548344366234852
907,18343424,72943,360.1509094238281,5.7537407875061035,360.1509094238281,5.7537407875061035,1027.818359375,0.0,89.70323944091797,1.4330921173095703,3.432088080961191,3.432088080961191,4.014915560161114,0.8548344366234852
908,18363648,73022,357.310546875,3.01530385017395,357.310546875,3.01530385017395,1027.818359375,0.0,88.99578094482422,0.7510272860527039,3.432088080961191,3.432088080961191,4.014915560161114,0.8548344366234852
909,18383872,73100,366.8798828125,9.167594909667969,366.8798828125,9.167594909667969,1027.818359375,0.0,91.37923431396484,2.2833878993988037,3.432088080961191,3.432088080961191,4.014915560161114,0.8548344366234852
910,18404096,73179,361.613525390625,4.464653491973877,361.613525390625,4.464653491973877,1027.818359375,0.0,90.0675277709961,1.1120121479034424,3.432088080961191,3.432088080961191,4.014915560161114,0.8548344366234852
911,18424320,73256,359.5006103515625,1.800394058227539,359.5006103515625,1.800394058227539,1027.818359375,0.0,89.541259765625,0.44842851161956787,3.432088080961191,3.432088080961191,4.014915560161114,0.8548344366234852
912,18444544,73334,359.074951171875,2.2151288986206055,359.074951171875,2.2151288986206055,1027.818359375,0.0,89.43523406982422,0.5517247915267944,3.432088080961191,3.432088080961191,4.014915560161114,0.8548344366234852
913,18464768,73412,363.1236877441406,5.483277797698975,363.1236877441406,5.483277797698975,1027.818359375,0.0,90.44366455078125,1.3657253980636597,3.432088080961191,3.432088080961191,4.014915560161114,0.8548344366234852
914,18484992,73491,360.7283935546875,9.59266185760498,360.7283935546875,9.59266185760498,1027.818359375,0.0,89.84705352783203,2.3892605304718018,3.432088080961191,3.432088080961191,4.014915560161114,0.8548344366234852
915,18505216,73569,361.1566467285156,2.759152412414551,361.1566467285156,2.759152412414551,1027.818359375,0.0,89.9537353515625,0.6872263550758362,3.432088080961191,3.432088080961191,4.014915560161114,0.8548344366234852
916,18525440,73647,358.9447937011719,3.135798692703247,358.9447937011719,3.135798692703247,1027.818359375,0.0,89.40282440185547,0.7810378670692444,3.432088080961191,3.432088080961191,4.014915560161114,0.8548344366234852
917,18545664,73725,357.881591796875,4.119137763977051,357.881591796875,4.119137763977051,1027.818359375,0.0,89.13802337646484,1.025955319404602,3.432088080961191,3.432088080961191,4.014915560161114,0.8548344366234852
918,18565888,73803,363.3162536621094,5.6008501052856445,363.3162536621094,5.6008501052856445,1027.818359375,0.0,90.49163055419922,1.395011067390442,3.432088080961191,3.432088080961191,4.014915560161114,0.8548344366234852
919,18586112,73881,361.6040954589844,4.112205982208252,361.6040954589844,4.112205982208252,1027.818359375,0.0,90.06517791748047,1.0242317914962769,3.432088080961191,3.432088080961191,4.014915560161114,0.8548344366234852
920,18606336,73959,360.427490234375,1.4813884496688843,360.427490234375,1.4813884496688843,1027.818359375,0.0,89.77212524414062,0.3689740002155304,3.432088080961191,3.432088080961191,4.014915560161114,0.8548344366234852
921,18626560,74037,363.21826171875,1.4109275341033936,363.21826171875,1.4109275341033936,1027.818359375,0.0,90.46721649169922,0.3514179587364197,3.432088080961191,3.432088080961191,4.014915560161114,0.8548344366234852
922,18646784,74116,360.6546630859375,5.036840915679932,360.6546630859375,5.036840915679932,1027.818359375,0.0,89.82870483398438,1.2545334100723267,3.432088080961191,3.432088080961191,4.014915560161114,0.8548344366234852
923,18667008,74194,363.6312255859375,3.4611005783081055,363.6312255859375,3.4611005783081055,1027.818359375,0.0,90.57007598876953,0.8620631098747253,3.432088080961191,3.432088080961191,4.014915560161114,0.8548344366234852
924,18687232,74272,361.9233703613281,4.573678970336914,361.9233703613281,4.573678970336914,1027.818359375,0.0,90.14470672607422,1.1391704082489014,3.432088080961191,3.432088080961191,4.014915560161114,0.8548344366234852
925,18707456,74350,361.5582275390625,2.3384482860565186,361.5582275390625,2.3384482860565186,1027.818359375,0.0,90.05374908447266,0.5824346542358398,3.432088080961191,3.432088080961191,4.014915560161114,0.8548344366234852
926,18727680,74429,361.4396057128906,8.152926445007324,361.4396057128906,8.152926445007324,1027.818359375,0.0,90.02420806884766,2.030660390853882,3.432088080961191,3.432088080961191,4.014915560161114,0.8548344366234852
927,18747904,74507,365.677490234375,2.5052330493927,365.677490234375,2.5052330493927,1027.818359375,0.0,91.07975006103516,0.6239785552024841,3.432088080961191,3.432088080961191,4.014915560161114,0.8548344366234852
928,18768128,74586,365.0393981933594,8.417298316955566,365.0393981933594,8.417298316955566,1027.818359375,0.0,90.92081451416016,2.096508264541626,3.432088080961191,3.432088080961191,4.014915560161114,0.8548344366234852
929,18788352,74664,364.6106872558594,4.02118444442749,364.6106872558594,4.02118444442749,1027.818359375,0.0,90.81402587890625,1.0015615224838257,3.432088080961191,3.432088080961191,4.014915560161114,0.8548344366234852
930,18808576,74742,363.5242004394531,1.8121339082717896,363.5242004394531,1.8121339082717896,1027.818359375,0.0,90.54342651367188,0.4513470530509949,3.432088080961191,3.432088080961191,4.014915560161114,0.8548344366234852
931,18828800,74819,360.8216857910156,0.9714508652687073,360.8216857910156,0.9714508652687073,1027.818359375,0.0,89.87030029296875,0.2419622838497162,3.432088080961191,3.432088080961191,4.014915560161114,0.8548344366234852
932,18849024,74897,356.625,3.765753746032715,356.625,3.765753746032715,1027.818359375,0.0,88.82503509521484,0.9379439949989319,3.432088080961191,3.432088080961191,4.014915560161114,0.8548344366234852
933,18869248,74976,360.2494201660156,2.426203727722168,360.2494201660156,2.426203727722168,1027.818359375,0.0,89.72777557373047,0.6042986512184143,3.432088080961191,3.432088080961191,4.014915560161114,0.8548344366234852
934,18889472,75054,363.9378356933594,2.582672357559204,363.9378356933594,2.582672357559204,1027.818359375,0.0,90.64644622802734,0.6432735323905945,3.432088080961191,3.432088080961191,4.014915560161114,0.8548344366234852
935,18909696,75133,363.7323303222656,4.746846675872803,363.7323303222656,4.746846675872803,1027.818359375,0.0,90.59526824951172,1.182301640510559,3.432088080961191,3.432088080961191,4.014915560161114,0.8548344366234852
936,18929920,75211,363.48681640625,4.554040431976318,363.48681640625,4.554040431976318,1027.818359375,0.0,90.53411102294922,1.1342787742614746,3.432088080961191,3.432088080961191,4.014915560161114,0.8548344366234852
937,18950144,75290,359.7370300292969,4.341907978057861,359.7370300292969,4.341907978057861,1027.818359375,0.0,89.60015106201172,1.0814462900161743,3.432088080961191,3.432088080961191,4.014915560161114,0.8548344366234852
938,18970368,75369,361.74365234375,5.411142826080322,361.74365234375,5.411142826080322,1027.818359375,0.0,90.09994506835938,1.3477576971054077,3.432088080961191,3.432088080961191,4.014915560161114,0.8548344366234852
939,18990592,75447,357.9225158691406,2.586376428604126,357.9225158691406,2.586376428604126,1027.818359375,0.0,89.14820098876953,0.6441939473152161,3.432088080961191,3.432088080961191,4.014915560161114,0.8548344366234852
940,19010816,75525,363.8687744140625,1.9059925079345703,363.8687744140625,1.9059925079345703,1027.818359375,0.0,90.6292495727539,0.4747295081615448,3.432088080961191,3.432088080961191,4.014915560161114,0.8548344366234852
941,19031040,75604,360.7552490234375,5.969461441040039,360.7552490234375,5.969461441040039,1027.818359375,0.0,89.853759765625,1.4868245124816895,3.432088080961191,3.432088080961191,4.014915560161114,0.8548344366234852
942,19051264,75683,364.6485290527344,2.6047167778015137,364.6485290527344,2.6047167778015137,1027.818359375,0.0,90.8234634399414,0.6487592458724976,3.432088080961191,3.432088080961191,4.014915560161114,0.8548344366234852
943,19071488,75761,361.3135681152344,2.6358556747436523,361.3135681152344,2.6358556747436523,1027.818359375,0.0,89.9928207397461,0.6565152406692505,3.432088080961191,3.432088080961191,4.014915560161114,0.8548344366234852
944,19091712,75838,363.3952941894531,9.309427261352539,363.3952941894531,9.309427261352539,1027.818359375,0.0,90.51131439208984,2.3187108039855957,3.432088080961191,3.432088080961191,4.014915560161114,0.8548344366234852
945,19111936,75916,363.3052062988281,7.403268814086914,363.3052062988281,7.403268814086914,1027.818359375,0.0,90.4888687133789,1.843940019607544,3.432088080961191,3.432088080961191,4.014915560161114,0.8548344366234852
946,19132160,75994,359.7740173339844,3.3349175453186035,359.7740173339844,3.3349175453186035,1027.818359375,0.0,89.6093521118164,0.8306310176849365,3.432088080961191,3.432088080961191,4.014915560161114,0.8548344366234852
947,19152384,76073,359.8580017089844,2.7039010524749756,359.8580017089844,2.7039010524749756,1027.818359375,0.0,89.63027954101562,0.6734590530395508,3.432088080961191,3.432088080961191,4.014915560161114,0.8548344366234852
948,19172608,76152,363.3351135253906,5.549461364746094,363.3351135253906,5.549461364746094,1027.818359375,0.0,90.496337890625,1.3822085857391357,3.432088080961191,3.432088080961191,4.014915560161114,0.8548344366234852
949,19192832,76230,360.8003234863281,2.606994867324829,360.8003234863281,2.606994867324829,1027.818359375,0.0,89.864990234375,0.649330198764801,3.432088080961191,3.432088080961191,4.014915560161114,0.8548344366234852
950,19213056,76308,363.454833984375,5.509986400604248,363.454833984375,5.509986400604248,1027.818359375,0.0,90.5261459350586,1.372380018234253,3.432088080961191,3.432088080961191,4.014915560161114,0.8548344366234852
951,19233280,76387,362.3363952636719,2.8311502933502197,362.3363952636719,2.8311502933502197,1027.818359375,0.0,90.24756622314453,0.7051592469215393,3.432088080961191,3.432088080961191,4.014915560161114,0.8548344366234852
952,19253504,76465,359.7508239746094,4.000543117523193,359.7508239746094,4.000543117523193,1027.818359375,0.0,89.60357666015625,0.9964212775230408,3.432088080961191,3.432088080961191,4.014915560161114,0.8548344366234852
953,19273728,76544,362.608642578125,3.851112127304077,362.608642578125,3.851112127304077,1027.818359375,0.0,90.31537628173828,0.9591996669769287,3.432088080961191,3.432088080961191,4.014915560161114,0.8548344366234852
954,19293952,76622,361.3119201660156,1.822401523590088,361.3119201660156,1.822401523590088,1027.818359375,0.0,89.9924087524414,0.4539082944393158,3.432088080961191,3.432088080961191,4.014915560161114,0.8548344366234852
955,19314176,76700,361.5872497558594,3.27901554107666,361.5872497558594,3.27901554107666,1027.818359375,0.0,90.06098175048828,0.8167119026184082,3.432088080961191,3.432088080961191,4.014915560161114,0.8548344366234852
956,19334400,76779,361.5503845214844,3.0870392322540283,361.5503845214844,3.0870392322540283,1027.818359375,0.0,90.05179595947266,0.7688922882080078,3.432088080961191,3.432088080961191,4.014915560161114,0.8548344366234852
957,19354624,76857,356.302734375,5.379822731018066,356.302734375,5.379822731018066,1027.818359375,0.0,88.7447509765625,1.339957594871521,3.432088080961191,3.432088080961191,4.014915560161114,0.8548344366234852
958,19374848,76935,357.9688415527344,3.0166101455688477,357.9688415527344,3.0166101455688477,1027.818359375,0.0,89.15975189208984,0.7513507008552551,3.432088080961191,3.432088080961191,4.014915560161114,0.8548344366234852
959,19395072,77012,363.7768249511719,3.718580484390259,363.7768249511719,3.718580484390259,1027.818359375,0.0,90.6063461303711,0.9261904954910278,3.432088080961191,3.432088080961191,4.014915560161114,0.8548344366234852
960,19415296,77092,359.4540710449219,5.08054256439209,359.4540710449219,5.08054256439209,1027.818359375,0.0,89.5296630859375,1.2654180526733398,3.432088080961191,3.432088080961191,4.014915560161114,0.8548344366234852
961,19435520,77171,364.2877197265625,5.748109340667725,364.2877197265625,5.748109340667725,1027.818359375,0.0,90.73360443115234,1.4316871166229248,3.432088080961191,3.432088080961191,4.014915560161114,0.8548344366234852
962,19455744,77249,361.1197509765625,4.395542144775391,361.1197509765625,4.395542144775391,1027.818359375,0.0,89.94454193115234,1.094800591468811,3.432088080961191,3.432088080961191,4.014915560161114,0.8548344366234852
963,19475968,77327,363.2577819824219,0.7869671583175659,363.2577819824219,0.7869671583175659,1027.818359375,0.0,90.4770736694336,0.1960107684135437,3.432088080961191,3.432088080961191,4.014915560161114,0.8548344366234852
964,19496192,77405,362.090087890625,3.457274913787842,362.090087890625,3.457274913787842,1027.818359375,0.0,90.18622589111328,0.8611043691635132,3.432088080961191,3.432088080961191,4.014915560161114,0.8548344366234852
965,19516416,77483,362.4143981933594,6.173759460449219,362.4143981933594,6.173759460449219,1027.818359375,0.0,90.26700592041016,1.5377064943313599,3.432088080961191,3.432088080961191,4.014915560161114,0.8548344366234852
966,19536640,77562,360.057373046875,1.893429160118103,360.057373046875,1.893429160118103,1027.818359375,0.0,89.679931640625,0.4715990126132965,3.432088080961191,3.432088080961191,4.014915560161114,0.8548344366234852
967,19556864,77640,357.50244140625,2.066204309463501,357.50244140625,2.066204309463501,1027.818359375,0.0,89.0435791015625,0.5146352052688599,3.432088080961191,3.432088080961191,4.014915560161114,0.8548344366234852
968,19577088,77718,363.054931640625,7.27513313293457,363.054931640625,7.27513313293457,1027.818359375,0.0,90.42654418945312,1.812026023864746,3.432088080961191,3.432088080961191,4.014915560161114,0.8548344366234852
969,19597312,77797,362.1360778808594,1.3069063425064087,362.1360778808594,1.3069063425064087,1027.818359375,0.0,90.19766998291016,0.3255136013031006,3.432088080961191,3.432088080961191,4.014915560161114,0.8548344366234852
970,19617536,77875,363.9986267089844,10.194193840026855,363.9986267089844,10.194193840026855,1027.818359375,0.0,90.66159057617188,2.5390777587890625,3.432088080961191,3.432088080961191,4.014915560161114,0.8548344366234852
971,19637760,77953,364.619140625,3.3202242851257324,364.619140625,3.3202242851257324,1027.818359375,0.0,90.8161392211914,0.8269743323326111,3.432088080961191,3.432088080961191,4.014915560161114,0.8548344366234852
972,19657984,78030,362.8715515136719,2.021573305130005,362.8715515136719,2.021573305130005,1027.818359375,0.0,90.380859375,0.5035139322280884,3.432088080961191,3.432088080961191,4.014915560161114,0.8548344366234852
973,19678208,78109,357.8271179199219,5.281947612762451,357.8271179199219,5.281947612762451,1027.818359375,0.0,89.12444305419922,1.3155817985534668,3.432088080961191,3.432088080961191,4.014915560161114,0.8548344366234852
974,19698432,78188,360.1466064453125,7.943828582763672,360.1466064453125,7.943828582763672,1027.818359375,0.0,89.70215606689453,1.9785819053649902,3.432088080961191,3.432088080961191,4.014915560161114,0.8548344366234852
975,19718656,78266,359.8363342285156,3.8324058055877686,359.8363342285156,3.8324058055877686,1027.818359375,0.0,89.6248779296875,0.9545456171035767,3.432088080961191,3.432088080961191,4.014915560161114,0.8548344366234852
976,19738880,78343,360.176025390625,3.490748405456543,360.176025390625,3.490748405456543,1027.818359375,0.0,89.7094955444336,0.8694435954093933,3.432088080961191,3.432088080961191,4.014915560161114,0.8548344366234852
977,19759104,78420,358.4613952636719,2.9998703002929688,358.4613952636719,2.9998703002929688,1027.818359375,0.0,89.28241729736328,0.7471811175346375,3.432088080961191,3.432088080961191,4.014915560161114,0.8548344366234852
978,19779328,78498,354.0923156738281,4.595981121063232,354.0923156738281,4.595981121063232,1027.818359375,0.0,88.1942138671875,1.1447235345840454,3.432088080961191,3.432088080961191,4.014915560161114,0.8548344366234852
979,19799552,78577,361.9440002441406,3.8597395420074463,361.9440002441406,3.8597395420074463,1027.818359375,0.0,90.14984893798828,0.9613499641418457,3.432088080961191,3.432088080961191,4.014915560161114,0.8548344366234852
980,19819776,78656,363.6719970703125,1.2515588998794556,363.6719970703125,1.2515588998794556,1027.818359375,0.0,90.58023071289062,0.31172874569892883,3.432088080961191,3.432088080961191,4.014915560161114,0.8548344366234852
981,19840000,78734,364.296875,3.8668041229248047,364.296875,3.8668041229248047,1027.818359375,0.0,90.73587799072266,0.9631045460700989,3.432088080961191,3.432088080961191,4.014915560161114,0.8548344366234852
982,19860224,78812,360.5293884277344,4.841927528381348,360.5293884277344,4.841927528381348,1027.818359375,0.0,89.79749298095703,1.2059842348098755,3.432088080961191,3.432088080961191,4.014915560161114,0.8548344366234852
983,19880448,78891,360.0673522949219,7.868352890014648,360.0673522949219,7.868352890014648,1027.818359375,0.0,89.68241119384766,1.9597808122634888,3.432088080961191,3.432088080961191,4.014915560161114,0.8548344366234852
984,19900672,78969,356.8785095214844,3.398587465286255,356.8785095214844,3.398587465286255,1027.818359375,0.0,88.88818359375,0.8464902639389038,3.432088080961191,3.432088080961191,4.014915560161114,0.8548344366234852
985,19920896,79047,359.6861877441406,1.5699337720870972,359.6861877441406,1.5699337720870972,1027.818359375,0.0,89.58749389648438,0.3910244405269623,3.432088080961191,3.432088080961191,4.014915560161114,0.8548344366234852
986,19941120,79125,363.0585632324219,4.644493579864502,363.0585632324219,4.644493579864502,1027.818359375,0.0,90.42745208740234,1.1568081378936768,3.432088080961191,3.432088080961191,4.014915560161114,0.8548344366234852
987,19961344,79203,365.6147766113281,4.004122257232666,365.6147766113281,4.004122257232666,1027.818359375,0.0,91.06412506103516,0.9973127245903015,3.432088080961191,3.432088080961191,4.014915560161114,0.8548344366234852
988,19981568,79282,359.8375549316406,3.315796375274658,359.8375549316406,3.315796375274658,1027.818359375,0.0,89.62518310546875,0.8258734941482544,3.432088080961191,3.432088080961191,4.014915560161114,0.8548344366234852
989,20001792,79360,360.6882629394531,1.7993263006210327,360.6882629394531,1.7993263006210327,1027.818359375,0.0,89.83707427978516,0.44816070795059204,3.432088080961191,3.432088080961191,4.014915560161114,0.8548344366234852
990,20022016,79438,360.406005859375,4.26503324508667,360.406005859375,4.26503324508667,1027.818359375,0.0,89.76677703857422,1.0622949600219727,3.432088080961191,3.432088080961191,4.014915560161114,0.8548344366234852
991,20042240,79516,362.0265197753906,1.8251539468765259,362.0265197753906,1.8251539468765259,1027.818359375,0.0,90.17040252685547,0.45459580421447754,3.432088080961191,3.432088080961191,4.014915560161114,0.8548344366234852
992,20062464,79595,363.094482421875,5.947482585906982,363.094482421875,5.947482585906982,1027.818359375,0.0,90.4364013671875,1.4813446998596191,3.432088080961191,3.432088080961191,4.014915560161114,0.8548344366234852
993,20082688,79674,360.5237731933594,3.107903242111206,360.5237731933594,3.107903242111206,1027.818359375,0.0,89.79610443115234,0.7740873098373413,3.432088080961191,3.432088080961191,4.014915560161114,0.8548344366234852
994,20102912,79752,362.7194519042969,1.2832669019699097,362.7194519042969,1.2832669019699097,1027.818359375,0.0,90.34298706054688,0.31962645053863525,3.432088080961191,3.432088080961191,4.014915560161114,0.8548344366234852
995,20123136,79830,359.9695739746094,2.075247287750244,359.9695739746094,2.075247287750244,1027.818359375,0.0,89.6580581665039,0.5168875455856323,3.432088080961191,3.432088080961191,4.014915560161114,0.8548344366234852
996,20143360,79909,363.474853515625,6.922368049621582,363.474853515625,6.922368049621582,1027.818359375,0.0,90.5311279296875,1.7241581678390503,3.432088080961191,3.432088080961191,4.014915560161114,0.8548344366234852
997,20163584,79988,361.483642578125,7.035560131072998,361.483642578125,7.035560131072998,1027.818359375,0.0,90.0351791381836,1.7523548603057861,3.432088080961191,3.432088080961191,4.014915560161114,0.8548344366234852
998,20183808,80066,361.1938781738281,5.5339131355285645,361.1938781738281,5.5339131355285645,1027.818359375,0.0,89.9630126953125,1.3783379793167114,3.432088080961191,3.432088080961191,4.014915560161114,0.8548344366234852
999,20204032,80145,359.9011535644531,4.836706161499023,359.9011535644531,4.836706161499023,1027.818359375,0.0,89.64102935791016,1.2046862840652466,3.432088080961191,3.432088080961191,4.014915560161114,0.8548344366234852
1000,20224256,80223,357.5901184082031,6.916208744049072,357.5901184082031,6.916208744049072,1027.818359375,0.0,89.0654067993164,1.722625494003296,3.432088080961191,3.432088080961191,4.014915560161114,0.8548344366234852
1001,20244480,80302,357.9737548828125,1.2788945436477661,357.9737548828125,1.2788945436477661,1027.818359375,0.0,89.16097259521484,0.31853294372558594,3.432088080961191,3.432088080961191,4.014915560161114,0.8548344366234852
1002,20264704,80380,359.4394836425781,5.201631546020508,359.4394836425781,5.201631546020508,1027.818359375,0.0,89.52603912353516,1.2955782413482666,3.432088080961191,3.432088080961191,4.014915560161114,0.8548344366234852
1003,20284928,80458,362.6953430175781,0.6834924221038818,362.6953430175781,0.6834924221038818,1027.818359375,0.0,90.33698272705078,0.17023788392543793,3.432088080961191,3.432088080961191,4.014915560161114,0.8548344366234852
1004,20305152,80536,366.3672790527344,3.776801109313965,366.3672790527344,3.776801109313965,1027.818359375,0.0,91.25154876708984,0.9406918883323669,3.432088080961191,3.432088080961191,4.014915560161114,0.8548344366234852
1005,20325376,80615,357.082275390625,2.9375200271606445,357.082275390625,2.9375200271606445,1027.818359375,0.0,88.93893432617188,0.7316539883613586,3.432088080961191,3.432088080961191,4.014915560161114,0.8548344366234852
1006,20345600,80694,365.322265625,3.5596659183502197,365.322265625,3.5596659183502197,1027.818359375,0.0,90.99127197265625,0.886609673500061,3.432088080961191,3.432088080961191,4.014915560161114,0.8548344366234852
1007,20365824,80772,366.0686950683594,4.2754011154174805,366.0686950683594,4.2754011154174805,1027.818359375,0.0,91.17718505859375,1.0648796558380127,3.432088080961191,3.432088080961191,4.014915560161114,0.8548344366234852
1008,20386048,80851,357.4294738769531,3.4255921840667725,357.4294738769531,3.4255921840667725,1027.818359375,0.0,89.0254135131836,0.853216826915741,3.432088080961191,3.432088080961191,4.014915560161114,0.8548344366234852
1009,20406272,80928,358.6885070800781,2.148777961730957,358.6885070800781,2.148777961730957,1027.818359375,0.0,89.33899688720703,0.5351994037628174,3.432088080961191,3.432088080961191,4.014915560161114,0.8548344366234852
1010,20426496,81007,364.3717956542969,1.8423453569412231,364.3717956542969,1.8423453569412231,1027.818359375,0.0,90.7545394897461,0.4588748514652252,3.432088080961191,3.432088080961191,4.014915560161114,0.8548344366234852
1011,20446720,81085,367.91064453125,1.3327553272247314,367.91064453125,1.3327553272247314,1027.818359375,0.0,91.6359634399414,0.33195459842681885,3.432088080961191,3.432088080961191,4.014915560161114,0.8548344366234852
1012,20466944,81165,361.1728210449219,3.7363457679748535,361.1728210449219,3.7363457679748535,1027.818359375,0.0,89.957763671875,0.9306149482727051,3.432088080961191,3.432088080961191,4.014915560161114,0.8548344366234852
1013,20487168,81243,361.2923278808594,7.4596991539001465,361.2923278808594,7.4596991539001465,1027.818359375,0.0,89.98751831054688,1.857994556427002,3.432088080961191,3.432088080961191,4.014915560161114,0.8548344366234852
1014,20507392,81322,361.0352783203125,6.787878513336182,361.0352783203125,6.787878513336182,1027.818359375,0.0,89.92350006103516,1.6906658411026,3.432088080961191,3.432088080961191,4.014915560161114,0.8548344366234852
1015,20527616,81400,362.818115234375,3.3696839809417725,362.818115234375,3.3696839809417725,1027.818359375,0.0,90.3675537109375,0.8392934203147888,3.432088080961191,3.432088080961191,4.014915560161114,0.8548344366234852
1016,20547840,81479,361.2201232910156,2.284472703933716,361.2201232910156,2.284472703933716,1027.818359375,0.0,89.96954345703125,0.5689958930015564,3.432088080961191,3.432088080961191,4.014915560161114,0.8548344366234852
1017,20568064,81557,355.64013671875,3.0460431575775146,355.64013671875,3.0460431575775146,1027.818359375,0.0,88.5797348022461,0.7586818337440491,3.432088080961191,3.432088080961191,4.014915560161114,0.8548344366234852
1018,20588288,81635,359.9569091796875,6.1606292724609375,359.9569091796875,6.1606292724609375,1027.818359375,0.0,89.6549072265625,1.534434199333191,3.432088080961191,3.432088080961191,4.014915560161114,0.8548344366234852
1019,20608512,81713,360.2081604003906,5.509452819824219,360.2081604003906,5.509452819824219,1027.818359375,0.0,89.71749114990234,1.3722429275512695,3.432088080961191,3.432088080961191,4.014915560161114,0.8548344366234852
1020,20628736,81792,363.2658996582031,2.6469268798828125,363.2658996582031,2.6469268798828125,1027.818359375,0.0,90.47908782958984,0.6592738032341003,3.432088080961191,3.432088080961191,4.014915560161114,0.8548344366234852
1021,20648960,81870,363.5006103515625,2.17775559425354,363.5006103515625,2.17775559425354,1027.818359375,0.0,90.53754425048828,0.5424204468727112,3.432088080961191,3.432088080961191,4.014915560161114,0.8548344366234852
1022,20669184,81948,360.6221008300781,4.516064167022705,360.6221008300781,4.516064167022705,1027.818359375,0.0,89.82059478759766,1.1248219013214111,3.432088080961191,3.432088080961191,4.014915560161114,0.8548344366234852
1023,20689408,82025,362.4613342285156,3.1305606365203857,362.4613342285156,3.1305606365203857,1027.818359375,0.0,90.27869415283203,0.7797330021858215,3.432088080961191,3.432088080961191,4.014915560161114,0.8548344366234852
1024,20709632,82104,365.3348693847656,2.7871615886688232,365.3348693847656,2.7871615886688232,1027.818359375,0.0,90.99441528320312,0.694198727607727,3.432088080961191,3.432088080961191,4.014915560161114,0.8548344366234852
1025,20729856,82183,365.4591064453125,4.495455265045166,365.4591064453125,4.495455265045166,1027.818359375,0.0,91.02535247802734,1.1196885108947754,3.432088080961191,3.432088080961191,4.014915560161114,0.8548344366234852
1026,20750080,82260,361.5338439941406,2.7259328365325928,361.5338439941406,2.7259328365325928,1027.818359375,0.0,90.04769134521484,0.6789513230323792,3.432088080961191,3.432088080961191,4.014915560161114,0.8548344366234852
1027,20770304,82338,362.8061218261719,2.15749192237854,362.8061218261719,2.15749192237854,1027.818359375,0.0,90.36457061767578,0.5373712182044983,3.432088080961191,3.432088080961191,4.014915560161114,0.8548344366234852
1028,20790528,82416,360.2050476074219,5.403872013092041,360.2050476074219,5.403872013092041,1027.818359375,0.0,89.71671295166016,1.3459481000900269,3.432088080961191,3.432088080961191,4.014915560161114,0.8548344366234852
1029,20810752,82494,360.6119384765625,5.74798059463501,360.6119384765625,5.74798059463501,1027.818359375,0.0,89.81806182861328,1.4316596984863281,3.432088080961191,3.432088080961191,4.014915560161114,0.8548344366234852
1030,20830976,82572,360.6573791503906,3.8425543308258057,360.6573791503906,3.8425543308258057,1027.818359375,0.0,89.82938385009766,0.9570700526237488,3.432088080961191,3.432088080961191,4.014915560161114,0.8548344366234852
1031,20851200,82651,361.3968811035156,3.6126253604888916,361.3968811035156,3.6126253604888916,1027.818359375,0.0,90.0135726928711,0.899803638458252,3.432088080961191,3.432088080961191,4.014915560161114,0.8548344366234852
1032,20871424,82729,359.9820556640625,6.820456504821777,359.9820556640625,6.820456504821777,1027.818359375,0.0,89.66118621826172,1.6987814903259277,3.432088080961191,3.432088080961191,4.014915560161114,0.8548344366234852
1033,20891648,82807,363.575439453125,7.857879161834717,363.575439453125,7.857879161834717,1027.818359375,0.0,90.55618286132812,1.957172155380249,3.432088080961191,3.432088080961191,4.014915560161114,0.8548344366234852
1034,20911872,82885,363.57958984375,2.364957094192505,363.57958984375,2.364957094192505,1027.818359375,0.0,90.55722045898438,0.5890419483184814,3.432088080961191,3.432088080961191,4.014915560161114,0.8548344366234852
1035,20932096,82963,364.1522521972656,3.1527576446533203,364.1522521972656,3.1527576446533203,1027.818359375,0.0,90.6998519897461,0.7852645516395569,3.432088080961191,3.432088080961191,4.014915560161114,0.8548344366234852
1036,20952320,83041,360.103515625,4.994386672973633,360.103515625,4.994386672973633,1027.818359375,0.0,89.6914291381836,1.2439594268798828,3.432088080961191,3.432088080961191,4.014915560161114,0.8548344366234852
1037,20972544,83119,360.2682189941406,3.0201454162597656,360.2682189941406,3.0201454162597656,1027.818359375,0.0,89.73245239257812,0.7522306442260742,3.432088080961191,3.432088080961191,4.014915560161114,0.8548344366234852
1038,20992768,83198,362.1036376953125,1.0330116748809814,362.1036376953125,1.0330116748809814,1027.818359375,0.0,90.18960571289062,0.2572919726371765,3.432088080961191,3.432088080961191,4.014915560161114,0.8548344366234852
1039,21012992,83277,364.272705078125,2.0157651901245117,364.272705078125,2.0157651901245117,1027.818359375,0.0,90.72985076904297,0.5020687580108643,3.432088080961191,3.432088080961191,4.014915560161114,0.8548344366234852
1040,21033216,83355,359.53759765625,3.2968363761901855,359.53759765625,3.2968363761901855,1027.818359375,0.0,89.55047607421875,0.8211449980735779,3.432088080961191,3.432088080961191,4.014915560161114,0.8548344366234852
1041,21053440,83433,363.1689147949219,2.2838289737701416,363.1689147949219,2.2838289737701416,1027.818359375,0.0,90.4549331665039,0.5688350796699524,3.432088080961191,3.432088080961191,4.014915560161114,0.8548344366234852
1042,21073664,83512,360.0318908691406,3.006924629211426,360.0318908691406,3.006924629211426,1027.818359375,0.0,89.6736068725586,0.7489352822303772,3.432088080961191,3.432088080961191,4.014915560161114,0.8548344366234852
1043,21093888,83590,365.8282165527344,5.078555583953857,365.8282165527344,5.078555583953857,1027.818359375,0.0,91.11727905273438,1.2649266719818115,3.432088080961191,3.432088080961191,4.014915560161114,0.8548344366234852
1044,21114112,83670,361.4458312988281,2.413270950317383,361.4458312988281,2.413270950317383,1027.818359375,0.0,90.02576446533203,0.6010729670524597,3.432088080961191,3.432088080961191,4.014915560161114,0.8548344366234852
1045,21134336,83748,360.1686706542969,5.977848052978516,360.1686706542969,5.977848052978516,1027.818359375,0.0,89.70764923095703,1.488909363746643,3.432088080961191,3.432088080961191,4.014915560161114,0.8548344366234852
1046,21154560,83827,366.9966125488281,4.566938400268555,366.9966125488281,4.566938400268555,1027.818359375,0.0,91.4083023071289,1.1374918222427368,3.432088080961191,3.432088080961191,4.014915560161114,0.8548344366234852
1047,21174784,83906,361.3544616699219,2.7677342891693115,361.3544616699219,2.7677342891693115,1027.818359375,0.0,90.00299835205078,0.6893600821495056,3.432088080961191,3.432088080961191,4.014915560161114,0.8548344366234852
1048,21195008,83984,357.344970703125,2.014357328414917,357.344970703125,2.014357328414917,1027.818359375,0.0,89.00435638427734,0.501715362071991,3.432088080961191,3.432088080961191,4.014915560161114,0.8548344366234852
1049,21215232,84063,364.6473388671875,0.9269067645072937,364.6473388671875,0.9269067645072937,1027.818359375,0.0,90.82315826416016,0.23086853325366974,3.432088080961191,3.432088080961191,4.014915560161114,0.8548344366234852
1050,21235456,84142,358.5170593261719,7.939553737640381,358.5170593261719,7.939553737640381,1027.818359375,0.0,89.2962875366211,1.977514386177063,3.432088080961191,3.432088080961191,4.014915560161114,0.8548344366234852
1051,21255680,84221,363.8529052734375,3.0807957649230957,363.8529052734375,3.0807957649230957,1027.818359375,0.0,90.62529754638672,0.7673399448394775,3.432088080961191,3.432088080961191,4.014915560161114,0.8548344366234852
1052,21275904,84300,360.6871643066406,2.7947561740875244,360.6871643066406,2.7947561740875244,1027.818359375,0.0,89.83679962158203,0.6960923075675964,3.432088080961191,3.432088080961191,4.014915560161114,0.8548344366234852
1053,21296128,84379,362.4315490722656,5.032742977142334,362.4315490722656,5.032742977142334,1027.818359375,0.0,90.27127838134766,1.2535151243209839,3.432088080961191,3.432088080961191,4.014915560161114,0.8548344366234852
1054,21316352,84456,362.1941223144531,4.343744277954102,362.1941223144531,4.343744277954102,1027.818359375,0.0,90.2121353149414,1.0818982124328613,3.432088080961191,3.432088080961191,4.014915560161114,0.8548344366234852
1055,21336576,84535,367.9803161621094,0.832611083984375,367.9803161621094,0.832611083984375,1027.818359375,0.0,91.65331268310547,0.20738132297992706,3.432088080961191,3.432088080961191,4.014915560161114,0.8548344366234852
1056,21356800,84613,355.2776184082031,6.1302714347839355,355.2776184082031,6.1302714347839355,1027.818359375,0.0,88.48944091796875,1.5268727540969849,3.432088080961191,3.432088080961191,4.014915560161114,0.8548344366234852
1057,21377024,84692,365.833984375,3.840637445449829,365.833984375,3.840637445449829,1027.818359375,0.0,91.11871337890625,0.9565931558609009,3.432088080961191,3.432088080961191,4.014915560161114,0.8548344366234852
1058,21397248,84770,361.472412109375,2.3546085357666016,361.472412109375,2.3546085357666016,1027.818359375,0.0,90.03237915039062,0.5864637494087219,3.432088080961191,3.432088080961191,4.014915560161114,0.8548344366234852
1059,21417472,84847,357.9573669433594,4.123051643371582,357.9573669433594,4.123051643371582,1027.818359375,0.0,89.1568832397461,1.0269360542297363,3.432088080961191,3.432088080961191,4.014915560161114,0.8548344366234852
1060,21437696,84925,362.5172119140625,2.127594232559204,362.5172119140625,2.127594232559204,1027.818359375,0.0,90.29261016845703,0.5299232602119446,3.432088080961191,3.432088080961191,4.014915560161114,0.8548344366234852
1061,21457920,85004,362.5138854980469,5.212522029876709,362.5138854980469,5.212522029876709,1027.818359375,0.0,90.29177856445312,1.2982854843139648,3.432088080961191,3.432088080961191,4.014915560161114,0.8548344366234852
1062,21478144,85082,363.9068298339844,4.1714186668396,363.9068298339844,4.1714186668396,1027.818359375,0.0,90.63873291015625,1.0389775037765503,3.432088080961191,3.432088080961191,4.014915560161114,0.8548344366234852
1063,21498368,85160,362.4017333984375,2.7158749103546143,362.4017333984375,2.7158749103546143,1027.818359375,0.0,90.26385498046875,0.6764464974403381,3.432088080961191,3.432088080961191,4.014915560161114,0.8548344366234852
1064,21518592,85239,360.9042663574219,6.0427021980285645,360.9042663574219,6.0427021980285645,1027.818359375,0.0,89.890869140625,1.505063533782959,3.432088080961191,3.432088080961191,4.014915560161114,0.8548344366234852
1065,21538816,85317,359.9580078125,5.365047454833984,359.9580078125,5.365047454833984,1027.818359375,0.0,89.65518951416016,1.336276650428772,3.432088080961191,3.432088080961191,4.014915560161114,0.8548344366234852
1066,21559040,85396,364.6324768066406,2.7150862216949463,364.6324768066406,2.7150862216949463,1027.818359375,0.0,90.8194580078125,0.6762535572052002,3.432088080961191,3.432088080961191,4.014915560161114,0.8548344366234852
1067,21579264,85474,359.0307922363281,4.806826591491699,359.0307922363281,4.806826591491699,1027.818359375,0.0,89.42424774169922,1.1972393989562988,3.432088080961191,3.432088080961191,4.014915560161114,0.8548344366234852
1068,21599488,85552,360.9845886230469,1.764620065689087,360.9845886230469,1.764620065689087,1027.818359375,0.0,89.910888671875,0.4395177662372589,3.432088080961191,3.432088080961191,4.014915560161114,0.8548344366234852
1069,21619712,85630,357.4943542480469,6.314663887023926,357.4943542480469,6.314663887023926,1027.818359375,0.0,89.04155731201172,1.572803020477295,3.432088080961191,3.432088080961191,4.014915560161114,0.8548344366234852
1070,21639936,85709,364.1271057128906,1.398115873336792,364.1271057128906,1.398115873336792,1027.818359375,0.0,90.6935806274414,0.3482358157634735,3.432088080961191,3.432088080961191,4.014915560161114,0.8548344366234852
1071,21660160,85789,361.222900390625,5.210558891296387,361.222900390625,5.210558891296387,1027.818359375,0.0,89.97024536132812,1.2978025674819946,3.432088080961191,3.432088080961191,4.014915560161114,0.8548344366234852
1072,21680384,85868,359.6213073730469,5.871599197387695,359.6213073730469,5.871599197387695,1027.818359375,0.0,89.57131958007812,1.4624452590942383,3.432088080961191,3.432088080961191,4.014915560161114,0.8548344366234852
1073,21700608,85946,362.6332092285156,2.1441023349761963,362.6332092285156,2.1441023349761963,1027.818359375,0.0,90.32150268554688,0.5340332984924316,3.432088080961191,3.432088080961191,4.014915560161114,0.8548344366234852
1074,21720832,86025,363.0581359863281,1.0763126611709595,363.0581359863281,1.0763126611709595,1027.818359375,0.0,90.42733764648438,0.2680773138999939,3.432088080961191,3.432088080961191,4.014915560161114,0.8548344366234852
1075,21741056,86104,358.2171630859375,2.2304704189300537,358.2171630859375,2.2304704189300537,1027.818359375,0.0,89.22158813476562,0.5555456280708313,3.432088080961191,3.432088080961191,4.014915560161114,0.8548344366234852
1076,21761280,86183,361.6061096191406,4.777401924133301,361.6061096191406,4.777401924133301,1027.818359375,0.0,90.06568145751953,1.1899151802062988,3.432088080961191,3.432088080961191,4.014915560161114,0.8548344366234852
1077,21781504,86262,360.0757751464844,4.14445686340332,360.0757751464844,4.14445686340332,1027.818359375,0.0,89.68450927734375,1.0322630405426025,3.432088080961191,3.432088080961191,4.014915560161114,0.8548344366234852
1078,21801728,86341,358.21435546875,3.0104260444641113,358.21435546875,3.0104260444641113,1027.818359375,0.0,89.22089385986328,0.7498112916946411,3.432088080961191,3.432088080961191,4.014915560161114,0.8548344366234852
1079,21821952,86419,361.8423767089844,2.135392904281616,361.8423767089844,2.135392904281616,1027.818359375,0.0,90.1245346069336,0.5318665504455566,3.432088080961191,3.432088080961191,4.014915560161114,0.8548344366234852
1080,21842176,86498,363.4972229003906,3.7945218086242676,363.4972229003906,3.7945218086242676,1027.818359375,0.0,90.53670501708984,0.9451053142547607,3.432088080961191,3.432088080961191,4.014915560161114,0.8548344366234852
1081,21862400,86576,361.1257629394531,4.888500213623047,361.1257629394531,4.888500213623047,1027.818359375,0.0,89.946044921875,1.2175828218460083,3.432088080961191,3.432088080961191,4.014915560161114,0.8548344366234852
1082,21882624,86654,363.4772644042969,1.8611059188842773,363.4772644042969,1.8611059188842773,1027.818359375,0.0,90.53173065185547,0.463547945022583,3.432088080961191,3.432088080961191,4.014915560161114,0.8548344366234852
1083,21902848,86734,365.6328125,2.3021860122680664,365.6328125,2.3021860122680664,1027.818359375,0.0,91.068603515625,0.5734066367149353,3.432088080961191,3.432088080961191,4.014915560161114,0.8548344366234852
1084,21923072,86813,363.4161682128906,0.35563206672668457,363.4161682128906,0.35563206672668457,1027.818359375,0.0,90.51653289794922,0.08857887238264084,3.432088080961191,3.432088080961191,4.014915560161114,0.8548344366234852
1085,21943296,86892,361.3332214355469,7.6126389503479,361.3332214355469,7.6126389503479,1027.818359375,0.0,89.99771118164062,1.8960890769958496,3.432088080961191,3.432088080961191,4.014915560161114,0.8548344366234852
1086,21963520,86970,359.1807861328125,3.0014357566833496,359.1807861328125,3.0014357566833496,1027.818359375,0.0,89.46160888671875,0.7475751042366028,3.432088080961191,3.432088080961191,4.014915560161114,0.8548344366234852
1087,21983744,87048,358.489013671875,1.6329011917114258,358.489013671875,1.6329011917114258,1027.818359375,0.0,89.289306640625,0.4067108929157257,3.432088080961191,3.432088080961191,4.014915560161114,0.8548344366234852
1088,22003968,87126,361.9463806152344,8.255471229553223,361.9463806152344,8.255471229553223,1027.818359375,0.0,90.15044403076172,2.0562002658843994,3.432088080961191,3.432088080961191,4.014915560161114,0.8548344366234852
1089,22024192,87206,358.5112609863281,1.402740478515625,358.5112609863281,1.402740478515625,1027.818359375,0.0,89.29485321044922,0.34938254952430725,3.432088080961191,3.432088080961191,4.014915560161114,0.8548344366234852
1090,22044416,87285,363.7304382324219,3.7662875652313232,363.7304382324219,3.7662875652313232,1027.818359375,0.0,90.59479522705078,0.9380771517753601,3.432088080961191,3.432088080961191,4.014915560161114,0.8548344366234852
1091,22064640,87363,363.6600646972656,3.3755762577056885,363.6600646972656,3.3755762577056885,1027.818359375,0.0,90.5772705078125,0.8407559394836426,3.432088080961191,3.432088080961191,4.014915560161114,0.8548344366234852
1092,22084864,87441,361.44091796875,4.856624603271484,361.44091796875,4.856624603271484,1027.818359375,0.0,90.02454376220703,1.2096467018127441,3.432088080961191,3.432088080961191,4.014915560161114,0.8548344366234852
1093,22105088,87520,365.1290283203125,6.6910247802734375,365.1290283203125,6.6910247802734375,1027.818359375,0.0,90.9431381225586,1.6665432453155518,3.432088080961191,3.432088080961191,4.014915560161114,0.8548344366234852
1094,22125312,87598,356.5924072265625,2.664616823196411,356.5924072265625,2.664616823196411,1027.818359375,0.0,88.8169174194336,0.6636804342269897,3.432088080961191,3.432088080961191,4.014915560161114,0.8548344366234852
1095,22145536,87677,362.4685974121094,2.1682214736938477,362.4685974121094,2.1682214736938477,1027.818359375,0.0,90.2804946899414,0.5400449633598328,3.432088080961191,3.432088080961191,4.014915560161114,0.8548344366234852
1096,22165760,87757,356.3931579589844,3.3815484046936035,356.3931579589844,3.3815484046936035,1027.818359375,0.0,88.76728057861328,0.8422486186027527,3.432088080961191,3.432088080961191,4.014915560161114,0.8548344366234852
1097,22185984,87836,363.5099182128906,2.1952064037323,363.5099182128906,2.1952064037323,1027.818359375,0.0,90.53986358642578,0.5467638373374939,3.432088080961191,3.432088080961191,4.014915560161114,0.8548344366234852
1098,22206208,87916,366.371826171875,3.7709298133850098,366.371826171875,3.7709298133850098,1027.818359375,0.0,91.252685546875,0.9392310976982117,3.432088080961191,3.432088080961191,4.014915560161114,0.8548344366234852
1099,22226432,87995,358.2830505371094,1.7485142946243286,358.2830505371094,1.7485142946243286,1027.818359375,0.0,89.23799896240234,0.43550580739974976,3.432088080961191,3.432088080961191,4.014915560161114,0.8548344366234852
1100,22246656,88074,361.7832336425781,1.1844090223312378,361.7832336425781,1.1844090223312378,1027.818359375,0.0,90.10980224609375,0.29499876499176025,3.432088080961191,3.432088080961191,4.014915560161114,0.8548344366234852
1101,22266880,88153,362.502197265625,3.3664791584014893,362.502197265625,3.3664791584014893,1027.818359375,0.0,90.28887176513672,0.838496208190918,3.432088080961191,3.432088080961191,4.014915560161114,0.8548344366234852
1102,22287104,88232,365.600830078125,2.129028797149658,365.600830078125,2.129028797149658,1027.818359375,0.0,91.0606460571289,0.5302782654762268,3.432088080961191,3.432088080961191,4.014915560161114,0.8548344366234852
1103,22307328,88312,360.9219970703125,3.051069736480713,360.9219970703125,3.051069736480713,1027.818359375,0.0,89.89529418945312,0.7599330544471741,3.432088080961191,3.432088080961191,4.014915560161114,0.8548344366234852
1104,22327552,88391,357.8605041503906,5.2501654624938965,357.8605041503906,5.2501654624938965,1027.818359375,0.0,89.13275909423828,1.3076674938201904,3.432088080961191,3.432088080961191,4.014915560161114,0.8548344366234852
1105,22347776,88470,358.2286682128906,7.139978408813477,358.2286682128906,7.139978408813477,1027.818359375,0.0,89.22445678710938,1.7783632278442383,3.432088080961191,3.432088080961191,4.014915560161114,0.8548344366234852
1106,22368000,88549,359.5262145996094,6.379879474639893,359.5262145996094,6.379879474639893,1027.818359375,0.0,89.54763793945312,1.5890434980392456,3.432088080961191,3.432088080961191,4.014915560161114,0.8548344366234852
1107,22388224,88628,365.785888671875,1.6519867181777954,365.785888671875,1.6519867181777954,1027.818359375,0.0,91.10674285888672,0.41146188974380493,3.432088080961191,3.432088080961191,4.014915560161114,0.8548344366234852
1108,22408448,88707,361.547607421875,4.798454284667969,361.547607421875,4.798454284667969,1027.818359375,0.0,90.05111694335938,1.1951558589935303,3.432088080961191,3.432088080961191,4.014915560161114,0.8548344366234852
1109,22428672,88786,360.5568542480469,2.258835554122925,360.5568542480469,2.258835554122925,1027.818359375,0.0,89.8043441772461,0.5626140832901001,3.432088080961191,3.432088080961191,4.014915560161114,0.8548344366234852
1110,22448896,88864,358.8028869628906,2.34906268119812,358.8028869628906,2.34906268119812,1027.818359375,0.0,89.36749267578125,0.5850874185562134,3.432088080961191,3.432088080961191,4.014915560161114,0.8548344366234852
1111,22469120,88943,361.0884094238281,5.551021575927734,361.0884094238281,5.551021575927734,1027.818359375,0.0,89.9367446899414,1.3825984001159668,3.432088080961191,3.432088080961191,4.014915560161114,0.8548344366234852
1112,22489344,89021,362.1674499511719,2.7964863777160645,362.1674499511719,2.7964863777160645,1027.818359375,0.0,90.20548248291016,0.696525514125824,3.432088080961191,3.432088080961191,4.014915560161114,0.8548344366234852
1113,22509568,89100,358.9847717285156,4.305873394012451,358.9847717285156,4.305873394012451,1027.818359375,0.0,89.41278076171875,1.0724668502807617,3.432088080961191,3.432088080961191,4.014915560161114,0.8548344366234852
1114,22529792,89178,356.422607421875,8.991667747497559,356.422607421875,8.991667747497559,1027.818359375,0.0,88.77462005615234,2.239567279815674,3.432088080961191,3.432088080961191,4.014915560161114,0.8548344366234852
1115,22550016,89257,361.6110534667969,2.233182430267334,361.6110534667969,2.233182430267334,1027.818359375,0.0,90.0669174194336,0.5562195777893066,3.432088080961191,3.432088080961191,4.014915560161114,0.8548344366234852
1116,22570240,89336,366.4033508300781,3.4346840381622314,366.4033508300781,3.4346840381622314,1027.818359375,0.0,91.26053619384766,0.8554787635803223,3.432088080961191,3.432088080961191,4.014915560161114,0.8548344366234852
1117,22590464,89415,363.3844299316406,8.873051643371582,363.3844299316406,8.873051643371582,1027.818359375,0.0,90.50861358642578,2.210021495819092,3.432088080961191,3.432088080961191,4.014915560161114,0.8548344366234852
1118,22610688,89493,362.9645080566406,1.9673569202423096,362.9645080566406,1.9673569202423096,1027.818359375,0.0,90.40402221679688,0.4900110363960266,3.432088080961191,3.432088080961191,4.014915560161114,0.8548344366234852
1119,22630912,89571,362.2203369140625,6.112772464752197,362.2203369140625,6.112772464752197,1027.818359375,0.0,90.21866607666016,1.5225189924240112,3.432088080961191,3.432088080961191,4.014915560161114,0.8548344366234852
1120,22651136,89650,363.7677001953125,8.144363403320312,363.7677001953125,8.144363403320312,1027.818359375,0.0,90.60407257080078,2.0285234451293945,3.432088080961191,3.432088080961191,4.014915560161114,0.8548344366234852
1121,22671360,89729,362.84130859375,5.170673370361328,362.84130859375,5.170673370361328,1027.818359375,0.0,90.37332916259766,1.287866473197937,3.432088080961191,3.432088080961191,4.014915560161114,0.8548344366234852
1122,22691584,89809,361.09326171875,4.489840507507324,361.09326171875,4.489840507507324,1027.818359375,0.0,89.93795013427734,1.1182892322540283,3.432088080961191,3.432088080961191,4.014915560161114,0.8548344366234852
1123,22711808,89889,362.8076171875,7.753203868865967,362.8076171875,7.753203868865967,1027.818359375,0.0,90.36493682861328,1.9310990571975708,3.432088080961191,3.432088080961191,4.014915560161114,0.8548344366234852
1124,22732032,89968,360.861572265625,4.011193752288818,360.861572265625,4.011193752288818,1027.818359375,0.0,89.88024139404297,0.9990736246109009,3.432088080961191,3.432088080961191,4.014915560161114,0.8548344366234852
1125,22752256,90048,364.4697265625,5.779287815093994,364.4697265625,5.779287815093994,1027.818359375,0.0,90.7789306640625,1.439455509185791,3.432088080961191,3.432088080961191,4.014915560161114,0.8548344366234852
1126,22772480,90128,360.7787780761719,2.1817920207977295,360.7787780761719,2.1817920207977295,1027.818359375,0.0,89.859619140625,0.5434221029281616,3.432088080961191,3.432088080961191,4.014915560161114,0.8548344366234852
1127,22792704,90207,355.4195861816406,4.199886322021484,355.4195861816406,4.199886322021484,1027.818359375,0.0,88.5248031616211,1.0460684299468994,3.432088080961191,3.432088080961191,4.014915560161114,0.8548344366234852
1128,22812928,90286,358.2962341308594,6.674957752227783,358.2962341308594,6.674957752227783,1027.818359375,0.0,89.24129486083984,1.662543535232544,3.432088080961191,3.432088080961191,4.014915560161114,0.8548344366234852
1129,22833152,90366,360.19775390625,5.8303327560424805,360.19775390625,5.8303327560424805,1027.818359375,0.0,89.71490478515625,1.4521703720092773,3.432088080961191,3.432088080961191,4.014915560161114,0.8548344366234852
1130,22853376,90447,361.16650390625,1.2437376976013184,361.16650390625,1.2437376976013184,1027.818359375,0.0,89.95618438720703,0.30977627635002136,3.432088080961191,3.432088080961191,4.014915560161114,0.8548344366234852
1131,22873600,90526,362.84814453125,4.166261672973633,362.84814453125,4.166261672973633,1027.818359375,0.0,90.37503814697266,1.0376989841461182,3.432088080961191,3.432088080961191,4.014915560161114,0.8548344366234852
1132,22893824,90605,357.8238525390625,4.771644592285156,357.8238525390625,4.771644592285156,1027.818359375,0.0,89.12362670898438,1.1884790658950806,3.432088080961191,3.432088080961191,4.014915560161114,0.8548344366234852
1133,22914048,90684,358.8113708496094,2.5857014656066895,358.8113708496094,2.5857014656066895,1027.818359375,0.0,89.36959838867188,0.644024670124054,3.432088080961191,3.432088080961191,4.014915560161114,0.8548344366234852
1134,22934272,90764,359.1585998535156,6.1992597579956055,359.1585998535156,6.1992597579956055,1027.818359375,0.0,89.4560775756836,1.5440566539764404,3.432088080961191,3.432088080961191,4.014915560161114,0.8548344366234852
1135,22954496,90845,359.6577453613281,6.5451531410217285,359.6577453613281,6.5451531410217285,1027.818359375,0.0,89.58040618896484,1.6302071809768677,3.432088080961191,3.432088080961191,4.014915560161114,0.8548344366234852
1136,22974720,90925,360.7522277832031,1.202457070350647,360.7522277832031,1.202457070350647,1027.818359375,0.0,89.8530044555664,0.2994978725910187,3.432088080961191,3.432088080961191,4.014915560161114,0.8548344366234852
1137,22994944,91004,358.8349304199219,4.631746768951416,358.8349304199219,4.631746768951416,1027.818359375,0.0,89.37545776367188,1.1536362171173096,3.432088080961191,3.432088080961191,4.014915560161114,0.8548344366234852
1138,23015168,91083,362.4232482910156,3.809645175933838,362.4232482910156,3.809645175933838,1027.818359375,0.0,90.26920318603516,0.9488718509674072,3.432088080961191,3.432088080961191,4.014915560161114,0.8548344366234852
1139,23035392,91163,356.4266662597656,3.1352760791778564,356.4266662597656,3.1352760791778564,1027.818359375,0.0,88.775634765625,0.7809057235717773,3.432088080961191,3.432088080961191,4.014915560161114,0.8548344366234852
1140,23055616,91242,369.3951721191406,6.580062389373779,369.3951721191406,6.580062389373779,1027.818359375,0.0,92.0057144165039,1.6389034986495972,3.432088080961191,3.432088080961191,4.014915560161114,0.8548344366234852
1141,23075840,91323,360.8280944824219,1.3139128684997559,360.8280944824219,1.3139128684997559,1027.818359375,0.0,89.87191009521484,0.3272588849067688,3.432088080961191,3.432088080961191,4.014915560161114,0.8548344366234852
1142,23096064,91402,364.50390625,6.315406799316406,364.50390625,6.315406799316406,1027.818359375,0.0,90.78743743896484,1.5729856491088867,3.432088080961191,3.432088080961191,4.014915560161114,0.8548344366234852
1143,23116288,91481,361.3642272949219,3.3739805221557617,361.3642272949219,3.3739805221557617,1027.818359375,0.0,90.00543212890625,0.840362012386322,3.432088080961191,3.432088080961191,4.014915560161114,0.8548344366234852
1144,23136512,91561,359.53076171875,4.987890243530273,359.53076171875,4.987890243530273,1027.818359375,0.0,89.54877471923828,1.2423397302627563,3.432088080961191,3.432088080961191,4.014915560161114,0.8548344366234852
1145,23156736,91640,360.1867980957031,4.348189830780029,360.1867980957031,4.348189830780029,1027.818359375,0.0,89.7121810913086,1.0830090045928955,3.432088080961191,3.432088080961191,4.014915560161114,0.8548344366234852
1146,23176960,91719,357.572021484375,1.6879286766052246,357.572021484375,1.6879286766052246,1027.818359375,0.0,89.06090545654297,0.42041704058647156,3.432088080961191,3.432088080961191,4.014915560161114,0.8548344366234852
1147,23197184,91799,362.0357360839844,8.101370811462402,362.0357360839844,8.101370811462402,1027.818359375,0.0,90.17267608642578,2.017817497253418,3.432088080961191,3.432088080961191,4.014915560161114,0.8548344366234852
1148,23217408,91880,361.738525390625,4.026795864105225,361.738525390625,4.026795864105225,1027.818359375,0.0,90.09867095947266,1.0029560327529907,3.432088080961191,3.432088080961191,4.014915560161114,0.8548344366234852
1149,23237632,91960,360.2214050292969,8.099287986755371,360.2214050292969,8.099287986755371,1027.818359375,0.0,89.72079467773438,2.0172998905181885,3.432088080961191,3.432088080961191,4.014915560161114,0.8548344366234852
1150,23257856,92040,360.1468505859375,4.179621696472168,360.1468505859375,4.179621696472168,1027.818359375,0.0,89.70221710205078,1.041024088859558,3.432088080961191,3.432088080961191,4.014915560161114,0.8548344366234852
1151,23278080,92119,359.147216796875,2.8273866176605225,359.147216796875,2.8273866176605225,1027.818359375,0.0,89.4532470703125,0.7042210698127747,3.432088080961191,3.432088080961191,4.014915560161114,0.8548344366234852
1152,23298304,92199,363.3530578613281,9.087629318237305,363.3530578613281,9.087629318237305,1027.818359375,0.0,90.50080108642578,2.26346755027771,3.432088080961191,3.432088080961191,4.014915560161114,0.8548344366234852
1153,23318528,92279,362.0092468261719,5.241185188293457,362.0092468261719,5.241185188293457,1027.818359375,0.0,90.16608428955078,1.3054332733154297,3.432088080961191,3.432088080961191,4.014915560161114,0.8548344366234852
1154,23338752,92359,359.98876953125,3.155409336090088,359.98876953125,3.155409336090088,1027.818359375,0.0,89.662841796875,0.7859196662902832,3.432088080961191,3.432088080961191,4.014915560161114,0.8548344366234852
1155,23358976,92439,359.9433288574219,4.57368803024292,359.9433288574219,4.57368803024292,1027.818359375,0.0,89.65152740478516,1.1391773223876953,3.432088080961191,3.432088080961191,4.014915560161114,0.8548344366234852
1156,23379200,92519,360.4173278808594,3.9823946952819824,360.4173278808594,3.9823946952819824,1027.818359375,0.0,89.76959228515625,0.9918985962867737,3.432088080961191,3.432088080961191,4.014915560161114,0.8548344366234852
1157,23399424,92599,355.4510192871094,3.2812893390655518,355.4510192871094,3.2812893390655518,1027.818359375,0.0,88.53263092041016,0.8172694444656372,3.432088080961191,3.432088080961191,4.014915560161114,0.8548344366234852
1158,23419648,92678,358.4232482910156,1.0536110401153564,358.4232482910156,1.0536110401153564,1027.818359375,0.0,89.2729263305664,0.2624254524707794,3.432088080961191,3.432088080961191,4.014915560161114,0.8548344366234852
1159,23439872,92757,358.8056335449219,4.26634407043457,358.8056335449219,4.26634407043457,1027.818359375,0.0,89.3681640625,1.0626263618469238,3.432088080961191,3.432088080961191,4.014915560161114,0.8548344366234852
1160,23460096,92836,358.4794616699219,5.418853759765625,358.4794616699219,5.418853759765625,1027.818359375,0.0,89.28691864013672,1.3496806621551514,3.432088080961191,3.432088080961191,4.014915560161114,0.8548344366234852
1161,23480320,92916,360.350830078125,7.588564872741699,360.350830078125,7.588564872741699,1027.818359375,0.0,89.7530288696289,1.890093445777893,3.432088080961191,3.432088080961191,4.014915560161114,0.8548344366234852
1162,23500544,92996,361.9381408691406,4.994820594787598,361.9381408691406,4.994820594787598,1027.818359375,0.0,90.14839935302734,1.2440664768218994,3.432088080961191,3.432088080961191,4.014915560161114,0.8548344366234852
1163,23520768,93076,358.116943359375,9.214927673339844,358.116943359375,9.214927673339844,1027.818359375,0.0,89.1966323852539,2.2951738834381104,3.432088080961191,3.432088080961191,4.014915560161114,0.8548344366234852
1164,23540992,93155,361.7264709472656,8.398477554321289,361.7264709472656,8.398477554321289,1027.818359375,0.0,90.09566497802734,2.0918164253234863,3.432088080961191,3.432088080961191,4.014915560161114,0.8548344366234852
1165,23561216,93235,360.2679443359375,2.3322598934173584,360.2679443359375,2.3322598934173584,1027.818359375,0.0,89.73238372802734,0.5808998942375183,3.432088080961191,3.432088080961191,4.014915560161114,0.8548344366234852
1166,23581440,93314,363.5225524902344,5.13529109954834,363.5225524902344,5.13529109954834,1027.818359375,0.0,90.54300689697266,1.2790542840957642,3.432088080961191,3.432088080961191,4.014915560161114,0.8548344366234852
1167,23601664,93395,358.7799377441406,2.8545429706573486,358.7799377441406,2.8545429706573486,1027.818359375,0.0,89.36176300048828,0.7109861969947815,3.432088080961191,3.432088080961191,4.014915560161114,0.8548344366234852
1168,23621888,93474,361.6171569824219,3.1201155185699463,361.6171569824219,3.1201155185699463,1027.818359375,0.0,90.06842803955078,0.7771327495574951,3.432088080961191,3.432088080961191,4.014915560161114,0.8548344366234852
1169,23642112,93555,361.7056579589844,3.089566946029663,361.7056579589844,3.089566946029663,1027.818359375,0.0,90.0904769897461,0.7695252895355225,3.432088080961191,3.432088080961191,4.014915560161114,0.8548344366234852
1170,23662336,93635,365.5270080566406,5.089868545532227,365.5270080566406,5.089868545532227,1027.818359375,0.0,91.0422592163086,1.2677425146102905,3.432088080961191,3.432088080961191,4.014915560161114,0.8548344366234852
1171,23682560,93715,363.8625183105469,3.4187934398651123,363.8625183105469,3.4187934398651123,1027.818359375,0.0,90.627685546875,0.85152268409729,3.432088080961191,3.432088080961191,4.014915560161114,0.8548344366234852
1172,23702784,93794,361.9463195800781,4.783137321472168,361.9463195800781,4.783137321472168,1027.818359375,0.0,90.15042114257812,1.1913433074951172,3.432088080961191,3.432088080961191,4.014915560161114,0.8548344366234852
1173,23723008,93874,360.8423156738281,8.944799423217773,360.8423156738281,8.944799423217773,1027.818359375,0.0,89.87545013427734,2.227893114089966,3.432088080961191,3.432088080961191,4.014915560161114,0.8548344366234852
1174,23743232,93954,360.49169921875,5.69859504699707,360.49169921875,5.69859504699707,1027.818359375,0.0,89.7881088256836,1.4193525314331055,3.432088080961191,3.432088080961191,4.014915560161114,0.8548344366234852
1175,23763456,94034,363.190185546875,3.952826499938965,363.190185546875,3.952826499938965,1027.818359375,0.0,90.4602279663086,0.9845359921455383,3.432088080961191,3.432088080961191,4.014915560161114,0.8548344366234852
1176,23783680,94114,364.7574157714844,4.991219520568848,364.7574157714844,4.991219520568848,1027.818359375,0.0,90.85057830810547,1.2431695461273193,3.432088080961191,3.432088080961191,4.014915560161114,0.8548344366234852
1177,23803904,94194,360.7332458496094,6.804911136627197,360.7332458496094,6.804911136627197,1027.818359375,0.0,89.8482666015625,1.6949094533920288,3.432088080961191,3.432088080961191,4.014915560161114,0.8548344366234852
1178,23824128,94273,360.5646667480469,2.378042459487915,360.5646667480469,2.378042459487915,1027.818359375,0.0,89.80628204345703,0.5923008322715759,3.432088080961191,3.432088080961191,4.014915560161114,0.8548344366234852
1179,23844352,94353,356.5732727050781,3.05185866355896,356.5732727050781,3.05185866355896,1027.818359375,0.0,88.8121566772461,0.7601285576820374,3.432088080961191,3.432088080961191,4.014915560161114,0.8548344366234852
1180,23864576,94434,362.2890625,3.4742534160614014,362.2890625,3.4742534160614014,1027.818359375,0.0,90.23577880859375,0.8653377294540405,3.432088080961191,3.432088080961191,4.014915560161114,0.8548344366234852
1181,23884800,94514,360.9277038574219,3.2958242893218994,360.9277038574219,3.2958242893218994,1027.818359375,0.0,89.89672088623047,0.8208957314491272,3.432088080961191,3.432088080961191,4.014915560161114,0.8548344366234852
1182,23905024,94595,361.8620300292969,4.624041557312012,361.8620300292969,4.624041557312012,1027.818359375,0.0,90.1294174194336,1.151710867881775,3.432088080961191,3.432088080961191,4.014915560161114,0.8548344366234852
1183,23925248,94675,362.8609924316406,4.692079067230225,362.8609924316406,4.692079067230225,1027.818359375,0.0,90.37824249267578,1.1686592102050781,3.432088080961191,3.432088080961191,4.014915560161114,0.8548344366234852
1184,23945472,94755,356.9298095703125,6.683889389038086,356.9298095703125,6.683889389038086,1027.818359375,0.0,88.90094757080078,1.6647642850875854,3.432088080961191,3.432088080961191,4.014915560161114,0.8548344366234852
1185,23965696,94835,363.345947265625,8.173731803894043,363.345947265625,8.173731803894043,1027.818359375,0.0,90.49903106689453,2.0358400344848633,3.432088080961191,3.432088080961191,4.014915560161114,0.8548344366234852
1186,23985920,94914,363.926025390625,4.5055317878723145,363.926025390625,4.5055317878723145,1027.818359375,0.0,90.64350128173828,1.1221991777420044,3.432088080961191,3.432088080961191,4.014915560161114,0.8548344366234852
1187,24006144,94994,360.8450622558594,7.016536712646484,360.8450622558594,7.016536712646484,1027.818359375,0.0,89.8761215209961,1.7476192712783813,3.432088080961191,3.432088080961191,4.014915560161114,0.8548344366234852
1188,24026368,95075,357.649169921875,7.3640007972717285,357.649169921875,7.3640007972717285,1027.818359375,0.0,89.08013153076172,1.8341611623764038,3.432088080961191,3.432088080961191,4.014915560161114,0.8548344366234852
1189,24046592,95154,367.4916076660156,2.480525255203247,367.4916076660156,2.480525255203247,1027.818359375,0.0,91.5315933227539,0.6178274154663086,3.432088080961191,3.432088080961191,4.014915560161114,0.8548344366234852
1190,24066816,95234,362.7056579589844,2.937608003616333,362.7056579589844,2.937608003616333,1027.818359375,0.0,90.33954620361328,0.7316733002662659,3.432088080961191,3.432088080961191,4.014915560161114,0.8548344366234852
1191,24087040,95313,358.3799133300781,4.991051197052002,358.3799133300781,4.991051197052002,1027.818359375,0.0,89.26213836669922,1.243126392364502,3.432088080961191,3.432088080961191,4.014915560161114,0.8548344366234852
1192,24107264,95393,363.04345703125,9.641798973083496,363.04345703125,9.641798973083496,1027.818359375,0.0,90.4236831665039,2.4014928340911865,3.432088080961191,3.432088080961191,4.014915560161114,0.8548344366234852
1193,24127488,95473,362.1446838378906,5.899478435516357,362.1446838378906,5.899478435516357,1027.818359375,0.0,90.1998291015625,1.4693903923034668,3.432088080961191,3.432088080961191,4.014915560161114,0.8548344366234852
1194,24147712,95553,363.173828125,2.090580940246582,363.173828125,2.090580940246582,1027.818359375,0.0,90.4561538696289,0.5207066535949707,3.432088080961191,3.432088080961191,4.014915560161114,0.8548344366234852
1195,24167936,95632,361.6632995605469,2.1367580890655518,361.6632995605469,2.1367580890655518,1027.818359375,0.0,90.07992553710938,0.5322079658508301,3.432088080961191,3.432088080961191,4.014915560161114,0.8548344366234852
1196,24188160,95711,358.1481628417969,5.928829669952393,358.1481628417969,5.928829669952393,1027.818359375,0.0,89.20440673828125,1.476702332496643,3.432088080961191,3.432088080961191,4.014915560161114,0.8548344366234852
1197,24208384,95790,359.7610168457031,8.474261283874512,359.7610168457031,8.474261283874512,1027.818359375,0.0,89.60611724853516,2.1106886863708496,3.432088080961191,3.432088080961191,4.014915560161114,0.8548344366234852
1198,24228608,95870,366.3406066894531,1.7249259948730469,366.3406066894531,1.7249259948730469,1027.818359375,0.0,91.24491119384766,0.4296300709247589,3.432088080961191,3.432088080961191,4.014915560161114,0.8548344366234852
1199,24248832,95949,364.8251037597656,1.9296352863311768,364.8251037597656,1.9296352863311768,1027.818359375,0.0,90.8674545288086,0.48061487078666687,3.432088080961191,3.432088080961191,4.014915560161114,0.8548344366234852
1200,24269056,96029,364.0010986328125,6.673659324645996,364.0010986328125,6.673659324645996,1027.818359375,0.0,90.6622085571289,1.6622194051742554,3.432088080961191,3.432088080961191,4.014915560161114,0.8548344366234852
1201,24289280,96109,363.281982421875,2.8593380451202393,363.281982421875,2.8593380451202393,1027.818359375,0.0,90.48308563232422,0.7121788859367371,3.432088080961191,3.432088080961191,4.014915560161114,0.8548344366234852
1202,24309504,96189,366.2832946777344,8.66589641571045,366.2832946777344,8.66589641571045,1027.818359375,0.0,91.23062896728516,2.1584296226501465,3.432088080961191,3.432088080961191,4.014915560161114,0.8548344366234852
1203,24329728,96269,360.3002014160156,1.1888772249221802,360.3002014160156,1.1888772249221802,1027.818359375,0.0,89.74041748046875,0.2961157262325287,3.432088080961191,3.432088080961191,4.014915560161114,0.8548344366234852
1204,24349952,96347,363.3834228515625,6.275049209594727,363.3834228515625,6.275049209594727,1027.818359375,0.0,90.50836181640625,1.5629360675811768,3.432088080961191,3.432088080961191,4.014915560161114,0.8548344366234852
1205,24370176,96426,364.1222229003906,3.020434856414795,364.1222229003906,3.020434856414795,1027.818359375,0.0,90.6923599243164,0.7522997260093689,3.432088080961191,3.432088080961191,4.014915560161114,0.8548344366234852
1206,24390400,96506,365.8164367675781,3.0410757064819336,365.8164367675781,3.0410757064819336,1027.818359375,0.0,91.1143569946289,0.7574453949928284,3.432088080961191,3.432088080961191,4.014915560161114,0.8548344366234852
1207,24410624,96587,363.1668395996094,6.0908331871032715,363.1668395996094,6.0908331871032715,1027.818359375,0.0,90.45442962646484,1.5170502662658691,3.432088080961191,3.432088080961191,4.014915560161114,0.8548344366234852
1208,24430848,96667,358.7845764160156,3.855451822280884,358.7845764160156,3.855451822280884,1027.818359375,0.0,89.3629150390625,0.960283100605011,3.432088080961191,3.432088080961191,4.014915560161114,0.8548344366234852
1209,24451072,96746,360.00146484375,4.060958385467529,360.00146484375,4.060958385467529,1027.818359375,0.0,89.666015625,1.0114703178405762,3.432088080961191,3.432088080961191,4.014915560161114,0.8548344366234852
1210,24471296,96825,362.847900390625,2.2253222465515137,362.847900390625,2.2253222465515137,1027.818359375,0.0,90.3749771118164,0.554265022277832,3.432088080961191,3.432088080961191,4.014915560161114,0.8548344366234852
1211,24491520,96906,367.0586242675781,9.146156311035156,367.0586242675781,9.146156311035156,1027.818359375,0.0,91.42374420166016,2.278043270111084,3.432088080961191,3.432088080961191,4.014915560161114,0.8548344366234852
1212,24511744,96986,362.7956848144531,0.2867582440376282,362.7956848144531,0.2867582440376282,1027.818359375,0.0,90.36196899414062,0.0714251697063446,3.432088080961191,3.432088080961191,4.014915560161114,0.8548344366234852
1213,24531968,97066,360.6772766113281,7.322927951812744,360.6772766113281,7.322927951812744,1027.818359375,0.0,89.83434295654297,1.8239296674728394,3.432088080961191,3.432088080961191,4.014915560161114,0.8548344366234852
1214,24552192,97145,363.9527282714844,6.126824855804443,363.9527282714844,6.126824855804443,1027.818359375,0.0,90.650146484375,1.5260188579559326,3.432088080961191,3.432088080961191,4.014915560161114,0.8548344366234852
1215,24572416,97225,364.73974609375,4.81123685836792,364.73974609375,4.81123685836792,1027.818359375,0.0,90.84618377685547,1.1983414888381958,3.432088080961191,3.432088080961191,4.014915560161114,0.8548344366234852
1216,24592640,97305,360.7805480957031,3.945225715637207,360.7805480957031,3.945225715637207,1027.818359375,0.0,89.86006927490234,0.9826414585113525,3.432088080961191,3.432088080961191,4.014915560161114,0.8548344366234852
1217,24612864,97384,358.302490234375,5.239234924316406,358.302490234375,5.239234924316406,1027.818359375,0.0,89.24283599853516,1.304944396018982,3.432088080961191,3.432088080961191,4.014915560161114,0.8548344366234852
1218,24633088,97464,363.496826171875,4.483427047729492,363.496826171875,4.483427047729492,1027.818359375,0.0,90.5365982055664,1.1166908740997314,3.432088080961191,3.432088080961191,4.014915560161114,0.8548344366234852
1219,24653312,97544,360.1229553222656,5.98529577255249,360.1229553222656,5.98529577255249,1027.818359375,0.0,89.69628143310547,1.4907606840133667,3.432088080961191,3.432088080961191,4.014915560161114,0.8548344366234852
1220,24673536,97624,358.9737854003906,2.214186668395996,358.9737854003906,2.214186668395996,1027.818359375,0.0,89.4100570678711,0.5514899492263794,3.432088080961191,3.432088080961191,4.014915560161114,0.8548344366234852
1221,24693760,97704,364.8819274902344,2.301849603652954,364.8819274902344,2.301849603652954,1027.818359375,0.0,90.881591796875,0.5733230710029602,3.432088080961191,3.432088080961191,4.014915560161114,0.8548344366234852
1222,24713984,97783,361.6636657714844,4.907236576080322,361.6636657714844,4.907236576080322,1027.818359375,0.0,90.08001708984375,1.2222520112991333,3.432088080961191,3.432088080961191,4.014915560161114,0.8548344366234852
1223,24734208,97863,364.5616455078125,2.8415896892547607,364.5616455078125,2.8415896892547607,1027.818359375,0.0,90.80181121826172,0.7077594995498657,3.432088080961191,3.432088080961191,4.014915560161114,0.8548344366234852
1224,24754432,97942,363.096923828125,3.088242292404175,363.096923828125,3.088242292404175,1027.818359375,0.0,90.43701171875,0.7691929936408997,3.432088080961191,3.432088080961191,4.014915560161114,0.8548344366234852
