,steps,times,rewards,std_rewards,rewards_isac,std_rewards_isac,rewards_s,std_rewards_s,rewards_c,std_rewards_c,best_rewards,best_rewards_isac,best_rewards_s,best_rewards_c
0,256,3,3.123340368270874,0.002745762001723051,3.123340368270874,0.002745762001723051,451.1358947753906,3.7376248656073585e-05,1.7723594903945923,0.0015581005718559027,0.01300881674463956,0.01300881674463956,1.7622497540696818,0.007381937046435912
1,20480,83,3.789412260055542,0.0024098441936075687,3.789412260055542,0.0024098441936075687,520.4638671875,0.0,1.8638938665390015,0.0011852793395519257,0.016081528483417575,0.016081528483417575,2.033062074061594,0.007910003677994127
2,40704,164,2.96708607673645,0.002984868362545967,2.96708607673645,0.002984868362545967,425.3564758300781,0.0,1.7857351303100586,0.0017963798018172383,0.016081528483417575,0.016081528483417575,2.033062074061594,0.007910003677994127
3,60928,245,3.1086151599884033,0.002253251615911722,3.1086151599884033,0.002253251615911722,365.9300842285156,3.7376248656073585e-05,2.1747472286224365,0.0015762840630486608,0.016081528483417575,0.016081528483417575,2.033062074061594,0.007910003677994127
4,81152,326,3.102973222732544,0.006200435571372509,3.102973222732544,0.006200435571372509,365.9300842285156,3.7376248656073585e-05,2.1708004474639893,0.004337817430496216,0.016081528483417575,0.016081528483417575,2.033062074061594,0.007910003677994127
5,101376,407,4.025571823120117,0.007461216766387224,4.025571823120117,0.007461216766387224,514.3546752929688,0.0,2.0035715103149414,0.0037134753074496984,0.017001544461950704,0.017001544461950704,2.009198006815128,0.008461856125818396
6,121600,488,4.0181660652160645,0.014328745193779469,4.0181660652160645,0.014328745193779469,514.3546752929688,0.0,1.9998855590820312,0.00713149830698967,0.017001544461950704,0.017001544461950704,2.009198006815128,0.008461856125818396
7,141824,568,6.743375301361084,0.011967767030000687,6.743375301361084,0.011967767030000687,596.1301879882812,0.0,2.895850419998169,0.005139457993209362,0.029515439329665088,0.029515439329665088,2.328633650753409,0.012675003352337379
8,162048,650,188.1275634765625,1.8718775510787964,188.1275634765625,1.8718775510787964,808.6428833007812,7.475249731214717e-05,59.5573844909668,0.5925983190536499,1.3446973537614009,1.3446973537614009,3.1587614713220877,0.4257039874551157
9,182272,731,191.93251037597656,2.2233190536499023,191.93251037597656,2.2233190536499023,808.6428833007812,7.475249731214717e-05,60.7619514465332,0.7038574814796448,1.5221948101822715,1.5221948101822715,3.1587614713220877,0.481896092503991
10,202496,813,364.3789978027344,4.883098602294922,364.3789978027344,4.883098602294922,1027.818359375,0.0,90.7563247680664,1.21623957157135,2.3058384029091172,2.3058384029091172,4.014915560161114,0.5743180319380332
11,222720,893,357.6029052734375,5.627440929412842,357.6029052734375,5.627440929412842,1027.818359375,0.0,89.068603515625,1.4016363620758057,2.496337179734783,2.496337179734783,4.014915560161114,0.6217657986397621
12,242944,974,362.5766296386719,6.666858673095703,362.5766296386719,6.666858673095703,1027.818359375,0.0,90.30740356445312,1.660524845123291,2.496337179734783,2.496337179734783,4.014915560161114,0.6217657986397621
13,263168,1055,251.6820831298828,0.46307817101478577,251.6820831298828,0.46307817101478577,1057.0247802734375,0.0,60.95468521118164,0.11215079575777054,2.496337179734783,2.496337179734783,4.014915560161114,0.6217657986397621
14,283392,1135,247.648681640625,3.8723413944244385,247.648681640625,3.8723413944244385,1057.0247802734375,0.0,59.97783279418945,0.9378409385681152,2.496337179734783,2.496337179734783,4.014915560161114,0.6217657986397621
15,303616,1214,250.0009765625,1.8059946298599243,250.0009765625,1.8059946298599243,1057.0247802734375,0.0,60.547542572021484,0.4373941719532013,2.496337179734783,2.496337179734783,4.014915560161114,0.6217657986397621
16,323840,1294,248.8504180908203,1.5169066190719604,248.8504180908203,1.5169066190719604,1057.0247802734375,0.0,60.268890380859375,0.3673795759677887,2.496337179734783,2.496337179734783,4.014915560161114,0.6217657986397621
17,344064,1374,249.28895568847656,5.138893127441406,249.28895568847656,5.138893127441406,1057.0247802734375,0.0,60.37510299682617,1.2445847988128662,2.496337179734783,2.496337179734783,4.014915560161114,0.6217657986397621
18,364288,1454,10.466450691223145,0.039867281913757324,10.466450691223145,0.039867281913757324,1041.2620849609375,0.0,2.5732343196868896,0.009801498614251614,2.496337179734783,2.496337179734783,4.014915560161114,0.6217657986397621
19,384512,1534,10.453434944152832,0.04766939952969551,10.453434944152832,0.04766939952969551,1041.2620849609375,0.0,2.5700342655181885,0.011719802394509315,2.496337179734783,2.496337179734783,4.014915560161114,0.6217657986397621
20,404736,1615,10.422576904296875,0.04504390060901642,10.422576904296875,0.04504390060901642,1041.2620849609375,0.0,2.5624477863311768,0.011074267327785492,2.496337179734783,2.496337179734783,4.014915560161114,0.6217657986397621
21,424960,1696,10.448653221130371,0.03625240921974182,10.448653221130371,0.03625240921974182,1041.2620849609375,0.0,2.568859100341797,0.008912904188036919,2.496337179734783,2.496337179734783,4.014915560161114,0.6217657986397621
22,445184,1777,10.448906898498535,0.028784489259123802,10.448906898498535,0.028784489259123802,1041.2620849609375,0.0,2.5689213275909424,0.00707674166187644,2.496337179734783,2.496337179734783,4.014915560161114,0.6217657986397621
23,465408,1858,10.476856231689453,0.0052380939014256,10.476856231689453,0.0052380939014256,1041.2620849609375,0.0,2.5757925510406494,0.0012877628905698657,2.496337179734783,2.496337179734783,4.014915560161114,0.6217657986397621
24,485632,1938,10.432406425476074,0.011196001432836056,10.432406425476074,0.011196001432836056,1041.2620849609375,0.0,2.5648646354675293,0.002752602333202958,2.496337179734783,2.496337179734783,4.014915560161114,0.6217657986397621
25,505856,2018,10.437273979187012,0.049268271774053574,10.437273979187012,0.049268271774053574,1041.2620849609375,0.0,2.56606125831604,0.012112951837480068,2.496337179734783,2.496337179734783,4.014915560161114,0.6217657986397621
26,526080,2099,10.45008373260498,0.022510970011353493,10.45008373260498,0.022510970011353493,1041.2620849609375,0.0,2.5692105293273926,0.005534518975764513,2.496337179734783,2.496337179734783,4.014915560161114,0.6217657986397621
27,546304,2180,10.428236961364746,0.04114076867699623,10.428236961364746,0.04114076867699623,1041.2620849609375,0.0,2.5638396739959717,0.010114618577063084,2.496337179734783,2.496337179734783,4.014915560161114,0.6217657986397621
28,566528,2260,10.452248573303223,0.013640248216688633,10.452248573303223,0.013640248216688633,1041.2620849609375,0.0,2.5697429180145264,0.003353535197675228,2.496337179734783,2.496337179734783,4.014915560161114,0.6217657986397621
29,586752,2340,10.461441993713379,0.03482038155198097,10.461441993713379,0.03482038155198097,1041.2620849609375,0.0,2.572003126144409,0.008560847491025925,2.496337179734783,2.496337179734783,4.014915560161114,0.6217657986397621
30,606976,2421,10.408641815185547,0.04837626963853836,10.408641815185547,0.04837626963853836,1041.2620849609375,0.0,2.5590217113494873,0.011893623508512974,2.496337179734783,2.496337179734783,4.014915560161114,0.6217657986397621
31,627200,2501,10.43811321258545,0.01613542251288891,10.43811321258545,0.01613542251288891,1041.2620849609375,0.0,2.566267251968384,0.003966889344155788,2.496337179734783,2.496337179734783,4.014915560161114,0.6217657986397621
32,647424,2582,10.426077842712402,0.019814860075712204,10.426077842712402,0.019814860075712204,1041.2620849609375,0.0,2.5633084774017334,0.004871581215411425,2.496337179734783,2.496337179734783,4.014915560161114,0.6217657986397621
33,667648,2662,10.4332914352417,0.03701214864850044,10.4332914352417,0.03701214864850044,1041.2620849609375,0.0,2.565081834793091,0.009099663235247135,2.496337179734783,2.496337179734783,4.014915560161114,0.6217657986397621
34,687872,2743,10.433669090270996,0.055507369339466095,10.433669090270996,0.055507369339466095,1041.2620849609375,0.0,2.5651748180389404,0.013646728359162807,2.496337179734783,2.496337179734783,4.014915560161114,0.6217657986397621
35,708096,2824,10.400862693786621,0.038910169154405594,10.400862693786621,0.038910169154405594,1041.2620849609375,0.0,2.5571091175079346,0.009566276334226131,2.496337179734783,2.496337179734783,4.014915560161114,0.6217657986397621
36,728320,2904,10.427168846130371,0.050108522176742554,10.427168846130371,0.050108522176742554,1041.2620849609375,0.0,2.5635769367218018,0.012319457717239857,2.496337179734783,2.496337179734783,4.014915560161114,0.6217657986397621
37,748544,2985,10.423768043518066,0.03973960131406784,10.423768043518066,0.03973960131406784,1041.2620849609375,0.0,2.5627405643463135,0.009770338423550129,2.496337179734783,2.496337179734783,4.014915560161114,0.6217657986397621
38,768768,3064,10.457295417785645,0.026390057057142258,10.457295417785645,0.026390057057142258,1041.2620849609375,0.0,2.570983648300171,0.006488222163170576,2.496337179734783,2.496337179734783,4.014915560161114,0.6217657986397621
39,788992,3145,10.433455467224121,0.006355590652674437,10.433455467224121,0.006355590652674437,1041.2620849609375,0.0,2.565122365951538,0.0015625321539118886,2.496337179734783,2.496337179734783,4.014915560161114,0.6217657986397621
40,809216,3227,10.44085693359375,0.019436810165643692,10.44085693359375,0.019436810165643692,1041.2620849609375,0.0,2.566941976547241,0.00477856257930398,2.496337179734783,2.496337179734783,4.014915560161114,0.6217657986397621
41,829440,3307,10.45284366607666,0.0524643138051033,10.45284366607666,0.0524643138051033,1041.2620849609375,0.0,2.5698890686035156,0.012898562476038933,2.496337179734783,2.496337179734783,4.014915560161114,0.6217657986397621
42,849664,3387,10.429089546203613,0.028606556355953217,10.429089546203613,0.028606556355953217,1041.2620849609375,0.0,2.564049005508423,0.007033171132206917,2.496337179734783,2.496337179734783,4.014915560161114,0.6217657986397621
43,869888,3467,10.417892456054688,0.07582279294729233,10.417892456054688,0.07582279294729233,1041.2620849609375,0.0,2.561295986175537,0.018641509115695953,2.496337179734783,2.496337179734783,4.014915560161114,0.6217657986397621
44,890112,3548,10.416984558105469,0.016162771731615067,10.416984558105469,0.016162771731615067,1041.2620849609375,0.0,2.561072587966919,0.003973751794546843,2.496337179734783,2.496337179734783,4.014915560161114,0.6217657986397621
45,910336,3629,10.446053504943848,0.043435562402009964,10.446053504943848,0.043435562402009964,1041.2620849609375,0.0,2.5682199001312256,0.010678932070732117,2.496337179734783,2.496337179734783,4.014915560161114,0.6217657986397621
46,930560,3710,10.460929870605469,0.025499140843749046,10.460929870605469,0.025499140843749046,1041.2620849609375,0.0,2.5718772411346436,0.006269064266234636,2.496337179734783,2.496337179734783,4.014915560161114,0.6217657986397621
47,950784,3791,10.438152313232422,0.02381398342549801,10.438152313232422,0.02381398342549801,1041.2620849609375,0.0,2.566277265548706,0.005854728631675243,2.496337179734783,2.496337179734783,4.014915560161114,0.6217657986397621
48,971008,3872,10.468690872192383,0.04588330537080765,10.468690872192383,0.04588330537080765,1041.2620849609375,0.0,2.5737850666046143,0.011280741542577744,2.496337179734783,2.496337179734783,4.014915560161114,0.6217657986397621
49,991232,3953,10.445419311523438,0.04006361588835716,10.445419311523438,0.04006361588835716,1041.2620849609375,0.0,2.568063497543335,0.00984992552548647,2.496337179734783,2.496337179734783,4.014915560161114,0.6217657986397621
50,1011456,4033,10.441393852233887,0.0364873893558979,10.441393852233887,0.0364873893558979,1041.2620849609375,0.0,2.5670740604400635,0.008970517665147781,2.496337179734783,2.496337179734783,4.014915560161114,0.6217657986397621
51,1031680,4113,10.482632637023926,0.02038736827671528,10.482632637023926,0.02038736827671528,1041.2620849609375,0.0,2.5772130489349365,0.0050124055705964565,2.496337179734783,2.496337179734783,4.014915560161114,0.6217657986397621
52,1051904,4194,10.424803733825684,0.029598385095596313,10.424803733825684,0.029598385095596313,1041.2620849609375,0.0,2.562995195388794,0.00727697741240263,2.496337179734783,2.496337179734783,4.014915560161114,0.6217657986397621
53,1072128,4276,10.465179443359375,0.03013295866549015,10.465179443359375,0.03013295866549015,1041.2620849609375,0.0,2.5729217529296875,0.007408215664327145,2.496337179734783,2.496337179734783,4.014915560161114,0.6217657986397621
54,1092352,4357,10.458248138427734,0.054527197033166885,10.458248138427734,0.054527197033166885,1041.2620849609375,0.0,2.5712177753448486,0.013405745849013329,2.496337179734783,2.496337179734783,4.014915560161114,0.6217657986397621
55,1112576,4438,10.431904792785645,0.026847010478377342,10.431904792785645,0.026847010478377342,1041.2620849609375,0.0,2.5647411346435547,0.0066003622487187386,2.496337179734783,2.496337179734783,4.014915560161114,0.6217657986397621
56,1132800,4519,10.405274391174316,0.03014185279607773,10.405274391174316,0.03014185279607773,1041.2620849609375,0.0,2.558194160461426,0.0074103777296841145,2.496337179734783,2.496337179734783,4.014915560161114,0.6217657986397621
57,1153024,4600,10.450340270996094,0.05789334699511528,10.450340270996094,0.05789334699511528,1041.2620849609375,0.0,2.5692737102508545,0.014233442954719067,2.496337179734783,2.496337179734783,4.014915560161114,0.6217657986397621
58,1173248,4680,10.454902648925781,0.00750168738886714,10.454902648925781,0.00750168738886714,1041.2620849609375,0.0,2.5703952312469482,0.001844307640567422,2.496337179734783,2.496337179734783,4.014915560161114,0.6217657986397621
59,1193472,4761,10.428982734680176,0.016632430255413055,10.428982734680176,0.016632430255413055,1041.2620849609375,0.0,2.5640227794647217,0.004089136607944965,2.496337179734783,2.496337179734783,4.014915560161114,0.6217657986397621
60,1213696,4842,10.439482688903809,0.037149444222450256,10.439482688903809,0.037149444222450256,1041.2620849609375,0.0,2.566603899002075,0.009133422747254372,2.496337179734783,2.496337179734783,4.014915560161114,0.6217657986397621
61,1233920,4923,10.431824684143066,0.07229586690664291,10.431824684143066,0.07229586690664291,1041.2620849609375,0.0,2.5647218227386475,0.01777440682053566,2.496337179734783,2.496337179734783,4.014915560161114,0.6217657986397621
62,1254144,5004,10.454787254333496,0.019205262884497643,10.454787254333496,0.019205262884497643,1041.2620849609375,0.0,2.570366859436035,0.004721743054687977,2.496337179734783,2.496337179734783,4.014915560161114,0.6217657986397621
63,1274368,5085,10.406583786010742,0.06113751232624054,10.406583786010742,0.06113751232624054,1041.2620849609375,0.0,2.558515787124634,0.015030874870717525,2.496337179734783,2.496337179734783,4.014915560161114,0.6217657986397621
64,1294592,5165,10.422455787658691,0.03260570019483566,10.422455787658691,0.03260570019483566,1041.2620849609375,0.0,2.562418222427368,0.008016296662390232,2.496337179734783,2.496337179734783,4.014915560161114,0.6217657986397621
65,1314816,5246,10.428441047668457,0.043318379670381546,10.428441047668457,0.043318379670381546,1041.2620849609375,0.0,2.563889503479004,0.010650070384144783,2.496337179734783,2.496337179734783,4.014915560161114,0.6217657986397621
66,1335040,5327,10.455272674560547,0.053927820175886154,10.455272674560547,0.053927820175886154,1041.2620849609375,0.0,2.570486307144165,0.013258499093353748,2.496337179734783,2.496337179734783,4.014915560161114,0.6217657986397621
67,1355264,5409,10.465015411376953,0.020649999380111694,10.465015411376953,0.020649999380111694,1041.2620849609375,0.0,2.5728816986083984,0.0050769709050655365,2.496337179734783,2.496337179734783,4.014915560161114,0.6217657986397621
68,1375488,5489,10.459379196166992,0.03767193481326103,10.459379196166992,0.03767193481326103,1041.2620849609375,0.0,2.571495771408081,0.0092619014903903,2.496337179734783,2.496337179734783,4.014915560161114,0.6217657986397621
69,1395712,5569,10.470226287841797,0.02687676250934601,10.470226287841797,0.02687676250934601,1041.2620849609375,0.0,2.574162721633911,0.0066077811643481255,2.496337179734783,2.496337179734783,4.014915560161114,0.6217657986397621
70,1415936,5650,10.493033409118652,0.026408538222312927,10.493033409118652,0.026408538222312927,1041.2620849609375,0.0,2.5797698497772217,0.006492700427770615,2.496337179734783,2.496337179734783,4.014915560161114,0.6217657986397621
71,1436160,5731,10.442841529846191,0.023609265685081482,10.442841529846191,0.023609265685081482,1041.2620849609375,0.0,2.567429780960083,0.005804554093629122,2.496337179734783,2.496337179734783,4.014915560161114,0.6217657986397621
72,1456384,5812,10.475948333740234,0.01775340549647808,10.475948333740234,0.01775340549647808,1041.2620849609375,0.0,2.5755693912506104,0.004364844411611557,2.496337179734783,2.496337179734783,4.014915560161114,0.6217657986397621
73,1476608,5892,10.434670448303223,0.04578973725438118,10.434670448303223,0.04578973725438118,1041.2620849609375,0.0,2.5654211044311523,0.011257671751081944,2.496337179734783,2.496337179734783,4.014915560161114,0.6217657986397621
74,1496832,5972,10.438156127929688,0.03814304992556572,10.438156127929688,0.03814304992556572,1041.2620849609375,0.0,2.5662782192230225,0.009377514943480492,2.496337179734783,2.496337179734783,4.014915560161114,0.6217657986397621
75,1517056,6053,10.424452781677246,0.047811124473810196,10.424452781677246,0.047811124473810196,1041.2620849609375,0.0,2.562908887863159,0.011754662729799747,2.496337179734783,2.496337179734783,4.014915560161114,0.6217657986397621
76,1537280,6133,10.435306549072266,0.039423245936632156,10.435306549072266,0.039423245936632156,1041.2620849609375,0.0,2.565577507019043,0.00969238393008709,2.496337179734783,2.496337179734783,4.014915560161114,0.6217657986397621
77,1557504,6213,10.450992584228516,0.013079025782644749,10.450992584228516,0.013079025782644749,1041.2620849609375,0.0,2.5694339275360107,0.0032155173830688,2.496337179734783,2.496337179734783,4.014915560161114,0.6217657986397621
78,1577728,6293,10.455050468444824,0.021956777200102806,10.455050468444824,0.021956777200102806,1041.2620849609375,0.0,2.5704314708709717,0.005398234352469444,2.496337179734783,2.496337179734783,4.014915560161114,0.6217657986397621
79,1597952,6375,10.444915771484375,0.03440801054239273,10.444915771484375,0.03440801054239273,1041.2620849609375,0.0,2.5679399967193604,0.008459453471004963,2.496337179734783,2.496337179734783,4.014915560161114,0.6217657986397621
80,1618176,6455,10.452879905700684,0.03993966057896614,10.452879905700684,0.03993966057896614,1041.2620849609375,0.0,2.5698976516723633,0.009819259867072105,2.496337179734783,2.496337179734783,4.014915560161114,0.6217657986397621
81,1638400,6536,10.447132110595703,0.03862708806991577,10.447132110595703,0.03862708806991577,1041.2620849609375,0.0,2.5684850215911865,0.009496624581515789,2.496337179734783,2.496337179734783,4.014915560161114,0.6217657986397621
82,1658624,6616,10.466839790344238,0.04071829840540886,10.466839790344238,0.04071829840540886,1041.2620849609375,0.0,2.5733299255371094,0.01001086737960577,2.496337179734783,2.496337179734783,4.014915560161114,0.6217657986397621
83,1678848,6696,10.416382789611816,0.04016752913594246,10.416382789611816,0.04016752913594246,1041.2620849609375,0.0,2.560925245285034,0.009875357151031494,2.496337179734783,2.496337179734783,4.014915560161114,0.6217657986397621
84,1699072,6776,10.44260311126709,0.034125812351703644,10.44260311126709,0.034125812351703644,1041.2620849609375,0.0,2.567371368408203,0.008390177972614765,2.496337179734783,2.496337179734783,4.014915560161114,0.6217657986397621
85,1719296,6858,10.464195251464844,0.020001079887151718,10.464195251464844,0.020001079887151718,1041.2620849609375,0.0,2.5726795196533203,0.004917234648019075,2.496337179734783,2.496337179734783,4.014915560161114,0.6217657986397621
86,1739520,6938,10.4664945602417,0.06811455637216568,10.4664945602417,0.06811455637216568,1041.2620849609375,0.0,2.573245048522949,0.01674629934132099,2.496337179734783,2.496337179734783,4.014915560161114,0.6217657986397621
87,1759744,7019,10.472850799560547,0.021891120821237564,10.472850799560547,0.021891120821237564,1041.2620849609375,0.0,2.57480788230896,0.005381997209042311,2.496337179734783,2.496337179734783,4.014915560161114,0.6217657986397621
88,1779968,7100,10.445891380310059,0.021064801141619682,10.445891380310059,0.021064801141619682,1041.2620849609375,0.0,2.5681796073913574,0.005178880412131548,2.496337179734783,2.496337179734783,4.014915560161114,0.6217657986397621
89,1800192,7180,252.5548095703125,5.284165859222412,252.5548095703125,5.284165859222412,1057.0247802734375,0.0,61.16605758666992,1.2797694206237793,2.496337179734783,2.496337179734783,4.014915560161114,0.6217657986397621
90,1820416,7261,249.3314666748047,1.487214207649231,249.3314666748047,1.487214207649231,1057.0247802734375,0.0,60.3853874206543,0.3601856529712677,2.496337179734783,2.496337179734783,4.014915560161114,0.6217657986397621
91,1840640,7342,247.4176483154297,0.7854675650596619,247.4176483154297,0.7854675650596619,1057.0247802734375,0.0,59.9218864440918,0.19023413956165314,2.496337179734783,2.496337179734783,4.014915560161114,0.6217657986397621
92,1860864,7422,10.424567222595215,0.018949566408991814,10.424567222595215,0.018949566408991814,1041.2620849609375,0.0,2.562936782836914,0.004658795427531004,2.496337179734783,2.496337179734783,4.014915560161114,0.6217657986397621
93,1881088,7503,10.48779010772705,0.010758139193058014,10.48779010772705,0.010758139193058014,1041.2620849609375,0.0,2.5784809589385986,0.002645082538947463,2.496337179734783,2.496337179734783,4.014915560161114,0.6217657986397621
94,1901312,7583,10.471331596374512,0.02168305590748787,10.471331596374512,0.02168305590748787,1041.2620849609375,0.0,2.574434280395508,0.005330940708518028,2.496337179734783,2.496337179734783,4.014915560161114,0.6217657986397621
95,1921536,7663,10.460249900817871,0.028983861207962036,10.460249900817871,0.028983861207962036,1041.2620849609375,0.0,2.5717098712921143,0.0071258083917200565,2.496337179734783,2.496337179734783,4.014915560161114,0.6217657986397621
96,1941760,7743,10.459145545959473,0.022627558559179306,10.459145545959473,0.022627558559179306,1041.2620849609375,0.0,2.5714383125305176,0.005563060753047466,2.496337179734783,2.496337179734783,4.014915560161114,0.6217657986397621
97,1961984,7823,10.424906730651855,0.02677534893155098,10.424906730651855,0.02677534893155098,1041.2620849609375,0.0,2.563020706176758,0.006582880392670631,2.496337179734783,2.496337179734783,4.014915560161114,0.6217657986397621
98,1982208,7904,10.432246208190918,0.006828592624515295,10.432246208190918,0.006828592624515295,1041.2620849609375,0.0,2.5648248195648193,0.0016788874054327607,2.496337179734783,2.496337179734783,4.014915560161114,0.6217657986397621
99,2002432,7985,10.456690788269043,0.00491668377071619,10.456690788269043,0.00491668377071619,1041.2620849609375,0.0,2.5708348751068115,0.0012088381918147206,2.496337179734783,2.496337179734783,4.014915560161114,0.6217657986397621
100,2022656,8066,10.443002700805664,0.0778651162981987,10.443002700805664,0.0778651162981987,1041.2620849609375,0.0,2.567469596862793,0.019143568351864815,2.496337179734783,2.496337179734783,4.014915560161114,0.6217657986397621
101,2042880,8146,10.46718692779541,0.019968241453170776,10.46718692779541,0.019968241453170776,1041.2620849609375,0.0,2.573415517807007,0.004909259732812643,2.496337179734783,2.496337179734783,4.014915560161114,0.6217657986397621
102,2063104,8227,10.472633361816406,0.008270074613392353,10.472633361816406,0.008270074613392353,1041.2620849609375,0.0,2.574754476547241,0.002033243654295802,2.496337179734783,2.496337179734783,4.014915560161114,0.6217657986397621
103,2083328,8307,10.44924259185791,0.03498921915888786,10.44924259185791,0.03498921915888786,1041.2620849609375,0.0,2.5690033435821533,0.008602239191532135,2.496337179734783,2.496337179734783,4.014915560161114,0.6217657986397621
104,2103552,8388,10.450512886047363,0.018780577927827835,10.450512886047363,0.018780577927827835,1041.2620849609375,0.0,2.5693161487579346,0.004617433063685894,2.496337179734783,2.496337179734783,4.014915560161114,0.6217657986397621
105,2123776,8469,10.448711395263672,0.050129782408475876,10.448711395263672,0.050129782408475876,1041.2620849609375,0.0,2.568873167037964,0.012324603274464607,2.496337179734783,2.496337179734783,4.014915560161114,0.6217657986397621
106,2144000,8551,10.427337646484375,0.004895287565886974,10.427337646484375,0.004895287565886974,1041.2620849609375,0.0,2.5636179447174072,0.0012035545660182834,2.496337179734783,2.496337179734783,4.014915560161114,0.6217657986397621
107,2164224,8632,10.436149597167969,0.04177626594901085,10.436149597167969,0.04177626594901085,1041.2620849609375,0.0,2.5657846927642822,0.010270868428051472,2.496337179734783,2.496337179734783,4.014915560161114,0.6217657986397621
108,2184448,8712,10.44234561920166,0.043316371738910675,10.44234561920166,0.043316371738910675,1041.2620849609375,0.0,2.567308187484741,0.01064962986856699,2.496337179734783,2.496337179734783,4.014915560161114,0.6217657986397621
109,2204672,8792,10.44361686706543,0.0346941314637661,10.44361686706543,0.0346941314637661,1041.2620849609375,0.0,2.5676205158233643,0.008529783226549625,2.496337179734783,2.496337179734783,4.014915560161114,0.6217657986397621
110,2224896,8873,10.46842098236084,0.005103093571960926,10.46842098236084,0.005103093571960926,1041.2620849609375,0.0,2.573718786239624,0.001254721893928945,2.496337179734783,2.496337179734783,4.014915560161114,0.6217657986397621
111,2245120,8955,10.436057090759277,0.030286472290754318,10.436057090759277,0.030286472290754318,1041.2620849609375,0.0,2.5657620429992676,0.007446139585226774,2.496337179734783,2.496337179734783,4.014915560161114,0.6217657986397621
112,2265344,9036,10.421147346496582,0.05590515956282616,10.421147346496582,0.05590515956282616,1041.2620849609375,0.0,2.562096357345581,0.013744529336690903,2.496337179734783,2.496337179734783,4.014915560161114,0.6217657986397621
113,2285568,9116,10.445247650146484,0.01047634519636631,10.445247650146484,0.01047634519636631,1041.2620849609375,0.0,2.568021774291992,0.0025757262483239174,2.496337179734783,2.496337179734783,4.014915560161114,0.6217657986397621
114,2305792,9197,10.466275215148926,0.055665649473667145,10.466275215148926,0.055665649473667145,1041.2620849609375,0.0,2.5731914043426514,0.013685734942555428,2.496337179734783,2.496337179734783,4.014915560161114,0.6217657986397621
115,2326016,9278,10.440779685974121,0.06518951058387756,10.440779685974121,0.06518951058387756,1041.2620849609375,0.0,2.566922903060913,0.016027266159653664,2.496337179734783,2.496337179734783,4.014915560161114,0.6217657986397621
116,2346240,9359,10.47159194946289,0.04559833183884621,10.47159194946289,0.04559833183884621,1041.2620849609375,0.0,2.574498414993286,0.011210541240870953,2.496337179734783,2.496337179734783,4.014915560161114,0.6217657986397621
117,2366464,9440,10.46584701538086,0.037374187260866165,10.46584701538086,0.037374187260866165,1041.2620849609375,0.0,2.5730857849121094,0.009188639000058174,2.496337179734783,2.496337179734783,4.014915560161114,0.6217657986397621
118,2386688,9521,10.457415580749512,0.002609838731586933,10.457415580749512,0.002609838731586933,1041.2620849609375,0.0,2.5710132122039795,0.0006416481919586658,2.496337179734783,2.496337179734783,4.014915560161114,0.6217657986397621
119,2406912,9602,10.448101043701172,0.038588736206293106,10.448101043701172,0.038588736206293106,1041.2620849609375,0.0,2.56872296333313,0.009487349539995193,2.496337179734783,2.496337179734783,4.014915560161114,0.6217657986397621
120,2427136,9682,10.439847946166992,0.019193241372704506,10.439847946166992,0.019193241372704506,1041.2620849609375,0.0,2.5666940212249756,0.004718673415482044,2.496337179734783,2.496337179734783,4.014915560161114,0.6217657986397621
121,2447360,9763,10.445307731628418,0.0289037823677063,10.445307731628418,0.0289037823677063,1041.2620849609375,0.0,2.5680365562438965,0.007106028031557798,2.496337179734783,2.496337179734783,4.014915560161114,0.6217657986397621
122,2467584,9843,10.461525917053223,0.05343092605471611,10.461525917053223,0.05343092605471611,1041.2620849609375,0.0,2.572023630142212,0.013136306777596474,2.496337179734783,2.496337179734783,4.014915560161114,0.6217657986397621
123,2487808,9924,10.467473030090332,0.06886793673038483,10.467473030090332,0.06886793673038483,1041.2620849609375,0.0,2.573486089706421,0.01693158783018589,2.496337179734783,2.496337179734783,4.014915560161114,0.6217657986397621
124,2508032,10005,10.475532531738281,0.060381535440683365,10.475532531738281,0.060381535440683365,1041.2620849609375,0.0,2.575467109680176,0.014845079742372036,2.496337179734783,2.496337179734783,4.014915560161114,0.6217657986397621
125,2528256,10086,10.439778327941895,0.005771193653345108,10.439778327941895,0.005771193653345108,1041.2620849609375,0.0,2.5666768550872803,0.0014190031215548515,2.496337179734783,2.496337179734783,4.014915560161114,0.6217657986397621
126,2548480,10167,10.449605941772461,0.012224121019244194,10.449605941772461,0.012224121019244194,1041.2620849609375,0.0,2.5690929889678955,0.003005207981914282,2.496337179734783,2.496337179734783,4.014915560161114,0.6217657986397621
127,2568704,10248,10.430500030517578,0.03340807184576988,10.430500030517578,0.03340807184576988,1041.2620849609375,0.0,2.5643956661224365,0.008213669061660767,2.496337179734783,2.496337179734783,4.014915560161114,0.6217657986397621
128,2588928,10328,10.453227043151855,0.01306953001767397,10.453227043151855,0.01306953001767397,1041.2620849609375,0.0,2.5699832439422607,0.0032131720799952745,2.496337179734783,2.496337179734783,4.014915560161114,0.6217657986397621
129,2609152,10409,10.458380699157715,0.052392471581697464,10.458380699157715,0.052392471581697464,1041.2620849609375,0.0,2.5712506771087646,0.012881063856184483,2.496337179734783,2.496337179734783,4.014915560161114,0.6217657986397621
130,2629376,10490,10.444629669189453,0.018621031194925308,10.444629669189453,0.018621031194925308,1041.2620849609375,0.0,2.5678694248199463,0.004578010644763708,2.496337179734783,2.496337179734783,4.014915560161114,0.6217657986397621
131,2649600,10570,10.421669960021973,0.04583393782377243,10.421669960021973,0.04583393782377243,1041.2620849609375,0.0,2.562225103378296,0.011268475092947483,2.496337179734783,2.496337179734783,4.014915560161114,0.6217657986397621
132,2669824,10651,10.441781997680664,0.004805563483387232,10.441781997680664,0.004805563483387232,1041.2620849609375,0.0,2.567169427871704,0.0011815764009952545,2.496337179734783,2.496337179734783,4.014915560161114,0.6217657986397621
133,2690048,10732,10.45537281036377,0.0688261017203331,10.45537281036377,0.0688261017203331,1041.2620849609375,0.0,2.5705108642578125,0.0169212743639946,2.496337179734783,2.496337179734783,4.014915560161114,0.6217657986397621
134,2710272,10812,10.445005416870117,0.03118039481341839,10.445005416870117,0.03118039481341839,1041.2620849609375,0.0,2.5679619312286377,0.007665958721190691,2.496337179734783,2.496337179734783,4.014915560161114,0.6217657986397621
135,2730496,10892,10.457625389099121,0.06367296725511551,10.457625389099121,0.06367296725511551,1041.2620849609375,0.0,2.5710647106170654,0.015654342249035835,2.496337179734783,2.496337179734783,4.014915560161114,0.6217657986397621
136,2750720,10972,10.447508811950684,0.044848449528217316,10.447508811950684,0.044848449528217316,1041.2620849609375,0.0,2.568577289581299,0.01102624274790287,2.496337179734783,2.496337179734783,4.014915560161114,0.6217657986397621
137,2770944,11053,10.448845863342285,0.053260888904333115,10.448845863342285,0.053260888904333115,1041.2620849609375,0.0,2.568906307220459,0.013094570487737656,2.496337179734783,2.496337179734783,4.014915560161114,0.6217657986397621
138,2791168,11135,10.425725936889648,0.027667811140418053,10.425725936889648,0.027667811140418053,1041.2620849609375,0.0,2.5632221698760986,0.006802276708185673,2.496337179734783,2.496337179734783,4.014915560161114,0.6217657986397621
139,2811392,11215,246.5419921875,6.57013463973999,246.5419921875,6.57013463973999,1057.0247802734375,0.0,59.70981216430664,1.591214895248413,2.496337179734783,2.496337179734783,4.014915560161114,0.6217657986397621
140,2831616,11295,248.86265563964844,1.6709706783294678,248.86265563964844,1.6709706783294678,1057.0247802734375,0.0,60.2718505859375,0.40469083189964294,2.496337179734783,2.496337179734783,4.014915560161114,0.6217657986397621
141,2851840,11376,10.44591999053955,0.029775748029351234,10.44591999053955,0.029775748029351234,1041.2620849609375,0.0,2.5681869983673096,0.0073205167427659035,2.496337179734783,2.496337179734783,4.014915560161114,0.6217657986397621
142,2872064,11457,247.7883758544922,4.3841753005981445,247.7883758544922,4.3841753005981445,1057.0247802734375,0.0,60.01166915893555,1.0617997646331787,2.496337179734783,2.496337179734783,4.014915560161114,0.6217657986397621
143,2892288,11538,10.463092803955078,0.014520740136504173,10.463092803955078,0.014520740136504173,1041.2620849609375,0.0,2.572408676147461,0.0035700651351362467,2.496337179734783,2.496337179734783,4.014915560161114,0.6217657986397621
144,2912512,11619,248.18959045410156,1.6857646703720093,248.18959045410156,1.6857646703720093,1057.0247802734375,0.0,60.10884475708008,0.4082735478878021,2.496337179734783,2.496337179734783,4.014915560161114,0.6217657986397621
145,2932736,11700,247.5234832763672,7.537700176239014,247.5234832763672,7.537700176239014,1057.0247802734375,0.0,59.9475212097168,1.8255497217178345,2.496337179734783,2.496337179734783,4.014915560161114,0.6217657986397621
146,2952960,11782,10.474413871765137,0.047431688755750656,10.474413871765137,0.047431688755750656,1041.2620849609375,0.0,2.5751922130584717,0.011661347001791,2.496337179734783,2.496337179734783,4.014915560161114,0.6217657986397621
147,2973184,11864,10.463610649108887,0.03460917994379997,10.463610649108887,0.03460917994379997,1041.2620849609375,0.0,2.572535991668701,0.008508877828717232,2.496337179734783,2.496337179734783,4.014915560161114,0.6217657986397621
148,2993408,11944,10.406819343566895,0.02708636224269867,10.406819343566895,0.02708636224269867,1041.2620849609375,0.0,2.5585737228393555,0.006659368984401226,2.496337179734783,2.496337179734783,4.014915560161114,0.6217657986397621
149,3013632,12025,10.462166786193848,0.047295380383729935,10.462166786193848,0.047295380383729935,1041.2620849609375,0.0,2.572181463241577,0.011627822183072567,2.496337179734783,2.496337179734783,4.014915560161114,0.6217657986397621
150,3033856,12106,10.464842796325684,0.013548385351896286,10.464842796325684,0.013548385351896286,1041.2620849609375,0.0,2.5728390216827393,0.0033307967241853476,2.496337179734783,2.496337179734783,4.014915560161114,0.6217657986397621
151,3054080,12188,10.452768325805664,0.032324910163879395,10.452768325805664,0.032324910163879395,1041.2620849609375,0.0,2.569870710372925,0.007947256788611412,2.496337179734783,2.496337179734783,4.014915560161114,0.6217657986397621
152,3074304,12269,10.45589828491211,0.03113630786538124,10.45589828491211,0.03113630786538124,1041.2620849609375,0.0,2.5706398487091064,0.007655138149857521,2.496337179734783,2.496337179734783,4.014915560161114,0.6217657986397621
153,3094528,12349,10.425883293151855,0.005678566638380289,10.425883293151855,0.005678566638380289,1041.2620849609375,0.0,2.563260793685913,0.0013961041113361716,2.496337179734783,2.496337179734783,4.014915560161114,0.6217657986397621
154,3114752,12429,10.422900199890137,0.06569094955921173,10.422900199890137,0.06569094955921173,1041.2620849609375,0.0,2.5625274181365967,0.016150424256920815,2.496337179734783,2.496337179734783,4.014915560161114,0.6217657986397621
155,3134976,12510,10.43410587310791,0.019352808594703674,10.43410587310791,0.019352808594703674,1041.2620849609375,0.0,2.565282106399536,0.004757928662002087,2.496337179734783,2.496337179734783,4.014915560161114,0.6217657986397621
156,3155200,12591,10.45539379119873,0.03975459933280945,10.45539379119873,0.03975459933280945,1041.2620849609375,0.0,2.5705158710479736,0.009773754514753819,2.496337179734783,2.496337179734783,4.014915560161114,0.6217657986397621
157,3175424,12672,10.462376594543457,0.019261397421360016,10.462376594543457,0.019261397421360016,1041.2620849609375,0.0,2.572232961654663,0.004735488910228014,2.496337179734783,2.496337179734783,4.014915560161114,0.6217657986397621
158,3195648,12753,10.453938484191895,0.019871985539793968,10.453938484191895,0.019871985539793968,1041.2620849609375,0.0,2.5701582431793213,0.0048857154324650764,2.496337179734783,2.496337179734783,4.014915560161114,0.6217657986397621
159,3215872,12833,10.430453300476074,0.04156467691063881,10.430453300476074,0.04156467691063881,1041.2620849609375,0.0,2.5643842220306396,0.010218830779194832,2.496337179734783,2.496337179734783,4.014915560161114,0.6217657986397621
160,3236096,12914,10.458964347839355,0.022249804809689522,10.458964347839355,0.022249804809689522,1041.2620849609375,0.0,2.5713937282562256,0.005470245610922575,2.496337179734783,2.496337179734783,4.014915560161114,0.6217657986397621
161,3256320,12994,10.475934028625488,0.05255955085158348,10.475934028625488,0.05255955085158348,1041.2620849609375,0.0,2.575566053390503,0.012922041118144989,2.496337179734783,2.496337179734783,4.014915560161114,0.6217657986397621
162,3276544,13075,10.403779029846191,0.019190706312656403,10.403779029846191,0.019190706312656403,1041.2620849609375,0.0,2.557826042175293,0.004718161188066006,2.496337179734783,2.496337179734783,4.014915560161114,0.6217657986397621
163,3296768,13156,10.45563793182373,0.022918622940778732,10.45563793182373,0.022918622940778732,1041.2620849609375,0.0,2.570575714111328,0.0056347353383898735,2.496337179734783,2.496337179734783,4.014915560161114,0.6217657986397621
164,3316992,13237,10.439056396484375,0.02396135963499546,10.439056396484375,0.02396135963499546,1041.2620849609375,0.0,2.5664994716644287,0.005891003645956516,2.496337179734783,2.496337179734783,4.014915560161114,0.6217657986397621
165,3337216,13318,10.417941093444824,0.022270923480391502,10.417941093444824,0.022270923480391502,1041.2620849609375,0.0,2.5613081455230713,0.005475521087646484,2.496337179734783,2.496337179734783,4.014915560161114,0.6217657986397621
166,3357440,13398,246.74046325683594,2.1787009239196777,246.74046325683594,2.1787009239196777,1057.0247802734375,0.0,59.757877349853516,0.5276557207107544,2.496337179734783,2.496337179734783,4.014915560161114,0.6217657986397621
167,3377664,13478,252.14312744140625,7.016336441040039,252.14312744140625,7.016336441040039,1057.0247802734375,0.0,61.066349029541016,1.699283480644226,2.496337179734783,2.496337179734783,4.014915560161114,0.6217657986397621
168,3397888,13559,10.438392639160156,0.00595724256709218,10.438392639160156,0.00595724256709218,1041.2620849609375,0.0,2.5663363933563232,0.0014647403731942177,2.496337179734783,2.496337179734783,4.014915560161114,0.6217657986397621
169,3418112,13640,10.412371635437012,0.03941883146762848,10.412371635437012,0.03941883146762848,1041.2620849609375,0.0,2.559938669204712,0.0096912682056427,2.496337179734783,2.496337179734783,4.014915560161114,0.6217657986397621
170,3438336,13721,10.438522338867188,0.014414476230740547,10.438522338867188,0.014414476230740547,1041.2620849609375,0.0,2.5663681030273438,0.0035437732003629208,2.496337179734783,2.496337179734783,4.014915560161114,0.6217657986397621
171,3458560,13801,10.466227531433105,0.06999098509550095,10.466227531433105,0.06999098509550095,1041.2620849609375,0.0,2.5731794834136963,0.01720776967704296,2.496337179734783,2.496337179734783,4.014915560161114,0.6217657986397621
172,3478784,13882,10.4370756149292,0.019956933334469795,10.4370756149292,0.019956933334469795,1041.2620849609375,0.0,2.566012382507324,0.0049065048806369305,2.496337179734783,2.496337179734783,4.014915560161114,0.6217657986397621
173,3499008,13963,249.7458038330078,2.2312660217285156,249.7458038330078,2.2312660217285156,1057.0247802734375,0.0,60.48574447631836,0.5403885245323181,2.496337179734783,2.496337179734783,4.014915560161114,0.6217657986397621
174,3519232,14044,10.43123722076416,0.05991711467504501,10.43123722076416,0.05991711467504501,1041.2620849609375,0.0,2.564577102661133,0.014730937778949738,2.496337179734783,2.496337179734783,4.014915560161114,0.6217657986397621
175,3539456,14124,10.473058700561523,0.03457316383719444,10.473058700561523,0.03457316383719444,1041.2620849609375,0.0,2.574859142303467,0.008500057272613049,2.496337179734783,2.496337179734783,4.014915560161114,0.6217657986397621
176,3559680,14205,10.489364624023438,0.031720418483018875,10.489364624023438,0.031720418483018875,1041.2620849609375,0.0,2.5788676738739014,0.0077986568212509155,2.496337179734783,2.496337179734783,4.014915560161114,0.6217657986397621
177,3579904,14287,10.386970520019531,0.006959222722798586,10.386970520019531,0.006959222722798586,1041.2620849609375,0.0,2.553694009780884,0.001711004413664341,2.496337179734783,2.496337179734783,4.014915560161114,0.6217657986397621
178,3600128,14368,10.477620124816895,0.04089251160621643,10.477620124816895,0.04089251160621643,1041.2620849609375,0.0,2.5759804248809814,0.010053602047264576,2.496337179734783,2.496337179734783,4.014915560161114,0.6217657986397621
179,3620352,14448,10.437552452087402,0.013270127587020397,10.437552452087402,0.013270127587020397,1041.2620849609375,0.0,2.566129684448242,0.003262460697442293,2.496337179734783,2.496337179734783,4.014915560161114,0.6217657986397621
180,3640576,14528,10.439581871032715,0.018411656841635704,10.439581871032715,0.018411656841635704,1041.2620849609375,0.0,2.5666286945343018,0.00452658673748374,2.496337179734783,2.496337179734783,4.014915560161114,0.6217657986397621
181,3660800,14609,247.67515563964844,4.378538131713867,247.67515563964844,4.378538131713867,1057.0247802734375,0.0,59.984249114990234,1.060437798500061,2.496337179734783,2.496337179734783,4.014915560161114,0.6217657986397621
182,3681024,14690,10.427445411682129,0.006703890860080719,10.427445411682129,0.006703890860080719,1041.2620849609375,0.0,2.5636446475982666,0.0016482546925544739,2.496337179734783,2.496337179734783,4.014915560161114,0.6217657986397621
183,3701248,14771,10.433228492736816,0.05417362228035927,10.433228492736816,0.05417362228035927,1041.2620849609375,0.0,2.5650665760040283,0.013318882323801517,2.496337179734783,2.496337179734783,4.014915560161114,0.6217657986397621
184,3721472,14851,10.454193115234375,0.007567751687020063,10.454193115234375,0.007567751687020063,1041.2620849609375,0.0,2.570220947265625,0.0018605224322527647,2.496337179734783,2.496337179734783,4.014915560161114,0.6217657986397621
185,3741696,14932,10.41381549835205,0.042935561388731,10.41381549835205,0.042935561388731,1041.2620849609375,0.0,2.5602939128875732,0.010556010529398918,2.496337179734783,2.496337179734783,4.014915560161114,0.6217657986397621
186,3761920,15012,252.2094268798828,3.1586272716522217,252.2094268798828,3.1586272716522217,1057.0247802734375,0.0,61.0823974609375,0.7649853229522705,2.496337179734783,2.496337179734783,4.014915560161114,0.6217657986397621
187,3782144,15093,247.9645538330078,1.1050301790237427,247.9645538330078,1.1050301790237427,1057.0247802734375,0.0,60.05434036254883,0.2676248550415039,2.496337179734783,2.496337179734783,4.014915560161114,0.6217657986397621
188,3802368,15174,246.06761169433594,1.5877524614334106,246.06761169433594,1.5877524614334106,1057.0247802734375,0.0,59.59492111206055,0.38453617691993713,2.496337179734783,2.496337179734783,4.014915560161114,0.6217657986397621
189,3822592,15255,250.76739501953125,3.7355146408081055,250.76739501953125,3.7355146408081055,1057.0247802734375,0.0,60.733154296875,0.9047024250030518,2.496337179734783,2.496337179734783,4.014915560161114,0.6217657986397621
190,3842816,15337,10.4339017868042,0.05649077892303467,10.4339017868042,0.05649077892303467,1041.2620849609375,0.0,2.565232038497925,0.01388863380998373,2.496337179734783,2.496337179734783,4.014915560161114,0.6217657986397621
191,3863040,15418,10.415154457092285,0.029455197975039482,10.415154457092285,0.029455197975039482,1041.2620849609375,0.0,2.5606231689453125,0.0072416807524859905,2.496337179734783,2.496337179734783,4.014915560161114,0.6217657986397621
192,3883264,15499,10.405738830566406,0.008201572112739086,10.405738830566406,0.008201572112739086,1041.2620849609375,0.0,2.5583078861236572,0.002016304759308696,2.496337179734783,2.496337179734783,4.014915560161114,0.6217657986397621
193,3903488,15580,10.4337739944458,0.044679682701826096,10.4337739944458,0.044679682701826096,1041.2620849609375,0.0,2.5652005672454834,0.010984804481267929,2.496337179734783,2.496337179734783,4.014915560161114,0.6217657986397621
194,3923712,15660,248.11399841308594,3.619558095932007,248.11399841308594,3.619558095932007,1057.0247802734375,0.0,60.09053039550781,0.8766188025474548,2.496337179734783,2.496337179734783,4.014915560161114,0.6217657986397621
195,3943936,15742,249.0114288330078,1.8989752531051636,249.0114288330078,1.8989752531051636,1057.0247802734375,0.0,60.30788040161133,0.45991137623786926,2.496337179734783,2.496337179734783,4.014915560161114,0.6217657986397621
196,3964160,15823,248.5878143310547,1.2750999927520752,248.5878143310547,1.2750999927520752,1057.0247802734375,0.0,60.205291748046875,0.3088156580924988,2.496337179734783,2.496337179734783,4.014915560161114,0.6217657986397621
197,3984384,15904,10.447869300842285,0.02329031378030777,10.447869300842285,0.02329031378030777,1041.2620849609375,0.0,2.5686662197113037,0.005726017523556948,2.496337179734783,2.496337179734783,4.014915560161114,0.6217657986397621
198,4004608,15984,10.502629280090332,0.05549502745270729,10.502629280090332,0.05549502745270729,1041.2620849609375,0.0,2.5821292400360107,0.013643811456859112,2.496337179734783,2.496337179734783,4.014915560161114,0.6217657986397621
199,4024832,16065,246.4993133544922,2.4062647819519043,246.4993133544922,2.4062647819519043,1057.0247802734375,0.0,59.6994743347168,0.582770824432373,2.496337179734783,2.496337179734783,4.014915560161114,0.6217657986397621
200,4045056,16145,249.32568359375,2.3710062503814697,249.32568359375,2.3710062503814697,1057.0247802734375,0.0,60.38399887084961,0.5742334127426147,2.496337179734783,2.496337179734783,4.014915560161114,0.6217657986397621
201,4065280,16226,10.462159156799316,0.025452928617596626,10.462159156799316,0.025452928617596626,1041.2620849609375,0.0,2.5721795558929443,0.006257776170969009,2.496337179734783,2.496337179734783,4.014915560161114,0.6217657986397621
202,4085504,16307,10.444266319274902,0.04408903419971466,10.444266319274902,0.04408903419971466,1041.2620849609375,0.0,2.567779779434204,0.010839628055691719,2.496337179734783,2.496337179734783,4.014915560161114,0.6217657986397621
203,4105728,16388,10.44777774810791,0.017345154657959938,10.44777774810791,0.017345154657959938,1041.2620849609375,0.0,2.568643569946289,0.00426440266892314,2.496337179734783,2.496337179734783,4.014915560161114,0.6217657986397621
204,4125952,16469,10.444605827331543,0.06677337735891342,10.444605827331543,0.06677337735891342,1041.2620849609375,0.0,2.567863702774048,0.01641659066081047,2.496337179734783,2.496337179734783,4.014915560161114,0.6217657986397621
205,4146176,16549,10.446125030517578,0.012235653586685658,10.446125030517578,0.012235653586685658,1041.2620849609375,0.0,2.568237066268921,0.003008126048371196,2.496337179734783,2.496337179734783,4.014915560161114,0.6217657986397621
206,4166400,16630,10.472384452819824,0.033477187156677246,10.472384452819824,0.033477187156677246,1041.2620849609375,0.0,2.574693441390991,0.008230501785874367,2.496337179734783,2.496337179734783,4.014915560161114,0.6217657986397621
207,4186624,16710,10.397614479064941,0.025140946730971336,10.397614479064941,0.025140946730971336,1041.2620849609375,0.0,2.5563106536865234,0.006181100849062204,2.496337179734783,2.496337179734783,4.014915560161114,0.6217657986397621
208,4206848,16792,10.450287818908691,0.03226068615913391,10.450287818908691,0.03226068615913391,1041.2620849609375,0.0,2.569260597229004,0.00793150719255209,2.496337179734783,2.496337179734783,4.014915560161114,0.6217657986397621
209,4227072,16873,10.483777046203613,0.04267165809869766,10.483777046203613,0.04267165809869766,1041.2620849609375,0.0,2.5774943828582764,0.01049108151346445,2.496337179734783,2.496337179734783,4.014915560161114,0.6217657986397621
210,4247296,16954,10.441787719726562,0.023420415818691254,10.441787719726562,0.023420415818691254,1041.2620849609375,0.0,2.5671708583831787,0.00575806712731719,2.496337179734783,2.496337179734783,4.014915560161114,0.6217657986397621
211,4267520,17035,249.91363525390625,3.1597795486450195,249.91363525390625,3.1597795486450195,1057.0247802734375,0.0,60.52638626098633,0.7652627825737,2.496337179734783,2.496337179734783,4.014915560161114,0.6217657986397621
212,4287744,17116,10.476731300354004,0.007073243148624897,10.476731300354004,0.007073243148624897,1041.2620849609375,0.0,2.5757620334625244,0.0017390362918376923,2.496337179734783,2.496337179734783,4.014915560161114,0.6217657986397621
213,4307968,17197,10.445273399353027,0.039680417627096176,10.445273399353027,0.039680417627096176,1041.2620849609375,0.0,2.5680277347564697,0.009755684062838554,2.496337179734783,2.496337179734783,4.014915560161114,0.6217657986397621
214,4328192,17279,248.0077362060547,2.896454095840454,248.0077362060547,2.896454095840454,1057.0247802734375,0.0,60.06480026245117,0.7014887928962708,2.496337179734783,2.496337179734783,4.014915560161114,0.6217657986397621
215,4348416,17359,249.90199279785156,1.0630172491073608,249.90199279785156,1.0630172491073608,1057.0247802734375,0.0,60.5235710144043,0.2574522793292999,2.496337179734783,2.496337179734783,4.014915560161114,0.6217657986397621
216,4368640,17440,247.3439178466797,4.996006965637207,247.3439178466797,4.996006965637207,1057.0247802734375,0.0,59.90402603149414,1.2099798917770386,2.496337179734783,2.496337179734783,4.014915560161114,0.6217657986397621
217,4388864,17520,249.35430908203125,2.128909111022949,249.35430908203125,2.128909111022949,1057.0247802734375,0.0,60.390926361083984,0.5156012177467346,2.496337179734783,2.496337179734783,4.014915560161114,0.6217657986397621
218,4409088,17601,247.0552520751953,2.122948169708252,247.0552520751953,2.122948169708252,1057.0247802734375,0.0,59.83412170410156,0.5141531825065613,2.496337179734783,2.496337179734783,4.014915560161114,0.6217657986397621
219,4429312,17681,250.6711883544922,3.246652841567993,250.6711883544922,3.246652841567993,1057.0247802734375,0.0,60.70985794067383,0.7863067388534546,2.496337179734783,2.496337179734783,4.014915560161114,0.6217657986397621
220,4449536,17761,10.440491676330566,0.026940276846289635,10.440491676330566,0.026940276846289635,1041.2620849609375,0.0,2.566852331161499,0.006623466964811087,2.496337179734783,2.496337179734783,4.014915560161114,0.6217657986397621
221,4469760,17842,10.43668270111084,0.005305818747729063,10.43668270111084,0.005305818747729063,1041.2620849609375,0.0,2.565915822982788,0.001304492587223649,2.496337179734783,2.496337179734783,4.014915560161114,0.6217657986397621
222,4489984,17923,10.472046852111816,0.04609660431742668,10.472046852111816,0.04609660431742668,1041.2620849609375,0.0,2.574610471725464,0.011333147063851357,2.496337179734783,2.496337179734783,4.014915560161114,0.6217657986397621
223,4510208,18004,243.93408203125,1.6637026071548462,243.93408203125,1.6637026071548462,1057.0247802734375,0.0,59.07820510864258,0.40292760729789734,2.496337179734783,2.496337179734783,4.014915560161114,0.6217657986397621
224,4530432,18084,247.60743713378906,2.0306899547576904,247.60743713378906,2.0306899547576904,1057.0247802734375,0.0,59.96784973144531,0.4918103814125061,2.496337179734783,2.496337179734783,4.014915560161114,0.6217657986397621
225,4550656,18164,10.4588041305542,0.02704918384552002,10.4588041305542,0.02704918384552002,1041.2620849609375,0.0,2.5713541507720947,0.0066502029076218605,2.496337179734783,2.496337179734783,4.014915560161114,0.6217657986397621
226,4570880,18244,10.431469917297363,0.019702361896634102,10.431469917297363,0.019702361896634102,1041.2620849609375,0.0,2.564634084701538,0.004843912087380886,2.496337179734783,2.496337179734783,4.014915560161114,0.6217657986397621
227,4591104,18325,10.447368621826172,0.04564543068408966,10.447368621826172,0.04564543068408966,1041.2620849609375,0.0,2.568542957305908,0.011222301051020622,2.496337179734783,2.496337179734783,4.014915560161114,0.6217657986397621
228,4611328,18406,10.417902946472168,0.006781353615224361,10.417902946472168,0.006781353615224361,1041.2620849609375,0.0,2.561298370361328,0.0016672869678586721,2.496337179734783,2.496337179734783,4.014915560161114,0.6217657986397621
229,4631552,18487,10.477420806884766,0.09807254374027252,10.477420806884766,0.09807254374027252,1041.2620849609375,0.0,2.5759313106536865,0.024111641570925713,2.496337179734783,2.496337179734783,4.014915560161114,0.6217657986397621
230,4651776,18567,10.440442085266113,0.0345197468996048,10.440442085266113,0.0345197468996048,1041.2620849609375,0.0,2.566840171813965,0.00848692748695612,2.496337179734783,2.496337179734783,4.014915560161114,0.6217657986397621
231,4672000,18648,10.455970764160156,0.01995118148624897,10.455970764160156,0.01995118148624897,1041.2620849609375,0.0,2.570657730102539,0.004905149340629578,2.496337179734783,2.496337179734783,4.014915560161114,0.6217657986397621
232,4692224,18728,248.8937530517578,1.4850794076919556,248.8937530517578,1.4850794076919556,1057.0247802734375,0.0,60.279388427734375,0.3596694767475128,2.496337179734783,2.496337179734783,4.014915560161114,0.6217657986397621
233,4712448,18808,10.42221450805664,0.05471241846680641,10.42221450805664,0.05471241846680641,1041.2620849609375,0.0,2.5623586177825928,0.013451442122459412,2.496337179734783,2.496337179734783,4.014915560161114,0.6217657986397621
234,4732672,18889,10.456116676330566,0.03163086622953415,10.456116676330566,0.03163086622953415,1041.2620849609375,0.0,2.5706939697265625,0.0077766249887645245,2.496337179734783,2.496337179734783,4.014915560161114,0.6217657986397621
235,4752896,18970,10.502689361572266,0.04767591506242752,10.502689361572266,0.04767591506242752,1041.2620849609375,0.0,2.582143783569336,0.011721380054950714,2.496337179734783,2.496337179734783,4.014915560161114,0.6217657986397621
236,4773120,19052,10.452132225036621,0.033774878829717636,10.452132225036621,0.033774878829717636,1041.2620849609375,0.0,2.569713830947876,0.008303745649755001,2.496337179734783,2.496337179734783,4.014915560161114,0.6217657986397621
237,4793344,19132,250.1268768310547,3.5431649684906006,250.1268768310547,3.5431649684906006,1057.0247802734375,0.0,60.57802963256836,0.8581167459487915,2.496337179734783,2.496337179734783,4.014915560161114,0.6217657986397621
238,4813568,19213,249.09149169921875,3.8177177906036377,249.09149169921875,3.8177177906036377,1057.0247802734375,0.0,60.3272705078125,0.9246107339859009,2.496337179734783,2.496337179734783,4.014915560161114,0.6217657986397621
239,4833792,19293,244.17279052734375,3.655019998550415,244.17279052734375,3.655019998550415,1057.0247802734375,0.0,59.136016845703125,0.8852053880691528,2.496337179734783,2.496337179734783,4.014915560161114,0.6217657986397621
240,4854016,19374,247.5734405517578,1.3573676347732544,247.5734405517578,1.3573676347732544,1057.0247802734375,0.0,59.959625244140625,0.3287397027015686,2.496337179734783,2.496337179734783,4.014915560161114,0.6217657986397621
241,4874240,19455,247.60765075683594,4.770222187042236,247.60765075683594,4.770222187042236,1057.0247802734375,0.0,59.967899322509766,1.155296802520752,2.496337179734783,2.496337179734783,4.014915560161114,0.6217657986397621
242,4894464,19536,10.447176933288574,0.07322472333908081,10.447176933288574,0.07322472333908081,1041.2620849609375,0.0,2.568495750427246,0.018002595752477646,2.496337179734783,2.496337179734783,4.014915560161114,0.6217657986397621
243,4914688,19617,361.7997131347656,3.419278144836426,361.7997131347656,3.419278144836426,1027.818359375,0.0,90.11389923095703,0.8516383171081543,2.496337179734783,2.496337179734783,4.014915560161114,0.6217657986397621
244,4934912,19698,243.8656768798828,2.8735265731811523,243.8656768798828,2.8735265731811523,1057.0247802734375,0.0,59.0616340637207,0.6959369778633118,2.496337179734783,2.496337179734783,4.014915560161114,0.6217657986397621
245,4955136,19779,10.47469425201416,0.04211941733956337,10.47469425201416,0.04211941733956337,1041.2620849609375,0.0,2.575261354446411,0.010355288162827492,2.496337179734783,2.496337179734783,4.014915560161114,0.6217657986397621
246,4975360,19859,10.421780586242676,0.01825745962560177,10.421780586242676,0.01825745962560177,1041.2620849609375,0.0,2.5622522830963135,0.004488672129809856,2.496337179734783,2.496337179734783,4.014915560161114,0.6217657986397621
247,4995584,19940,10.454136848449707,0.01043978426605463,10.454136848449707,0.01043978426605463,1041.2620849609375,0.0,2.570206642150879,0.0025666134897619486,2.496337179734783,2.496337179734783,4.014915560161114,0.6217657986397621
248,5015808,20020,247.31837463378906,3.0463223457336426,247.31837463378906,3.0463223457336426,1057.0247802734375,0.0,59.89784240722656,0.737787127494812,2.496337179734783,2.496337179734783,4.014915560161114,0.6217657986397621
249,5036032,20101,248.4053497314453,1.862883448600769,248.4053497314453,1.862883448600769,1057.0247802734375,0.0,60.16109848022461,0.4511708617210388,2.496337179734783,2.496337179734783,4.014915560161114,0.6217657986397621
250,5056256,20182,251.7437286376953,5.176613807678223,251.7437286376953,5.176613807678223,1057.0247802734375,0.0,60.9696159362793,1.2537204027175903,2.496337179734783,2.496337179734783,4.014915560161114,0.6217657986397621
251,5076480,20261,10.410109519958496,0.0037381555885076523,10.410109519958496,0.0037381555885076523,1041.2620849609375,0.0,2.559382438659668,0.000919031910598278,2.496337179734783,2.496337179734783,4.014915560161114,0.6217657986397621
252,5096704,20341,10.4332857131958,0.046930860728025436,10.4332857131958,0.046930860728025436,1041.2620849609375,0.0,2.565080404281616,0.011538274586200714,2.496337179734783,2.496337179734783,4.014915560161114,0.6217657986397621
253,5116928,20422,249.9865264892578,5.618732929229736,249.9865264892578,5.618732929229736,1057.0247802734375,0.0,60.544036865234375,1.360796332359314,2.496337179734783,2.496337179734783,4.014915560161114,0.6217657986397621
254,5137152,20504,244.5934295654297,3.1711885929107666,244.5934295654297,3.1711885929107666,1057.0247802734375,0.0,59.23788833618164,0.7680260539054871,2.496337179734783,2.496337179734783,4.014915560161114,0.6217657986397621
255,5157376,20584,249.806640625,5.256636142730713,249.806640625,5.256636142730713,1057.0247802734375,0.0,60.5004768371582,1.2730998992919922,2.496337179734783,2.496337179734783,4.014915560161114,0.6217657986397621
256,5177600,20664,10.409497261047363,0.023194318637251854,10.409497261047363,0.023194318637251854,1041.2620849609375,0.0,2.559232234954834,0.005702490918338299,2.496337179734783,2.496337179734783,4.014915560161114,0.6217657986397621
257,5197824,20745,10.448871612548828,0.00953867007046938,10.448871612548828,0.00953867007046938,1041.2620849609375,0.0,2.5689122676849365,0.0023450793232768774,2.496337179734783,2.496337179734783,4.014915560161114,0.6217657986397621
258,5218048,20826,10.450207710266113,0.025181949138641357,10.450207710266113,0.025181949138641357,1041.2620849609375,0.0,2.5692412853240967,0.006191171705722809,2.496337179734783,2.496337179734783,4.014915560161114,0.6217657986397621
259,5238272,20906,244.49378967285156,3.9148383140563965,244.49378967285156,3.9148383140563965,1057.0247802734375,0.0,59.21376419067383,0.9481312036514282,2.496337179734783,2.496337179734783,4.014915560161114,0.6217657986397621
260,5258496,20987,247.8874053955078,2.05945086479187,247.8874053955078,2.05945086479187,1057.0247802734375,0.0,60.0356559753418,0.49877750873565674,2.496337179734783,2.496337179734783,4.014915560161114,0.6217657986397621
261,5278720,21068,363.306640625,5.612844467163086,363.306640625,5.612844467163086,1027.818359375,0.0,90.4892349243164,1.3979953527450562,2.496337179734783,2.496337179734783,4.014915560161114,0.6217657986397621
262,5298944,21149,363.2549743652344,3.236285448074341,363.2549743652344,3.236285448074341,1027.818359375,0.0,90.47637176513672,0.8060675859451294,2.565753154399905,2.565753154399905,4.014915560161114,0.6390553215761638
263,5319168,21230,10.450424194335938,0.04402961954474449,10.450424194335938,0.04402961954474449,1041.2620849609375,0.0,2.5692942142486572,0.010825008153915405,2.565753154399905,2.565753154399905,4.014915560161114,0.6390553215761638
264,5339392,21310,250.59454345703125,2.223810911178589,250.59454345703125,2.223810911178589,1057.0247802734375,0.0,60.6912956237793,0.5385836362838745,2.565753154399905,2.565753154399905,4.014915560161114,0.6390553215761638
265,5359616,21390,249.5492401123047,2.4437313079833984,249.5492401123047,2.4437313079833984,1057.0247802734375,0.0,60.43813705444336,0.5918444395065308,2.565753154399905,2.565753154399905,4.014915560161114,0.6390553215761638
266,5379840,21471,249.2763671875,2.409775733947754,249.2763671875,2.409775733947754,1057.0247802734375,0.0,60.37204360961914,0.5836213827133179,2.565753154399905,2.565753154399905,4.014915560161114,0.6390553215761638
267,5400064,21552,10.45481014251709,0.011878888122737408,10.45481014251709,0.011878888122737408,1041.2620849609375,0.0,2.5703728199005127,0.002920415485277772,2.565753154399905,2.565753154399905,4.014915560161114,0.6390553215761638
268,5420288,21633,10.457123756408691,0.028406523168087006,10.457123756408691,0.028406523168087006,1041.2620849609375,0.0,2.570941209793091,0.0069839549250900745,2.565753154399905,2.565753154399905,4.014915560161114,0.6390553215761638
269,5440512,21714,245.6161651611328,7.244320392608643,245.6161651611328,7.244320392608643,1057.0247802734375,0.0,59.485591888427734,1.7544974088668823,2.565753154399905,2.565753154399905,4.014915560161114,0.6390553215761638
270,5460736,21794,250.2260284423828,4.619368076324463,250.2260284423828,4.619368076324463,1057.0247802734375,0.0,60.6020393371582,1.1187611818313599,2.565753154399905,2.565753154399905,4.014915560161114,0.6390553215761638
271,5480960,21875,10.443535804748535,0.051765646785497665,10.443535804748535,0.051765646785497665,1041.2620849609375,0.0,2.5676004886627197,0.012726954184472561,2.565753154399905,2.565753154399905,4.014915560161114,0.6390553215761638
272,5501184,21955,10.419021606445312,0.033843860030174255,10.419021606445312,0.033843860030174255,1041.2620849609375,0.0,2.5615737438201904,0.008320653811097145,2.565753154399905,2.565753154399905,4.014915560161114,0.6390553215761638
273,5521408,22036,251.35169982910156,4.621298313140869,251.35169982910156,4.621298313140869,1057.0247802734375,0.0,60.87467575073242,1.1192269325256348,2.565753154399905,2.565753154399905,4.014915560161114,0.6390553215761638
274,5541632,22116,248.1603240966797,3.7886760234832764,248.1603240966797,3.7886760234832764,1057.0247802734375,0.0,60.101749420166016,0.9175769090652466,2.565753154399905,2.565753154399905,4.014915560161114,0.6390553215761638
275,5561856,22197,246.3873291015625,4.803076267242432,246.3873291015625,4.803076267242432,1057.0247802734375,0.0,59.6723518371582,1.1632534265518188,2.565753154399905,2.565753154399905,4.014915560161114,0.6390553215761638
276,5582080,22278,10.405709266662598,0.03539973869919777,10.405709266662598,0.03539973869919777,1041.2620849609375,0.0,2.5583009719848633,0.008703218773007393,2.565753154399905,2.565753154399905,4.014915560161114,0.6390553215761638
277,5602304,22358,10.455218315124512,0.04529859870672226,10.455218315124512,0.04529859870672226,1041.2620849609375,0.0,2.5704729557037354,0.011136924847960472,2.565753154399905,2.565753154399905,4.014915560161114,0.6390553215761638
278,5622528,22437,247.5940399169922,3.019167184829712,247.5940399169922,3.019167184829712,1057.0247802734375,0.0,59.964599609375,0.7312097549438477,2.565753154399905,2.565753154399905,4.014915560161114,0.6390553215761638
279,5642752,22518,248.16172790527344,1.3709862232208252,248.16172790527344,1.3709862232208252,1057.0247802734375,0.0,60.10209274291992,0.3320399522781372,2.565753154399905,2.565753154399905,4.014915560161114,0.6390553215761638
280,5662976,22599,360.4974060058594,1.8407694101333618,360.4974060058594,1.8407694101333618,1027.818359375,0.0,89.7895278930664,0.458484023809433,2.590988743331747,2.590988743331747,4.014915560161114,0.6453407810219983
281,5683200,22679,250.7562255859375,1.8082456588745117,250.7562255859375,1.8082456588745117,1057.0247802734375,0.0,60.7304573059082,0.4379380941390991,2.590988743331747,2.590988743331747,4.014915560161114,0.6453407810219983
282,5703424,22759,251.7677001953125,4.834853172302246,251.7677001953125,4.834853172302246,1057.0247802734375,0.0,60.97542953491211,1.1709493398666382,2.590988743331747,2.590988743331747,4.014915560161114,0.6453407810219983
283,5723648,22839,10.405526161193848,0.06387805938720703,10.405526161193848,0.06387805938720703,1041.2620849609375,0.0,2.558255910873413,0.01570473425090313,2.590988743331747,2.590988743331747,4.014915560161114,0.6453407810219983
284,5743872,22919,247.18345642089844,4.507380962371826,247.18345642089844,4.507380962371826,1057.0247802734375,0.0,59.86516189575195,1.0916383266448975,2.590988743331747,2.590988743331747,4.014915560161114,0.6453407810219983
285,5764096,23000,249.71435546875,1.8616058826446533,249.71435546875,1.8616058826446533,1057.0247802734375,0.0,60.47813034057617,0.45086050033569336,2.590988743331747,2.590988743331747,4.014915560161114,0.6453407810219983
286,5784320,23081,249.871337890625,4.131264686584473,249.871337890625,4.131264686584473,1057.0247802734375,0.0,60.51613998413086,1.0005478858947754,2.590988743331747,2.590988743331747,4.014915560161114,0.6453407810219983
287,5804544,23162,249.1925811767578,4.139937877655029,249.1925811767578,4.139937877655029,1057.0247802734375,0.0,60.35175704956055,1.0026503801345825,2.590988743331747,2.590988743331747,4.014915560161114,0.6453407810219983
288,5824768,23242,250.03680419921875,4.408079147338867,250.03680419921875,4.408079147338867,1057.0247802734375,0.0,60.556217193603516,1.0675889253616333,2.590988743331747,2.590988743331747,4.014915560161114,0.6453407810219983
289,5844992,23323,250.6209259033203,4.997023105621338,250.6209259033203,4.997023105621338,1057.0247802734375,0.0,60.697689056396484,1.2102257013320923,2.590988743331747,2.590988743331747,4.014915560161114,0.6453407810219983
290,5865216,23403,10.469542503356934,0.01236581802368164,10.469542503356934,0.01236581802368164,1041.2620849609375,0.0,2.5739946365356445,0.0030400753021240234,2.590988743331747,2.590988743331747,4.014915560161114,0.6453407810219983
291,5885440,23484,10.443629264831543,0.04429735615849495,10.443629264831543,0.04429735615849495,1041.2620849609375,0.0,2.5676233768463135,0.010890686884522438,2.590988743331747,2.590988743331747,4.014915560161114,0.6453407810219983
292,5905664,23565,10.429425239562988,0.010652127675712109,10.429425239562988,0.010652127675712109,1041.2620849609375,0.0,2.564131498336792,0.0026188588235527277,2.590988743331747,2.590988743331747,4.014915560161114,0.6453407810219983
293,5925888,23646,247.558349609375,4.064255714416504,247.558349609375,4.064255714416504,1057.0247802734375,0.0,59.955963134765625,0.98431795835495,2.590988743331747,2.590988743331747,4.014915560161114,0.6453407810219983
294,5946112,23727,250.42601013183594,1.5673718452453613,250.42601013183594,1.5673718452453613,1057.0247802734375,0.0,60.65047836303711,0.3796005845069885,2.590988743331747,2.590988743331747,4.014915560161114,0.6453407810219983
295,5966336,23807,247.4765167236328,1.290628433227539,247.4765167236328,1.290628433227539,1057.0247802734375,0.0,59.9361457824707,0.3125781714916229,2.590988743331747,2.590988743331747,4.014915560161114,0.6453407810219983
296,5986560,23887,10.43456745147705,0.041727546602487564,10.43456745147705,0.041727546602487564,1041.2620849609375,0.0,2.5653955936431885,0.010258911177515984,2.590988743331747,2.590988743331747,4.014915560161114,0.6453407810219983
297,6006784,23968,249.8663787841797,0.8594308495521545,249.8663787841797,0.8594308495521545,1057.0247802734375,0.0,60.51494216918945,0.2081436812877655,2.590988743331747,2.590988743331747,4.014915560161114,0.6453407810219983
298,6027008,24049,10.404389381408691,0.01874472200870514,10.404389381408691,0.01874472200870514,1041.2620849609375,0.0,2.557976007461548,0.004608525428920984,2.590988743331747,2.590988743331747,4.014915560161114,0.6453407810219983
299,6047232,24130,253.6636962890625,4.555214881896973,253.6636962890625,4.555214881896973,1057.0247802734375,0.0,61.43461227416992,1.1032274961471558,2.590988743331747,2.590988743331747,4.014915560161114,0.6453407810219983
300,6067456,24210,247.8957977294922,3.796071767807007,247.8957977294922,3.796071767807007,1057.0247802734375,0.0,60.037689208984375,0.9193688035011292,2.590988743331747,2.590988743331747,4.014915560161114,0.6453407810219983
301,6087680,24291,10.439160346984863,0.021926166489720345,10.439160346984863,0.021926166489720345,1041.2620849609375,0.0,2.5665247440338135,0.0053905765525996685,2.590988743331747,2.590988743331747,4.014915560161114,0.6453407810219983
302,6107904,24371,249.5662841796875,4.831954479217529,249.5662841796875,4.831954479217529,1057.0247802734375,0.0,60.4422607421875,1.1702483892440796,2.590988743331747,2.590988743331747,4.014915560161114,0.6453407810219983
303,6128128,24452,10.401084899902344,0.03894250839948654,10.401084899902344,0.03894250839948654,1041.2620849609375,0.0,2.557163953781128,0.00957430712878704,2.590988743331747,2.590988743331747,4.014915560161114,0.6453407810219983
304,6148352,24533,10.462725639343262,0.03963391110301018,10.462725639343262,0.03963391110301018,1041.2620849609375,0.0,2.5723187923431396,0.009744230657815933,2.590988743331747,2.590988743331747,4.014915560161114,0.6453407810219983
305,6168576,24613,10.440902709960938,0.029486963525414467,10.440902709960938,0.029486963525414467,1041.2620849609375,0.0,2.566953182220459,0.007249436341226101,2.590988743331747,2.590988743331747,4.014915560161114,0.6453407810219983
306,6188800,24694,10.424776077270508,0.02524109184741974,10.424776077270508,0.02524109184741974,1041.2620849609375,0.0,2.562988519668579,0.00620565190911293,2.590988743331747,2.590988743331747,4.014915560161114,0.6453407810219983
307,6209024,24775,10.444915771484375,0.044774897396564484,10.444915771484375,0.044774897396564484,1041.2620849609375,0.0,2.5679397583007812,0.011008238419890404,2.590988743331747,2.590988743331747,4.014915560161114,0.6453407810219983
308,6229248,24855,10.429637908935547,0.012440222315490246,10.429637908935547,0.012440222315490246,1041.2620849609375,0.0,2.5641839504241943,0.0030585387721657753,2.590988743331747,2.590988743331747,4.014915560161114,0.6453407810219983
309,6249472,24934,10.440391540527344,0.012557629495859146,10.440391540527344,0.012557629495859146,1041.2620849609375,0.0,2.5668275356292725,0.00308725843206048,2.590988743331747,2.590988743331747,4.014915560161114,0.6453407810219983
310,6269696,25014,10.420917510986328,0.04313898831605911,10.420917510986328,0.04313898831605911,1041.2620849609375,0.0,2.562040090560913,0.010605989024043083,2.590988743331747,2.590988743331747,4.014915560161114,0.6453407810219983
311,6289920,25094,10.440518379211426,0.030988795682787895,10.440518379211426,0.030988795682787895,1041.2620849609375,0.0,2.566859006881714,0.007618871983140707,2.590988743331747,2.590988743331747,4.014915560161114,0.6453407810219983
312,6310144,25175,246.17344665527344,4.6677165031433105,246.17344665527344,4.6677165031433105,1057.0247802734375,0.0,59.62055587768555,1.130469799041748,2.590988743331747,2.590988743331747,4.014915560161114,0.6453407810219983
313,6330368,25255,249.409423828125,4.213139533996582,249.409423828125,4.213139533996582,1057.0247802734375,0.0,60.40427780151367,1.0203744173049927,2.590988743331747,2.590988743331747,4.014915560161114,0.6453407810219983
314,6350592,25335,253.3787078857422,3.759859800338745,253.3787078857422,3.759859800338745,1057.0247802734375,0.0,61.36558532714844,0.9105995297431946,2.590988743331747,2.590988743331747,4.014915560161114,0.6453407810219983
315,6370816,25415,361.8138732910156,3.7129406929016113,361.8138732910156,3.7129406929016113,1027.818359375,0.0,90.117431640625,0.9247899055480957,2.590988743331747,2.590988743331747,4.014915560161114,0.6453407810219983
316,6391040,25496,359.0602722167969,3.994117259979248,359.0602722167969,3.994117259979248,1027.818359375,0.0,89.43158721923828,0.9948236346244812,2.590988743331747,2.590988743331747,4.014915560161114,0.6453407810219983
317,6411264,25576,360.9116516113281,6.154553413391113,360.9116516113281,6.154553413391113,1027.818359375,0.0,89.8927230834961,1.5329257249832153,2.685737811406751,2.685737811406751,4.014915560161114,0.6689400489655567
318,6431488,25656,246.51499938964844,1.6202284097671509,246.51499938964844,1.6202284097671509,1057.0247802734375,0.0,59.70327377319336,0.39240097999572754,2.685737811406751,2.685737811406751,4.014915560161114,0.6689400489655567
319,6451712,25736,248.8203887939453,3.068896770477295,248.8203887939453,3.068896770477295,1057.0247802734375,0.0,60.26161193847656,0.7432557940483093,2.685737811406751,2.685737811406751,4.014915560161114,0.6689400489655567
320,6471936,25816,10.466217994689941,0.045875754207372665,10.466217994689941,0.045875754207372665,1041.2620849609375,0.0,2.5731770992279053,0.011278846301138401,2.685737811406751,2.685737811406751,4.014915560161114,0.6689400489655567
321,6492160,25896,10.443187713623047,0.01544970367103815,10.443187713623047,0.01544970367103815,1041.2620849609375,0.0,2.5675151348114014,0.0037984615191817284,2.685737811406751,2.685737811406751,4.014915560161114,0.6689400489655567
322,6512384,25976,246.28797912597656,6.683158874511719,246.28797912597656,6.683158874511719,1057.0247802734375,0.0,59.64829635620117,1.61859130859375,2.685737811406751,2.685737811406751,4.014915560161114,0.6689400489655567
323,6532608,26056,365.4619445800781,7.583028316497803,365.4619445800781,7.583028316497803,1027.818359375,0.0,91.02606201171875,1.8887149095535278,2.694140438741918,2.694140438741918,4.014915560161114,0.6710329017813279
324,6552832,26137,247.03770446777344,0.48366832733154297,247.03770446777344,0.48366832733154297,1057.0247802734375,0.0,59.82986831665039,0.1171385645866394,2.694140438741918,2.694140438741918,4.014915560161114,0.6710329017813279
325,6573056,26218,248.142578125,3.5754172801971436,248.142578125,3.5754172801971436,1057.0247802734375,0.0,60.09745407104492,0.8659281730651855,2.694140438741918,2.694140438741918,4.014915560161114,0.6710329017813279
326,6593280,26299,10.466880798339844,0.0350661501288414,10.466880798339844,0.0350661501288414,1041.2620849609375,0.0,2.5733401775360107,0.008621156215667725,2.694140438741918,2.694140438741918,4.014915560161114,0.6710329017813279
327,6613504,26378,251.1273651123047,2.576267957687378,251.1273651123047,2.576267957687378,1057.0247802734375,0.0,60.82033157348633,0.6239442825317383,2.694140438741918,2.694140438741918,4.014915560161114,0.6710329017813279
328,6633728,26460,246.2793731689453,3.6615219116210938,246.2793731689453,3.6615219116210938,1057.0247802734375,0.0,59.646209716796875,0.886780321598053,2.694140438741918,2.694140438741918,4.014915560161114,0.6710329017813279
329,6653952,26541,248.33204650878906,4.615062713623047,248.33204650878906,4.615062713623047,1057.0247802734375,0.0,60.14334487915039,1.1177176237106323,2.694140438741918,2.694140438741918,4.014915560161114,0.6710329017813279
330,6674176,26622,245.6025848388672,4.788870334625244,245.6025848388672,4.788870334625244,1057.0247802734375,0.0,59.4822998046875,1.159813404083252,2.694140438741918,2.694140438741918,4.014915560161114,0.6710329017813279
331,6694400,26702,250.28155517578125,3.064908742904663,250.28155517578125,3.064908742904663,1057.0247802734375,0.0,60.6154899597168,0.7422884702682495,2.694140438741918,2.694140438741918,4.014915560161114,0.6710329017813279
332,6714624,26782,244.10853576660156,2.05446195602417,244.10853576660156,2.05446195602417,1057.0247802734375,0.0,59.120452880859375,0.497565895318985,2.694140438741918,2.694140438741918,4.014915560161114,0.6710329017813279
333,6734848,26862,246.9705047607422,5.487397193908691,246.9705047607422,5.487397193908691,1057.0247802734375,0.0,59.813594818115234,1.328987956047058,2.694140438741918,2.694140438741918,4.014915560161114,0.6710329017813279
334,6755072,26942,250.56251525878906,2.4033820629119873,250.56251525878906,2.4033820629119873,1057.0247802734375,0.0,60.68354415893555,0.5820729732513428,2.694140438741918,2.694140438741918,4.014915560161114,0.6710329017813279
335,6775296,27022,361.2608947753906,5.072405815124512,361.2608947753906,5.072405815124512,1027.818359375,0.0,89.97970581054688,1.2633922100067139,2.694140438741918,2.694140438741918,4.014915560161114,0.6710329017813279
336,6795520,27102,249.10211181640625,2.0015554428100586,249.10211181640625,2.0015554428100586,1057.0247802734375,0.0,60.3298454284668,0.4847556948661804,2.694140438741918,2.694140438741918,4.014915560161114,0.6710329017813279
337,6815744,27181,249.13763427734375,2.8148791790008545,249.13763427734375,2.8148791790008545,1057.0247802734375,0.0,60.338443756103516,0.6817311644554138,2.694140438741918,2.694140438741918,4.014915560161114,0.6710329017813279
338,6835968,27263,251.334228515625,5.439026832580566,251.334228515625,5.439026832580566,1057.0247802734375,0.0,60.87044143676758,1.3172738552093506,2.694140438741918,2.694140438741918,4.014915560161114,0.6710329017813279
339,6856192,27344,248.5034942626953,2.7536733150482178,248.5034942626953,2.7536733150482178,1057.0247802734375,0.0,60.18486404418945,0.6669108271598816,2.694140438741918,2.694140438741918,4.014915560161114,0.6710329017813279
340,6876416,27424,249.96197509765625,0.2847726047039032,249.96197509765625,0.2847726047039032,1057.0247802734375,0.0,60.5380973815918,0.06897030770778656,2.694140438741918,2.694140438741918,4.014915560161114,0.6710329017813279
341,6896640,27504,364.8646545410156,2.8549726009368896,364.8646545410156,2.8549726009368896,1027.818359375,0.0,90.8772964477539,0.7110927700996399,2.694140438741918,2.694140438741918,4.014915560161114,0.6710329017813279
342,6916864,27584,359.0921325683594,4.063631534576416,359.0921325683594,4.063631534576416,1027.818359375,0.0,89.43951416015625,1.0121314525604248,2.694140438741918,2.694140438741918,4.014915560161114,0.6710329017813279
343,6937088,27665,364.688232421875,3.778616189956665,364.688232421875,3.778616189956665,1027.818359375,0.0,90.83336639404297,0.9411429166793823,2.694140438741918,2.694140438741918,4.014915560161114,0.6710329017813279
344,6957312,27746,248.1443328857422,2.801321268081665,248.1443328857422,2.801321268081665,1057.0247802734375,0.0,60.09788131713867,0.678450882434845,2.694140438741918,2.694140438741918,4.014915560161114,0.6710329017813279
345,6977536,27826,247.07537841796875,2.115509510040283,247.07537841796875,2.115509510040283,1057.0247802734375,0.0,59.838993072509766,0.5123535990715027,2.694140438741918,2.694140438741918,4.014915560161114,0.6710329017813279
346,6997760,27906,248.04847717285156,2.6559998989105225,248.04847717285156,2.6559998989105225,1057.0247802734375,0.0,60.07466506958008,0.6432550549507141,2.694140438741918,2.694140438741918,4.014915560161114,0.6710329017813279
347,7017984,27987,246.711181640625,1.8560205698013306,246.711181640625,1.8560205698013306,1057.0247802734375,0.0,59.75079345703125,0.4495074152946472,2.694140438741918,2.694140438741918,4.014915560161114,0.6710329017813279
348,7038208,28067,363.3581848144531,1.523736834526062,363.3581848144531,1.523736834526062,1027.818359375,0.0,90.5020751953125,0.3795178234577179,2.694140438741918,2.694140438741918,4.014915560161114,0.6710329017813279
349,7058432,28146,364.3930969238281,4.83596658706665,364.3930969238281,4.83596658706665,1027.818359375,0.0,90.75984954833984,1.2044999599456787,2.694140438741918,2.694140438741918,4.014915560161114,0.6710329017813279
350,7078656,28227,247.6167755126953,2.4547784328460693,247.6167755126953,2.4547784328460693,1057.0247802734375,0.0,59.97011184692383,0.5945218801498413,2.694140438741918,2.694140438741918,4.014915560161114,0.6710329017813279
351,7098880,28307,362.3216247558594,5.191314697265625,362.3216247558594,5.191314697265625,1027.818359375,0.0,90.243896484375,1.2930052280426025,2.694140438741918,2.694140438741918,4.014915560161114,0.6710329017813279
352,7119104,28388,361.718017578125,2.7906010150909424,361.718017578125,2.7906010150909424,1027.818359375,0.0,90.09355926513672,0.6950569748878479,2.694140438741918,2.694140438741918,4.014915560161114,0.6710329017813279
353,7139328,28468,358.6897277832031,4.383364200592041,358.6897277832031,4.383364200592041,1027.818359375,0.0,89.33929443359375,1.0917723178863525,2.694140438741918,2.694140438741918,4.014915560161114,0.6710329017813279
354,7159552,28548,245.90989685058594,5.29126501083374,245.90989685058594,5.29126501083374,1057.0247802734375,0.0,59.55672073364258,1.2814871072769165,2.694140438741918,2.694140438741918,4.014915560161114,0.6710329017813279
355,7179776,28628,10.434536933898926,0.045921001583337784,10.434536933898926,0.045921001583337784,1041.2620849609375,0.0,2.5653882026672363,0.011289876885712147,2.694140438741918,2.694140438741918,4.014915560161114,0.6710329017813279
356,7200000,28709,247.47450256347656,5.266989231109619,247.47450256347656,5.266989231109619,1057.0247802734375,0.0,59.9356575012207,1.2756074666976929,2.694140438741918,2.694140438741918,4.014915560161114,0.6710329017813279
357,7220224,28790,360.8089904785156,1.8633670806884766,360.8089904785156,1.8633670806884766,1027.818359375,0.0,89.86714935302734,0.46410977840423584,2.694140438741918,2.694140438741918,4.014915560161114,0.6710329017813279
358,7240448,28869,360.9604187011719,3.777620553970337,360.9604187011719,3.777620553970337,1027.818359375,0.0,89.90485382080078,0.9408981800079346,2.694140438741918,2.694140438741918,4.014915560161114,0.6710329017813279
359,7260672,28949,364.14208984375,3.6696839332580566,364.14208984375,3.6696839332580566,1027.818359375,0.0,90.69731903076172,0.9140163660049438,2.694140438741918,2.694140438741918,4.014915560161114,0.6710329017813279
360,7280896,29029,247.81243896484375,4.095470428466797,247.81243896484375,4.095470428466797,1057.0247802734375,0.0,60.01750183105469,0.9918782114982605,2.694140438741918,2.694140438741918,4.014915560161114,0.6710329017813279
361,7301120,29109,245.686279296875,1.7233338356018066,245.686279296875,1.7233338356018066,1057.0247802734375,0.0,59.502567291259766,0.41737115383148193,2.694140438741918,2.694140438741918,4.014915560161114,0.6710329017813279
362,7321344,29189,244.9198455810547,2.304149866104126,244.9198455810547,2.304149866104126,1057.0247802734375,0.0,59.31694412231445,0.5580398440361023,2.694140438741918,2.694140438741918,4.014915560161114,0.6710329017813279
363,7341568,29269,361.5438537597656,4.483917713165283,361.5438537597656,4.483917713165283,1027.818359375,0.0,90.05017852783203,1.1168121099472046,2.694140438741918,2.694140438741918,4.014915560161114,0.6710329017813279
364,7361792,29349,360.5888671875,3.5691099166870117,360.5888671875,3.5691099166870117,1027.818359375,0.0,89.81231689453125,0.8889614939689636,2.694140438741918,2.694140438741918,4.014915560161114,0.6710329017813279
365,7382016,29430,246.8107147216797,2.451737880706787,246.8107147216797,2.451737880706787,1057.0247802734375,0.0,59.7748908996582,0.593784749507904,2.694140438741918,2.694140438741918,4.014915560161114,0.6710329017813279
366,7402240,29510,248.96385192871094,5.580194473266602,248.96385192871094,5.580194473266602,1057.0247802734375,0.0,60.29636001586914,1.3514628410339355,2.694140438741918,2.694140438741918,4.014915560161114,0.6710329017813279
367,7422464,29589,246.1241912841797,0.48972296714782715,246.1241912841797,0.48972296714782715,1057.0247802734375,0.0,59.60862350463867,0.11860651522874832,2.694140438741918,2.694140438741918,4.014915560161114,0.6710329017813279
368,7442688,29669,10.44044017791748,0.07304178178310394,10.44044017791748,0.07304178178310394,1041.2620849609375,0.0,2.5668394565582275,0.017957687377929688,2.694140438741918,2.694140438741918,4.014915560161114,0.6710329017813279
369,7462912,29749,247.6678009033203,1.1580173969268799,247.6678009033203,1.1580173969268799,1057.0247802734375,0.0,59.98247146606445,0.2804596424102783,2.694140438741918,2.694140438741918,4.014915560161114,0.6710329017813279
370,7483136,29829,248.9438934326172,0.9201561808586121,248.9438934326172,0.9201561808586121,1057.0247802734375,0.0,60.29152297973633,0.22285133600234985,2.694140438741918,2.694140438741918,4.014915560161114,0.6710329017813279
371,7503360,29909,360.6573486328125,3.4851233959198,360.6573486328125,3.4851233959198,1027.818359375,0.0,89.82937622070312,0.8680451512336731,2.694140438741918,2.694140438741918,4.014915560161114,0.6710329017813279
372,7523584,29989,363.8457336425781,1.65111243724823,363.8457336425781,1.65111243724823,1027.818359375,0.0,90.6235122680664,0.4112446904182434,2.694140438741918,2.694140438741918,4.014915560161114,0.6710329017813279
373,7543808,30069,358.914794921875,4.351988315582275,358.914794921875,4.351988315582275,1027.818359375,0.0,89.39534759521484,1.0839555263519287,2.694140438741918,2.694140438741918,4.014915560161114,0.6710329017813279
374,7564032,30149,361.0413513183594,7.6524481773376465,361.0413513183594,7.6524481773376465,1027.818359375,0.0,89.92501831054688,1.906010627746582,2.694140438741918,2.694140438741918,4.014915560161114,0.6710329017813279
375,7584256,30228,364.2095031738281,6.639975070953369,364.2095031738281,6.639975070953369,1027.818359375,0.0,90.714111328125,1.6538318395614624,2.694140438741918,2.694140438741918,4.014915560161114,0.6710329017813279
376,7604480,30308,362.8735656738281,2.8209428787231445,362.8735656738281,2.8209428787231445,1027.818359375,0.0,90.38137817382812,0.7026143670082092,2.694140438741918,2.694140438741918,4.014915560161114,0.6710329017813279
377,7624704,30388,356.9032897949219,4.661250114440918,356.9032897949219,4.661250114440918,1027.818359375,0.0,88.89434814453125,1.1609798669815063,2.802499242881734,2.802499242881734,4.014915560161114,0.6980219635725721
378,7644928,30468,362.0677185058594,4.4986162185668945,362.0677185058594,4.4986162185668945,1027.818359375,0.0,90.1806411743164,1.1204771995544434,2.802499242881734,2.802499242881734,4.014915560161114,0.6980219635725721
379,7665152,30548,360.6646728515625,2.724489212036133,360.6646728515625,2.724489212036133,1027.818359375,0.0,89.8311996459961,0.6785930395126343,2.802499242881734,2.802499242881734,4.014915560161114,0.6980219635725721
380,7685376,30628,358.1771545410156,6.1238203048706055,358.1771545410156,6.1238203048706055,1027.818359375,0.0,89.21163177490234,1.525267481803894,2.802499242881734,2.802499242881734,4.014915560161114,0.6980219635725721
381,7705600,30707,363.1472473144531,5.655309677124023,363.1472473144531,5.655309677124023,1027.818359375,0.0,90.44953155517578,1.4085729122161865,2.802499242881734,2.802499242881734,4.014915560161114,0.6980219635725721
382,7725824,30786,246.735595703125,2.963498830795288,246.735595703125,2.963498830795288,1057.0247802734375,0.0,59.7567024230957,0.71772700548172,2.802499242881734,2.802499242881734,4.014915560161114,0.6980219635725721
383,7746048,30867,251.29779052734375,3.1774003505706787,251.29779052734375,3.1774003505706787,1057.0247802734375,0.0,60.86161804199219,0.769531786441803,2.802499242881734,2.802499242881734,4.014915560161114,0.6980219635725721
384,7766272,30947,251.1679229736328,1.81605863571167,251.1679229736328,1.81605863571167,1057.0247802734375,0.0,60.83016586303711,0.43982985615730286,2.802499242881734,2.802499242881734,4.014915560161114,0.6980219635725721
385,7786496,31026,10.461004257202148,0.029362305998802185,10.461004257202148,0.029362305998802185,1041.2620849609375,0.0,2.5718955993652344,0.007218875922262669,2.802499242881734,2.802499242881734,4.014915560161114,0.6980219635725721
386,7806720,31105,245.8422393798828,1.5639228820800781,245.8422393798828,1.5639228820800781,1057.0247802734375,0.0,59.540340423583984,0.3787654936313629,2.802499242881734,2.802499242881734,4.014915560161114,0.6980219635725721
387,7826944,31184,10.47594165802002,0.07079784572124481,10.47594165802002,0.07079784572124481,1041.2620849609375,0.0,2.5755679607391357,0.01740594021975994,2.802499242881734,2.802499242881734,4.014915560161114,0.6980219635725721
388,7847168,31264,250.48583984375,2.0327422618865967,250.48583984375,2.0327422618865967,1057.0247802734375,0.0,60.66496658325195,0.49231070280075073,2.802499242881734,2.802499242881734,4.014915560161114,0.6980219635725721
389,7867392,31344,10.465901374816895,0.013542522676289082,10.465901374816895,0.013542522676289082,1041.2620849609375,0.0,2.573099374771118,0.0033295536413788795,2.802499242881734,2.802499242881734,4.014915560161114,0.6980219635725721
390,7887616,31422,10.450617790222168,0.00892102625221014,10.450617790222168,0.00892102625221014,1041.2620849609375,0.0,2.5693418979644775,0.0021932502277195454,2.802499242881734,2.802499242881734,4.014915560161114,0.6980219635725721
391,7907840,31502,252.43304443359375,6.454188346862793,252.43304443359375,6.454188346862793,1057.0247802734375,0.0,61.13656234741211,1.5631364583969116,2.802499242881734,2.802499242881734,4.014915560161114,0.6980219635725721
392,7928064,31581,250.0410919189453,1.344650149345398,250.0410919189453,1.344650149345398,1057.0247802734375,0.0,60.5572509765625,0.3256603181362152,2.802499242881734,2.802499242881734,4.014915560161114,0.6980219635725721
393,7948288,31661,246.2900390625,2.484576463699341,246.2900390625,2.484576463699341,1057.0247802734375,0.0,59.6487922668457,0.6017364859580994,2.802499242881734,2.802499242881734,4.014915560161114,0.6980219635725721
394,7968512,31741,251.6111602783203,0.6748511791229248,251.6111602783203,0.6748511791229248,1057.0247802734375,0.0,60.9375114440918,0.1634403020143509,2.802499242881734,2.802499242881734,4.014915560161114,0.6980219635725721
395,7988736,31820,246.8991241455078,4.844261646270752,246.8991241455078,4.844261646270752,1057.0247802734375,0.0,59.79630661010742,1.173227310180664,2.802499242881734,2.802499242881734,4.014915560161114,0.6980219635725721
396,8008960,31899,248.53460693359375,0.2845572531223297,248.53460693359375,0.2845572531223297,1057.0247802734375,0.0,60.19240188598633,0.06891696900129318,2.802499242881734,2.802499242881734,4.014915560161114,0.6980219635725721
397,8029184,31979,361.6873779296875,6.701390743255615,361.6873779296875,6.701390743255615,1027.818359375,0.0,90.0859146118164,1.6691213846206665,2.802499242881734,2.802499242881734,4.014915560161114,0.6980219635725721
398,8049408,32059,356.932861328125,1.931131362915039,356.932861328125,1.931131362915039,1027.818359375,0.0,88.9017105102539,0.48099222779273987,2.802499242881734,2.802499242881734,4.014915560161114,0.6980219635725721
399,8069632,32138,360.3714294433594,2.980647325515747,360.3714294433594,2.980647325515747,1027.818359375,0.0,89.7581558227539,0.7423921823501587,2.802499242881734,2.802499242881734,4.014915560161114,0.6980219635725721
400,8089856,32217,365.5623474121094,3.698796510696411,365.5623474121094,3.698796510696411,1027.818359375,0.0,91.05106353759766,0.9212647080421448,2.802499242881734,2.802499242881734,4.014915560161114,0.6980219635725721
401,8110080,32298,354.8812561035156,7.218157768249512,354.8812561035156,7.218157768249512,1027.818359375,0.0,88.39071655273438,1.797836422920227,2.802499242881734,2.802499242881734,4.014915560161114,0.6980219635725721
402,8130304,32379,358.916748046875,1.7217203378677368,358.916748046875,1.7217203378677368,1027.818359375,0.0,89.3958511352539,0.4288293123245239,2.802499242881734,2.802499242881734,4.014915560161114,0.6980219635725721
403,8150528,32458,361.8675537109375,4.623073577880859,361.8675537109375,4.623073577880859,1027.818359375,0.0,90.13080596923828,1.1514711380004883,2.802499242881734,2.802499242881734,4.014915560161114,0.6980219635725721
404,8170752,32537,364.4538879394531,5.980355739593506,364.4538879394531,5.980355739593506,1027.818359375,0.0,90.77498626708984,1.4895330667495728,2.802499242881734,2.802499242881734,4.014915560161114,0.6980219635725721
405,8190976,32617,358.3724060058594,1.6529706716537476,358.3724060058594,1.6529706716537476,1027.818359375,0.0,89.26025390625,0.4117085337638855,2.802499242881734,2.802499242881734,4.014915560161114,0.6980219635725721
406,8211200,32697,361.48876953125,2.132845878601074,361.48876953125,2.132845878601074,1027.818359375,0.0,90.03646087646484,0.5312294363975525,2.802499242881734,2.802499242881734,4.014915560161114,0.6980219635725721
407,8231424,32776,359.3247985839844,4.376321792602539,359.3247985839844,4.376321792602539,1027.818359375,0.0,89.49747467041016,1.090018391609192,2.802499242881734,2.802499242881734,4.014915560161114,0.6980219635725721
408,8251648,32855,361.6084899902344,3.265968084335327,361.6084899902344,3.265968084335327,1027.818359375,0.0,90.06627655029297,0.8134584426879883,2.802499242881734,2.802499242881734,4.014915560161114,0.6980219635725721
409,8271872,32935,365.7568054199219,5.233648300170898,365.7568054199219,5.233648300170898,1027.818359375,0.0,91.0995101928711,1.3035539388656616,2.802499242881734,2.802499242881734,4.014915560161114,0.6980219635725721
410,8292096,33015,243.89463806152344,4.708837509155273,243.89463806152344,4.708837509155273,1057.0247802734375,0.0,59.06864929199219,1.1404292583465576,2.802499242881734,2.802499242881734,4.014915560161114,0.6980219635725721
411,8312320,33095,250.2543182373047,2.6520938873291016,250.2543182373047,2.6520938873291016,1057.0247802734375,0.0,60.608890533447266,0.6423090696334839,2.802499242881734,2.802499242881734,4.014915560161114,0.6980219635725721
412,8332544,33174,244.2740478515625,6.015688419342041,244.2740478515625,6.015688419342041,1057.0247802734375,0.0,59.16053771972656,1.456935167312622,2.802499242881734,2.802499242881734,4.014915560161114,0.6980219635725721
413,8352768,33253,358.6824035644531,3.906125068664551,358.6824035644531,3.906125068664551,1027.818359375,0.0,89.33747100830078,0.9729028940200806,2.802499242881734,2.802499242881734,4.014915560161114,0.6980219635725721
414,8372992,33333,360.6807861328125,1.837906837463379,360.6807861328125,1.837906837463379,1027.818359375,0.0,89.835205078125,0.45776933431625366,3.22096744145255,3.22096744145255,4.014915560161114,0.802250356997121
415,8393216,33413,362.4069519042969,5.9582719802856445,362.4069519042969,5.9582719802856445,1027.818359375,0.0,90.26514434814453,1.4840388298034668,3.22096744145255,3.22096744145255,4.014915560161114,0.802250356997121
416,8413440,33493,358.9280090332031,4.969202041625977,358.9280090332031,4.969202041625977,1027.818359375,0.0,89.39864349365234,1.2376878261566162,3.22096744145255,3.22096744145255,4.014915560161114,0.802250356997121
417,8433664,33572,358.0014343261719,2.021272659301758,358.0014343261719,2.021272659301758,1027.818359375,0.0,89.16785430908203,0.5034435987472534,3.22096744145255,3.22096744145255,4.014915560161114,0.802250356997121
418,8453888,33651,365.0467834472656,0.5258435606956482,365.0467834472656,0.5258435606956482,1027.818359375,0.0,90.92264556884766,0.1309683918952942,3.22096744145255,3.22096744145255,4.014915560161114,0.802250356997121
419,8474112,33731,250.13037109375,3.854480266571045,250.13037109375,3.854480266571045,1057.0247802734375,0.0,60.57887649536133,0.933512806892395,3.22096744145255,3.22096744145255,4.014915560161114,0.802250356997121
420,8494336,33811,360.1083068847656,1.0314857959747314,360.1083068847656,1.0314857959747314,1027.818359375,0.0,89.692626953125,0.2569137513637543,3.22096744145255,3.22096744145255,4.014915560161114,0.802250356997121
421,8514560,33890,365.1194763183594,2.793800115585327,365.1194763183594,2.793800115585327,1027.818359375,0.0,90.94075775146484,0.6958534121513367,3.22096744145255,3.22096744145255,4.014915560161114,0.802250356997121
422,8534784,33969,248.67503356933594,1.9453024864196777,248.67503356933594,1.9453024864196777,1057.0247802734375,0.0,60.226409912109375,0.47113004326820374,3.22096744145255,3.22096744145255,4.014915560161114,0.802250356997121
423,8555008,34049,364.0279846191406,7.73482608795166,364.0279846191406,7.73482608795166,1027.818359375,0.0,90.66890716552734,1.9265228509902954,3.22096744145255,3.22096744145255,4.014915560161114,0.802250356997121
424,8575232,34129,360.5455017089844,3.4788167476654053,360.5455017089844,3.4788167476654053,1027.818359375,0.0,89.801513671875,0.8664726614952087,3.22096744145255,3.22096744145255,4.014915560161114,0.802250356997121
425,8595456,34209,361.5296325683594,3.6752219200134277,361.5296325683594,3.6752219200134277,1027.818359375,0.0,90.046630859375,0.9153922200202942,3.22096744145255,3.22096744145255,4.014915560161114,0.802250356997121
426,8615680,34289,363.86328125,0.6964095830917358,363.86328125,0.6964095830917358,1027.818359375,0.0,90.62787628173828,0.1734536588191986,3.22096744145255,3.22096744145255,4.014915560161114,0.802250356997121
427,8635904,34368,251.4315185546875,1.9876567125320435,251.4315185546875,1.9876567125320435,1057.0247802734375,0.0,60.89400100708008,0.4813878536224365,3.22096744145255,3.22096744145255,4.014915560161114,0.802250356997121
428,8656128,34450,364.5003967285156,5.109145164489746,364.5003967285156,5.109145164489746,1027.818359375,0.0,90.78656005859375,1.27254319190979,3.22096744145255,3.22096744145255,4.014915560161114,0.802250356997121
429,8676352,34534,246.50341796875,5.057867050170898,246.50341796875,5.057867050170898,1057.0247802734375,0.0,59.700469970703125,1.224961519241333,3.22096744145255,3.22096744145255,4.014915560161114,0.802250356997121
430,8696576,34618,250.602294921875,2.8895070552825928,250.602294921875,2.8895070552825928,1057.0247802734375,0.0,60.69317626953125,0.6998054385185242,3.22096744145255,3.22096744145255,4.014915560161114,0.802250356997121
431,8716800,34701,250.859619140625,3.4513275623321533,250.859619140625,3.4513275623321533,1057.0247802734375,0.0,60.7554931640625,0.8358748555183411,3.22096744145255,3.22096744145255,4.014915560161114,0.802250356997121
432,8737024,34785,359.7839660644531,0.8681516647338867,359.7839660644531,0.8681516647338867,1027.818359375,0.0,89.6118392944336,0.21623343229293823,3.22096744145255,3.22096744145255,4.014915560161114,0.802250356997121
433,8757248,34869,249.58705139160156,3.6230974197387695,249.58705139160156,3.6230974197387695,1057.0247802734375,0.0,60.447296142578125,0.8774738311767578,3.22096744145255,3.22096744145255,4.014915560161114,0.802250356997121
434,8777472,34953,250.40968322753906,2.45530104637146,250.40968322753906,2.45530104637146,1057.0247802734375,0.0,60.64653015136719,0.594647228717804,3.22096744145255,3.22096744145255,4.014915560161114,0.802250356997121
435,8797696,35036,10.472814559936523,0.006152002606540918,10.472814559936523,0.006152002606540918,1041.2620849609375,0.0,2.574799060821533,0.0015126403886824846,3.22096744145255,3.22096744145255,4.014915560161114,0.802250356997121
436,8817920,35119,358.7166442871094,7.662877082824707,358.7166442871094,7.662877082824707,1027.818359375,0.0,89.34600830078125,1.9086031913757324,3.22096744145255,3.22096744145255,4.014915560161114,0.802250356997121
437,8838144,35203,244.3489532470703,3.901632070541382,244.3489532470703,3.901632070541382,1057.0247802734375,0.0,59.178680419921875,0.9449328184127808,3.22096744145255,3.22096744145255,4.014915560161114,0.802250356997121
438,8858368,35287,249.1992645263672,5.586854457855225,249.1992645263672,5.586854457855225,1057.0247802734375,0.0,60.35337448120117,1.3530765771865845,3.22096744145255,3.22096744145255,4.014915560161114,0.802250356997121
439,8878592,35370,249.535400390625,1.944260597229004,249.535400390625,1.944260597229004,1057.0247802734375,0.0,60.434783935546875,0.47088173031806946,3.22096744145255,3.22096744145255,4.014915560161114,0.802250356997121
440,8898816,35453,250.30438232421875,1.974583387374878,250.30438232421875,1.974583387374878,1057.0247802734375,0.0,60.62102127075195,0.47822239995002747,3.22096744145255,3.22096744145255,4.014915560161114,0.802250356997121
441,8919040,35537,247.61448669433594,1.7543519735336304,247.61448669433594,1.7543519735336304,1057.0247802734375,0.0,59.96955490112305,0.42488425970077515,3.22096744145255,3.22096744145255,4.014915560161114,0.802250356997121
442,8939264,35621,10.44937515258789,0.024323459714651108,10.44937515258789,0.024323459714651108,1041.2620849609375,0.0,2.5690362453460693,0.005980115849524736,3.22096744145255,3.22096744145255,4.014915560161114,0.802250356997121
443,8959488,35704,10.443378448486328,0.03698761388659477,10.443378448486328,0.03698761388659477,1041.2620849609375,0.0,2.5675618648529053,0.009093593806028366,3.22096744145255,3.22096744145255,4.014915560161114,0.802250356997121
444,8979712,35787,10.454111099243164,0.033948104828596115,10.454111099243164,0.033948104828596115,1041.2620849609375,0.0,2.5702009201049805,0.008346356451511383,3.22096744145255,3.22096744145255,4.014915560161114,0.802250356997121
445,8999936,35871,247.2098846435547,5.19333028793335,247.2098846435547,5.19333028793335,1057.0247802734375,0.0,59.87156677246094,1.2577688694000244,3.22096744145255,3.22096744145255,4.014915560161114,0.802250356997121
446,9020160,35954,354.7660217285156,1.1157782077789307,354.7660217285156,1.1157782077789307,1027.818359375,0.0,88.36200714111328,0.2779093086719513,3.22096744145255,3.22096744145255,4.014915560161114,0.802250356997121
447,9040384,36038,361.3453369140625,4.820349216461182,361.3453369140625,4.820349216461182,1027.818359375,0.0,90.000732421875,1.2006146907806396,3.22096744145255,3.22096744145255,4.014915560161114,0.802250356997121
448,9060608,36121,358.2224426269531,3.573310375213623,358.2224426269531,3.573310375213623,1027.818359375,0.0,89.22290802001953,0.8900060653686523,3.22096744145255,3.22096744145255,4.014915560161114,0.802250356997121
449,9080832,36205,360.5154724121094,3.465935468673706,360.5154724121094,3.465935468673706,1027.818359375,0.0,89.79402923583984,0.863264262676239,3.22096744145255,3.22096744145255,4.014915560161114,0.802250356997121
450,9101056,36290,363.4430236816406,7.08306884765625,363.4430236816406,7.08306884765625,1027.818359375,0.0,90.5232162475586,1.7641931772232056,3.22096744145255,3.22096744145255,4.014915560161114,0.802250356997121
451,9121280,36375,360.5537109375,4.2594404220581055,360.5537109375,4.2594404220581055,1027.818359375,0.0,89.80355834960938,1.060904860496521,3.22096744145255,3.22096744145255,4.014915560161114,0.802250356997121
452,9141504,36458,364.0920715332031,8.634324073791504,364.0920715332031,8.634324073791504,1027.818359375,0.0,90.68486785888672,2.1505625247955322,3.22096744145255,3.22096744145255,4.014915560161114,0.802250356997121
453,9161728,36542,359.3525390625,2.037222385406494,359.3525390625,2.037222385406494,1027.818359375,0.0,89.5043716430664,0.507412850856781,3.22096744145255,3.22096744145255,4.014915560161114,0.802250356997121
454,9181952,36626,360.028564453125,3.57096791267395,360.028564453125,3.57096791267395,1027.818359375,0.0,89.67276763916016,0.8894212245941162,3.22096744145255,3.22096744145255,4.014915560161114,0.802250356997121
455,9202176,36711,365.2341613769531,4.255856037139893,365.2341613769531,4.255856037139893,1027.818359375,0.0,90.96932983398438,1.0600110292434692,3.22096744145255,3.22096744145255,4.014915560161114,0.802250356997121
456,9222400,36794,247.74513244628906,2.754429340362549,247.74513244628906,2.754429340362549,1057.0247802734375,0.0,60.00120544433594,0.6670930981636047,3.22096744145255,3.22096744145255,4.014915560161114,0.802250356997121
457,9242624,36877,361.8490905761719,2.836660861968994,361.8490905761719,2.836660861968994,1027.818359375,0.0,90.1261978149414,0.7065295577049255,3.22096744145255,3.22096744145255,4.014915560161114,0.802250356997121
458,9262848,36961,250.34364318847656,1.5216903686523438,250.34364318847656,1.5216903686523438,1057.0247802734375,0.0,60.63053512573242,0.368535578250885,3.22096744145255,3.22096744145255,4.014915560161114,0.802250356997121
459,9283072,37045,247.19775390625,3.6379404067993164,247.19775390625,3.6379404067993164,1057.0247802734375,0.0,59.86862564086914,0.8810706734657288,3.22096744145255,3.22096744145255,4.014915560161114,0.802250356997121
460,9303296,37128,361.06103515625,5.061246395111084,361.06103515625,5.061246395111084,1027.818359375,0.0,89.92992401123047,1.260608196258545,3.22096744145255,3.22096744145255,4.014915560161114,0.802250356997121
461,9323520,37212,361.5823059082031,0.9669767022132874,361.5823059082031,0.9669767022132874,1027.818359375,0.0,90.05976104736328,0.24084439873695374,3.22096744145255,3.22096744145255,4.014915560161114,0.802250356997121
462,9343744,37295,362.7185363769531,6.037384033203125,362.7185363769531,6.037384033203125,1027.818359375,0.0,90.3427505493164,1.5037425756454468,3.22096744145255,3.22096744145255,4.014915560161114,0.802250356997121
463,9363968,37379,248.40771484375,2.775967836380005,248.40771484375,2.775967836380005,1057.0247802734375,0.0,60.16167068481445,0.672309160232544,3.22096744145255,3.22096744145255,4.014915560161114,0.802250356997121
464,9384192,37462,243.0624542236328,2.8232040405273438,243.0624542236328,2.8232040405273438,1057.0247802734375,0.0,58.86710739135742,0.6837481260299683,3.22096744145255,3.22096744145255,4.014915560161114,0.802250356997121
465,9404416,37545,361.7381896972656,3.7332680225372314,361.7381896972656,3.7332680225372314,1027.818359375,0.0,90.09857940673828,0.9298476576805115,3.22096744145255,3.22096744145255,4.014915560161114,0.802250356997121
466,9424640,37627,252.155517578125,2.1599087715148926,252.155517578125,2.1599087715148926,1057.0247802734375,0.0,61.0693473815918,0.523105800151825,3.22096744145255,3.22096744145255,4.014915560161114,0.802250356997121
467,9444864,37711,361.2496337890625,5.208630084991455,361.2496337890625,5.208630084991455,1027.818359375,0.0,89.97689056396484,1.2973204851150513,3.22096744145255,3.22096744145255,4.014915560161114,0.802250356997121
468,9465088,37795,361.9730529785156,6.226517677307129,361.9730529785156,6.226517677307129,1027.818359375,0.0,90.1570816040039,1.5508466958999634,3.22096744145255,3.22096744145255,4.014915560161114,0.802250356997121
469,9485312,37878,364.1840515136719,1.4679605960845947,364.1840515136719,1.4679605960845947,1027.818359375,0.0,90.707763671875,0.3656282424926758,3.22096744145255,3.22096744145255,4.014915560161114,0.802250356997121
470,9505536,37961,363.5269775390625,0.9180582761764526,363.5269775390625,0.9180582761764526,1027.818359375,0.0,90.54410552978516,0.22866052389144897,3.22096744145255,3.22096744145255,4.014915560161114,0.802250356997121
471,9525760,38044,358.9594421386719,8.271310806274414,358.9594421386719,8.271310806274414,1027.818359375,0.0,89.4064712524414,2.0601484775543213,3.22096744145255,3.22096744145255,4.014915560161114,0.802250356997121
472,9545984,38128,364.1201171875,5.109174728393555,364.1201171875,5.109174728393555,1027.818359375,0.0,90.69185638427734,1.2725486755371094,3.22096744145255,3.22096744145255,4.014915560161114,0.802250356997121
473,9566208,38211,365.493896484375,4.668201923370361,365.493896484375,4.668201923370361,1027.818359375,0.0,91.03401947021484,1.1627168655395508,3.22096744145255,3.22096744145255,4.014915560161114,0.802250356997121
474,9586432,38295,359.6822509765625,1.9494575262069702,359.6822509765625,1.9494575262069702,1027.818359375,0.0,89.58650970458984,0.48555442690849304,3.22096744145255,3.22096744145255,4.014915560161114,0.802250356997121
475,9606656,38379,360.1319885253906,4.131166458129883,360.1319885253906,4.131166458129883,1027.818359375,0.0,89.69852447509766,1.0289541482925415,3.22096744145255,3.22096744145255,4.014915560161114,0.802250356997121
476,9626880,38463,252.24542236328125,3.1892735958099365,252.24542236328125,3.1892735958099365,1057.0247802734375,0.0,61.091121673583984,0.7724095582962036,3.22096744145255,3.22096744145255,4.014915560161114,0.802250356997121
477,9647104,38546,250.98167419433594,3.541750192642212,250.98167419433594,3.541750192642212,1057.0247802734375,0.0,60.78505325317383,0.8577726483345032,3.22096744145255,3.22096744145255,4.014915560161114,0.802250356997121
478,9667328,38629,249.2347412109375,2.959317684173584,249.2347412109375,2.959317684173584,1057.0247802734375,0.0,60.361968994140625,0.7167143821716309,3.22096744145255,3.22096744145255,4.014915560161114,0.802250356997121
479,9687552,38712,252.773193359375,3.1030313968658447,252.773193359375,3.1030313968658447,1057.0247802734375,0.0,61.21894454956055,0.7515208125114441,3.22096744145255,3.22096744145255,4.014915560161114,0.802250356997121
480,9707776,38797,248.40570068359375,2.7701237201690674,248.40570068359375,2.7701237201690674,1057.0247802734375,0.0,60.16118240356445,0.6708957552909851,3.22096744145255,3.22096744145255,4.014915560161114,0.802250356997121
481,9728000,38882,359.9302673339844,2.3946774005889893,359.9302673339844,2.3946774005889893,1027.818359375,0.0,89.64827728271484,0.5964457988739014,3.22096744145255,3.22096744145255,4.014915560161114,0.802250356997121
482,9748224,38965,244.73109436035156,0.9855369329452515,244.73109436035156,0.9855369329452515,1057.0247802734375,0.0,59.271236419677734,0.23868536949157715,3.22096744145255,3.22096744145255,4.014915560161114,0.802250356997121
483,9768448,39048,363.5155029296875,1.6291909217834473,363.5155029296875,1.6291909217834473,1027.818359375,0.0,90.541259765625,0.4057852625846863,3.22096744145255,3.22096744145255,4.014915560161114,0.802250356997121
484,9788672,39131,361.7790222167969,5.670812606811523,361.7790222167969,5.670812606811523,1027.818359375,0.0,90.1087417602539,1.4124375581741333,3.22096744145255,3.22096744145255,4.014915560161114,0.802250356997121
485,9808896,39215,361.0733947753906,1.2224340438842773,361.0733947753906,1.2224340438842773,1027.818359375,0.0,89.9330062866211,0.3044755458831787,3.22096744145255,3.22096744145255,4.014915560161114,0.802250356997121
486,9829120,39299,361.7171325683594,5.576248645782471,361.7171325683594,5.576248645782471,1027.818359375,0.0,90.09334564208984,1.388883352279663,3.22096744145255,3.22096744145255,4.014915560161114,0.802250356997121
487,9849344,39382,360.9507141113281,6.264705657958984,360.9507141113281,6.264705657958984,1027.818359375,0.0,89.9024429321289,1.5603586435317993,3.22096744145255,3.22096744145255,4.014915560161114,0.802250356997121
488,9869568,39466,359.9620361328125,4.186350345611572,359.9620361328125,4.186350345611572,1027.818359375,0.0,89.65618896484375,1.0426990985870361,3.22096744145255,3.22096744145255,4.014915560161114,0.802250356997121
489,9889792,39551,361.8528137207031,4.354251861572266,361.8528137207031,4.354251861572266,1027.818359375,0.0,90.12713623046875,1.0845192670822144,3.22096744145255,3.22096744145255,4.014915560161114,0.802250356997121
490,9910016,39635,248.5561981201172,3.4920337200164795,248.5561981201172,3.4920337200164795,1057.0247802734375,0.0,60.1976318359375,0.8457335829734802,3.22096744145255,3.22096744145255,4.014915560161114,0.802250356997121
491,9930240,39717,361.701171875,5.44992733001709,361.701171875,5.44992733001709,1027.818359375,0.0,90.08935546875,1.3574212789535522,3.22096744145255,3.22096744145255,4.014915560161114,0.802250356997121
492,9950464,39801,360.6499328613281,5.382726192474365,360.6499328613281,5.382726192474365,1027.818359375,0.0,89.8275375366211,1.3406798839569092,3.22096744145255,3.22096744145255,4.014915560161114,0.802250356997121
493,9970688,39885,249.400634765625,4.0407514572143555,249.400634765625,4.0407514572143555,1057.0247802734375,0.0,60.40214157104492,0.9786252379417419,3.22096744145255,3.22096744145255,4.014915560161114,0.802250356997121
494,9990912,39969,250.45436096191406,4.760789394378662,250.45436096191406,4.760789394378662,1057.0247802734375,0.0,60.6573486328125,1.1530120372772217,3.22096744145255,3.22096744145255,4.014915560161114,0.802250356997121
495,10011136,40052,245.6707000732422,3.6846923828125,245.6707000732422,3.6846923828125,1057.0247802734375,0.0,59.49879455566406,0.8923929333686829,3.22096744145255,3.22096744145255,4.014915560161114,0.802250356997121
496,10031360,40134,10.395718574523926,0.031014155596494675,10.395718574523926,0.031014155596494675,1041.2620849609375,0.0,2.55584454536438,0.007624987978488207,3.22096744145255,3.22096744145255,4.014915560161114,0.802250356997121
497,10051584,40218,251.56214904785156,3.0047149658203125,251.56214904785156,3.0047149658203125,1057.0247802734375,0.0,60.92564392089844,0.7277109026908875,3.22096744145255,3.22096744145255,4.014915560161114,0.802250356997121
498,10071808,40301,360.9403076171875,6.673739433288574,360.9403076171875,6.673739433288574,1027.818359375,0.0,89.89984893798828,1.6622376441955566,3.22096744145255,3.22096744145255,4.014915560161114,0.802250356997121
499,10092032,40384,250.1116485595703,5.2567009925842285,250.1116485595703,5.2567009925842285,1057.0247802734375,0.0,60.574344635009766,1.2731149196624756,3.22096744145255,3.22096744145255,4.014915560161114,0.802250356997121
500,10112256,40468,364.6085205078125,2.2373132705688477,364.6085205078125,2.2373132705688477,1027.818359375,0.0,90.8134994506836,0.5572524070739746,3.22096744145255,3.22096744145255,4.014915560161114,0.802250356997121
501,10132480,40551,361.9597473144531,3.579226016998291,361.9597473144531,3.579226016998291,1027.818359375,0.0,90.15377044677734,0.8914822340011597,3.22096744145255,3.22096744145255,4.014915560161114,0.802250356997121
502,10152704,40636,364.0039367675781,4.842278003692627,364.0039367675781,4.842278003692627,1027.818359375,0.0,90.66291046142578,1.206072211265564,3.22096744145255,3.22096744145255,4.014915560161114,0.802250356997121
503,10172928,40720,359.718017578125,2.6375582218170166,359.718017578125,2.6375582218170166,1027.818359375,0.0,89.59542083740234,0.6569406986236572,3.22096744145255,3.22096744145255,4.014915560161114,0.802250356997121
504,10193152,40803,353.8021545410156,1.6231460571289062,353.8021545410156,1.6231460571289062,1027.818359375,0.0,88.1219482421875,0.4042811095714569,3.22096744145255,3.22096744145255,4.014915560161114,0.802250356997121
505,10213376,40887,364.7240295410156,5.801117897033691,364.7240295410156,5.801117897033691,1027.818359375,0.0,90.8422622680664,1.4448961019515991,3.22096744145255,3.22096744145255,4.014915560161114,0.802250356997121
506,10233600,40971,10.44987964630127,0.008930818177759647,10.44987964630127,0.008930818177759647,1041.2620849609375,0.0,2.569160223007202,0.0021957082208245993,3.22096744145255,3.22096744145255,4.014915560161114,0.802250356997121
507,10253824,41055,365.8931884765625,5.252327919006348,365.8931884765625,5.252327919006348,1027.818359375,0.0,91.13346099853516,1.3082058429718018,3.22096744145255,3.22096744145255,4.014915560161114,0.802250356997121
508,10274048,41138,358.8876953125,3.88924503326416,358.8876953125,3.88924503326416,1027.818359375,0.0,89.38860321044922,0.9686978459358215,3.22096744145255,3.22096744145255,4.014915560161114,0.802250356997121
509,10294272,41221,357.5240478515625,2.3284380435943604,357.5240478515625,2.3284380435943604,1027.818359375,0.0,89.04895782470703,0.579944908618927,3.22096744145255,3.22096744145255,4.014915560161114,0.802250356997121
510,10314496,41305,362.9601135253906,4.543228626251221,362.9601135253906,4.543228626251221,1027.818359375,0.0,90.4029312133789,1.1315840482711792,3.22096744145255,3.22096744145255,4.014915560161114,0.802250356997121
511,10334720,41389,248.82362365722656,3.5545737743377686,248.82362365722656,3.5545737743377686,1057.0247802734375,0.0,60.26240158081055,0.8608806133270264,3.22096744145255,3.22096744145255,4.014915560161114,0.802250356997121
512,10354944,41472,249.9453887939453,5.2257304191589355,249.9453887939453,5.2257304191589355,1057.0247802734375,0.0,60.53407669067383,1.2656145095825195,3.22096744145255,3.22096744145255,4.014915560161114,0.802250356997121
513,10375168,41555,361.1863708496094,7.027719020843506,361.1863708496094,7.027719020843506,1027.818359375,0.0,89.96112823486328,1.750401496887207,3.22096744145255,3.22096744145255,4.014915560161114,0.802250356997121
514,10395392,41639,364.549560546875,4.363766670227051,364.549560546875,4.363766670227051,1027.818359375,0.0,90.79882049560547,1.0868858098983765,3.22096744145255,3.22096744145255,4.014915560161114,0.802250356997121
515,10415616,41723,363.989990234375,3.4730796813964844,363.989990234375,3.4730796813964844,1027.818359375,0.0,90.65943145751953,0.8650426268577576,3.22096744145255,3.22096744145255,4.014915560161114,0.802250356997121
516,10435840,41806,246.3912353515625,1.085148572921753,246.3912353515625,1.085148572921753,1057.0247802734375,0.0,59.67329788208008,0.262808620929718,3.22096744145255,3.22096744145255,4.014915560161114,0.802250356997121
517,10456064,41888,364.1708068847656,3.4049742221832275,364.1708068847656,3.4049742221832275,1027.818359375,0.0,90.7044677734375,0.8480769991874695,3.22096744145255,3.22096744145255,4.014915560161114,0.802250356997121
518,10476288,41971,360.1634216308594,2.852513313293457,360.1634216308594,2.852513313293457,1027.818359375,0.0,89.70635223388672,0.7104811072349548,3.22096744145255,3.22096744145255,4.014915560161114,0.802250356997121
519,10496512,42056,247.5032501220703,3.7151577472686768,247.5032501220703,3.7151577472686768,1057.0247802734375,0.0,59.942623138427734,0.8997692465782166,3.22096744145255,3.22096744145255,4.014915560161114,0.802250356997121
520,10516736,42140,248.5630645751953,6.3047590255737305,248.5630645751953,6.3047590255737305,1057.0247802734375,0.0,60.19929504394531,1.5269452333450317,3.22096744145255,3.22096744145255,4.014915560161114,0.802250356997121
521,10536960,42223,244.967529296875,4.830692291259766,244.967529296875,4.830692291259766,1057.0247802734375,0.0,59.3284912109375,1.16994047164917,3.22096744145255,3.22096744145255,4.014915560161114,0.802250356997121
522,10557184,42306,362.947509765625,7.937037944793701,362.947509765625,7.937037944793701,1027.818359375,0.0,90.39978790283203,1.97688889503479,3.22096744145255,3.22096744145255,4.014915560161114,0.802250356997121
523,10577408,42390,356.7358093261719,7.912325859069824,356.7358093261719,7.912325859069824,1027.818359375,0.0,88.85262298583984,1.9707322120666504,3.22096744145255,3.22096744145255,4.014915560161114,0.802250356997121
524,10597632,42473,358.4789123535156,4.320459365844727,358.4789123535156,4.320459365844727,1027.818359375,0.0,89.28679656982422,1.0761001110076904,3.22096744145255,3.22096744145255,4.014915560161114,0.802250356997121
525,10617856,42557,366.194580078125,3.4167075157165527,366.194580078125,3.4167075157165527,1027.818359375,0.0,91.20853424072266,0.8510047197341919,3.22096744145255,3.22096744145255,4.014915560161114,0.802250356997121
526,10638080,42640,363.1509704589844,5.439864635467529,363.1509704589844,5.439864635467529,1027.818359375,0.0,90.4504623413086,1.3549137115478516,3.22096744145255,3.22096744145255,4.014915560161114,0.802250356997121
527,10658304,42724,360.8910827636719,5.391071319580078,360.8910827636719,5.391071319580078,1027.818359375,0.0,89.88758087158203,1.3427621126174927,3.22096744145255,3.22096744145255,4.014915560161114,0.802250356997121
528,10678528,42808,361.3070068359375,1.1369832754135132,361.3070068359375,1.1369832754135132,1027.818359375,0.0,89.9911880493164,0.2831891179084778,3.22096744145255,3.22096744145255,4.014915560161114,0.802250356997121
529,10698752,42891,360.94482421875,1.8565305471420288,360.94482421875,1.8565305471420288,1027.818359375,0.0,89.90097045898438,0.46240729093551636,3.22096744145255,3.22096744145255,4.014915560161114,0.802250356997121
530,10718976,42974,367.925537109375,3.2244255542755127,367.925537109375,3.2244255542755127,1027.818359375,0.0,91.6396713256836,0.8031091690063477,3.22096744145255,3.22096744145255,4.014915560161114,0.802250356997121
531,10739200,43058,361.3399353027344,7.902089595794678,361.3399353027344,7.902089595794678,1027.818359375,0.0,89.9993896484375,1.96817946434021,3.22096744145255,3.22096744145255,4.014915560161114,0.802250356997121
532,10759424,43143,360.4461975097656,3.9919989109039307,360.4461975097656,3.9919989109039307,1027.818359375,0.0,89.77678680419922,0.9942887425422668,3.22096744145255,3.22096744145255,4.014915560161114,0.802250356997121
533,10779648,43226,354.2893981933594,2.9196808338165283,354.2893981933594,2.9196808338165283,1027.818359375,0.0,88.2432861328125,0.7272080779075623,3.22096744145255,3.22096744145255,4.014915560161114,0.802250356997121
534,10799872,43309,247.9280548095703,3.704646587371826,247.9280548095703,3.704646587371826,1057.0247802734375,0.0,60.045501708984375,0.8972251415252686,3.22096744145255,3.22096744145255,4.014915560161114,0.802250356997121
535,10820096,43392,363.4380187988281,4.062271595001221,363.4380187988281,4.062271595001221,1027.818359375,0.0,90.5219497680664,1.0117952823638916,3.22096744145255,3.22096744145255,4.014915560161114,0.802250356997121
536,10840320,43476,248.945556640625,2.391084909439087,248.945556640625,2.391084909439087,1057.0247802734375,0.0,60.29193115234375,0.5790940523147583,3.22096744145255,3.22096744145255,4.014915560161114,0.802250356997121
537,10860544,43560,246.68959045410156,1.408493161201477,246.68959045410156,1.408493161201477,1057.0247802734375,0.0,59.74555969238281,0.34112250804901123,3.22096744145255,3.22096744145255,4.014915560161114,0.802250356997121
538,10880768,43644,247.3500518798828,4.117800712585449,247.3500518798828,4.117800712585449,1057.0247802734375,0.0,59.905517578125,0.9972882866859436,3.22096744145255,3.22096744145255,4.014915560161114,0.802250356997121
539,10900992,43727,248.6898956298828,5.097745895385742,248.6898956298828,5.097745895385742,1057.0247802734375,0.0,60.230010986328125,1.234620213508606,3.22096744145255,3.22096744145255,4.014915560161114,0.802250356997121
540,10921216,43810,362.2220458984375,1.195133924484253,362.2220458984375,1.195133924484253,1027.818359375,0.0,90.2190933227539,0.29767072200775146,3.22096744145255,3.22096744145255,4.014915560161114,0.802250356997121
541,10941440,43894,360.2075500488281,3.389549970626831,360.2075500488281,3.389549970626831,1027.818359375,0.0,89.71735382080078,0.8442366123199463,3.22096744145255,3.22096744145255,4.014915560161114,0.802250356997121
542,10961664,43977,361.0583801269531,7.5548858642578125,361.0583801269531,7.5548858642578125,1027.818359375,0.0,89.92926025390625,1.88170325756073,3.22096744145255,3.22096744145255,4.014915560161114,0.802250356997121
543,10981888,44060,364.0854797363281,9.390022277832031,364.0854797363281,9.390022277832031,1027.818359375,0.0,90.6832275390625,2.3387789726257324,3.22096744145255,3.22096744145255,4.014915560161114,0.802250356997121
544,11002112,44143,360.4771423339844,6.8210296630859375,360.4771423339844,6.8210296630859375,1027.818359375,0.0,89.78449249267578,1.698918104171753,3.22096744145255,3.22096744145255,4.014915560161114,0.802250356997121
545,11022336,44228,357.4020690917969,5.082791805267334,357.4020690917969,5.082791805267334,1027.818359375,0.0,89.0185775756836,1.2659772634506226,3.22096744145255,3.22096744145255,4.014915560161114,0.802250356997121
546,11042560,44311,358.5863952636719,5.438616752624512,358.5863952636719,5.438616752624512,1027.818359375,0.0,89.31356048583984,1.3546034097671509,3.22096744145255,3.22096744145255,4.014915560161114,0.802250356997121
547,11062784,44394,361.1680603027344,0.934096097946167,361.1680603027344,0.934096097946167,1027.818359375,0.0,89.95657348632812,0.23265747725963593,3.22096744145255,3.22096744145255,4.014915560161114,0.802250356997121
548,11083008,44477,359.9920349121094,6.671263694763184,359.9920349121094,6.671263694763184,1027.818359375,0.0,89.66365814208984,1.6616206169128418,3.22096744145255,3.22096744145255,4.014915560161114,0.802250356997121
549,11103232,44561,360.68359375,3.3444249629974365,360.68359375,3.3444249629974365,1027.818359375,0.0,89.83590698242188,0.83299720287323,3.22096744145255,3.22096744145255,4.014915560161114,0.802250356997121
550,11123456,44645,366.3163146972656,0.8523972034454346,366.3163146972656,0.8523972034454346,1027.818359375,0.0,91.23886108398438,0.21230657398700714,3.22096744145255,3.22096744145255,4.014915560161114,0.802250356997121
551,11143680,44728,360.9619140625,5.367090225219727,360.9619140625,5.367090225219727,1027.818359375,0.0,89.90522003173828,1.3367884159088135,3.22096744145255,3.22096744145255,4.014915560161114,0.802250356997121
552,11163904,44811,364.8835144042969,2.5881831645965576,364.8835144042969,2.5881831645965576,1027.818359375,0.0,90.88198852539062,0.6446423530578613,3.22096744145255,3.22096744145255,4.014915560161114,0.802250356997121
553,11184128,44895,363.8025207519531,6.388991832733154,363.8025207519531,6.388991832733154,1027.818359375,0.0,90.61275482177734,1.5913143157958984,3.22096744145255,3.22096744145255,4.014915560161114,0.802250356997121
554,11204352,44979,363.51806640625,3.4356510639190674,363.51806640625,3.4356510639190674,1027.818359375,0.0,90.54190063476562,0.8557234406471252,3.22096744145255,3.22096744145255,4.014915560161114,0.802250356997121
555,11224576,45062,360.0945739746094,3.377798557281494,360.0945739746094,3.377798557281494,1027.818359375,0.0,89.689208984375,0.8413110971450806,3.22096744145255,3.22096744145255,4.014915560161114,0.802250356997121
556,11244800,45145,360.5882873535156,0.6870670914649963,360.5882873535156,0.6870670914649963,1027.818359375,0.0,89.81217193603516,0.17112722992897034,3.22096744145255,3.22096744145255,4.014915560161114,0.802250356997121
557,11265024,45228,366.017333984375,8.438445091247559,366.017333984375,8.438445091247559,1027.818359375,0.0,91.16439056396484,2.1017720699310303,3.22096744145255,3.22096744145255,4.014915560161114,0.802250356997121
558,11285248,45313,363.038818359375,6.630721092224121,363.038818359375,6.630721092224121,1027.818359375,0.0,90.42252349853516,1.6515215635299683,3.22096744145255,3.22096744145255,4.014915560161114,0.802250356997121
559,11305472,45396,361.9374084472656,6.938963413238525,361.9374084472656,6.938963413238525,1027.818359375,0.0,90.1482162475586,1.7282944917678833,3.22096744145255,3.22096744145255,4.014915560161114,0.802250356997121
560,11325696,45479,364.3216857910156,3.55465030670166,364.3216857910156,3.55465030670166,1027.818359375,0.0,90.7420654296875,0.8853657841682434,3.22096744145255,3.22096744145255,4.014915560161114,0.802250356997121
561,11345920,45562,361.885498046875,2.4819419384002686,361.885498046875,2.4819419384002686,1027.818359375,0.0,90.1352767944336,0.6181758642196655,3.22096744145255,3.22096744145255,4.014915560161114,0.802250356997121
562,11366144,45646,359.6573486328125,4.696596622467041,359.6573486328125,4.696596622467041,1027.818359375,0.0,89.5802993774414,1.1697876453399658,3.22096744145255,3.22096744145255,4.014915560161114,0.802250356997121
563,11386368,45729,361.1217346191406,4.470800399780273,361.1217346191406,4.470800399780273,1027.818359375,0.0,89.9450454711914,1.1135468482971191,3.22096744145255,3.22096744145255,4.014915560161114,0.802250356997121
564,11406592,45813,359.0164489746094,1.6397197246551514,359.0164489746094,1.6397197246551514,1027.818359375,0.0,89.4206771850586,0.40841007232666016,3.22096744145255,3.22096744145255,4.014915560161114,0.802250356997121
565,11426816,45895,363.3653869628906,6.836815357208252,363.3653869628906,6.836815357208252,1027.818359375,0.0,90.50386810302734,1.702856421470642,3.22096744145255,3.22096744145255,4.014915560161114,0.802250356997121
566,11447040,45979,359.7051696777344,4.647691249847412,359.7051696777344,4.647691249847412,1027.818359375,0.0,89.59221649169922,1.157609224319458,3.22096744145255,3.22096744145255,4.014915560161114,0.802250356997121
567,11467264,46062,360.6754455566406,5.073430061340332,360.6754455566406,5.073430061340332,1027.818359375,0.0,89.8338851928711,1.2636476755142212,3.22096744145255,3.22096744145255,4.014915560161114,0.802250356997121
568,11487488,46145,357.9695129394531,1.2443549633026123,357.9695129394531,1.2443549633026123,1027.818359375,0.0,89.15991973876953,0.3099324405193329,3.22096744145255,3.22096744145255,4.014915560161114,0.802250356997121
569,11507712,46228,365.7472229003906,0.7917818427085876,365.7472229003906,0.7917818427085876,1027.818359375,0.0,91.09711456298828,0.19721293449401855,3.22096744145255,3.22096744145255,4.014915560161114,0.802250356997121
570,11527936,46311,357.7704162597656,2.095508098602295,357.7704162597656,2.095508098602295,1027.818359375,0.0,89.11032104492188,0.5219309329986572,3.22096744145255,3.22096744145255,4.014915560161114,0.802250356997121
571,11548160,46396,248.0435333251953,3.419358015060425,248.0435333251953,3.419358015060425,1057.0247802734375,0.0,60.07346725463867,0.828133761882782,3.22096744145255,3.22096744145255,4.014915560161114,0.802250356997121
572,11568384,46480,245.38856506347656,3.1621110439300537,245.38856506347656,3.1621110439300537,1057.0247802734375,0.0,59.43046569824219,0.7658286690711975,3.22096744145255,3.22096744145255,4.014915560161114,0.802250356997121
573,11588608,46563,358.7748107910156,3.0784215927124023,358.7748107910156,3.0784215927124023,1027.818359375,0.0,89.3604965209961,0.7667471170425415,3.22096744145255,3.22096744145255,4.014915560161114,0.802250356997121
574,11608832,46646,360.3130187988281,0.8988823294639587,360.3130187988281,0.8988823294639587,1027.818359375,0.0,89.74361419677734,0.2238866686820984,3.22096744145255,3.22096744145255,4.014915560161114,0.802250356997121
575,11629056,46730,247.5379180908203,3.570885419845581,247.5379180908203,3.570885419845581,1057.0247802734375,0.0,59.95101547241211,0.8648297786712646,3.22096744145255,3.22096744145255,4.014915560161114,0.802250356997121
576,11649280,46814,364.3357238769531,2.0829875469207764,364.3357238769531,2.0829875469207764,1027.818359375,0.0,90.74556732177734,0.5188107490539551,3.22096744145255,3.22096744145255,4.014915560161114,0.802250356997121
577,11669504,46898,249.767822265625,3.1095588207244873,249.767822265625,3.1095588207244873,1057.0247802734375,0.0,60.49106979370117,0.7531004548072815,3.22096744145255,3.22096744145255,4.014915560161114,0.802250356997121
578,11689728,46981,361.6050109863281,1.826330542564392,361.6050109863281,1.826330542564392,1027.818359375,0.0,90.0654067993164,0.4548850357532501,3.22096744145255,3.22096744145255,4.014915560161114,0.802250356997121
579,11709952,47065,359.5770568847656,2.952542304992676,359.5770568847656,2.952542304992676,1027.818359375,0.0,89.560302734375,0.7353936433792114,3.22096744145255,3.22096744145255,4.014915560161114,0.802250356997121
580,11730176,47149,358.6769104003906,2.345039129257202,358.6769104003906,2.345039129257202,1027.818359375,0.0,89.33609771728516,0.584082305431366,3.22096744145255,3.22096744145255,4.014915560161114,0.802250356997121
581,11750400,47232,366.9226989746094,5.77907133102417,366.9226989746094,5.77907133102417,1027.818359375,0.0,91.389892578125,1.4394023418426514,3.22096744145255,3.22096744145255,4.014915560161114,0.802250356997121
582,11770624,47314,360.6112976074219,5.750456809997559,360.6112976074219,5.750456809997559,1027.818359375,0.0,89.81790161132812,1.4322733879089355,3.22096744145255,3.22096744145255,4.014915560161114,0.802250356997121
583,11790848,47397,361.0204162597656,4.277669429779053,361.0204162597656,4.277669429779053,1027.818359375,0.0,89.91980743408203,1.0654412508010864,3.22096744145255,3.22096744145255,4.014915560161114,0.802250356997121
584,11811072,47482,364.8193359375,3.1250991821289062,364.8193359375,3.1250991821289062,1027.818359375,0.0,90.86600494384766,0.7783748507499695,3.22096744145255,3.22096744145255,4.014915560161114,0.802250356997121
585,11831296,47565,359.0938415527344,1.783239483833313,359.0938415527344,1.783239483833313,1027.818359375,0.0,89.4399642944336,0.44415509700775146,3.22096744145255,3.22096744145255,4.014915560161114,0.802250356997121
586,11851520,47648,364.5107421875,6.0664825439453125,364.5107421875,6.0664825439453125,1027.818359375,0.0,90.78914642333984,1.510988712310791,3.22096744145255,3.22096744145255,4.014915560161114,0.802250356997121
587,11871744,47731,359.5223083496094,3.817401647567749,359.5223083496094,3.817401647567749,1027.818359375,0.0,89.54666900634766,0.9508044719696045,3.22096744145255,3.22096744145255,4.014915560161114,0.802250356997121
588,11891968,47815,362.8420715332031,3.565934419631958,362.8420715332031,3.565934419631958,1027.818359375,0.0,90.37352752685547,0.8881736993789673,3.22096744145255,3.22096744145255,4.014915560161114,0.802250356997121
589,11912192,47899,360.3497009277344,0.2572706341743469,360.3497009277344,0.2572706341743469,1027.818359375,0.0,89.75274658203125,0.06407532840967178,3.22096744145255,3.22096744145255,4.014915560161114,0.802250356997121
590,11932416,47982,361.2433166503906,10.293851852416992,361.2433166503906,10.293851852416992,1027.818359375,0.0,89.9753189086914,2.5639026165008545,3.22096744145255,3.22096744145255,4.014915560161114,0.802250356997121
591,11952640,48065,250.00144958496094,2.925551652908325,250.00144958496094,2.925551652908325,1057.0247802734375,0.0,60.54765319824219,0.7085356116294861,3.22096744145255,3.22096744145255,4.014915560161114,0.802250356997121
592,11972864,48150,361.1075744628906,4.686464309692383,361.1075744628906,4.686464309692383,1027.818359375,0.0,89.9415054321289,1.1672637462615967,3.22096744145255,3.22096744145255,4.014915560161114,0.802250356997121
593,11993088,48234,358.8681945800781,2.122422218322754,358.8681945800781,2.122422218322754,1027.818359375,0.0,89.38375091552734,0.528637170791626,3.22096744145255,3.22096744145255,4.014915560161114,0.802250356997121
594,12013312,48317,358.69091796875,3.4605324268341064,358.69091796875,3.4605324268341064,1027.818359375,0.0,89.33959197998047,0.8619191646575928,3.22096744145255,3.22096744145255,4.014915560161114,0.802250356997121
595,12033536,48400,367.0264587402344,7.216483116149902,367.0264587402344,7.216483116149902,1027.818359375,0.0,91.41573333740234,1.7974165678024292,3.22096744145255,3.22096744145255,4.014915560161114,0.802250356997121
596,12053760,48484,361.6479187011719,1.926168441772461,361.6479187011719,1.926168441772461,1027.818359375,0.0,90.07608795166016,0.47975632548332214,3.22096744145255,3.22096744145255,4.014915560161114,0.802250356997121
597,12073984,48569,250.5302734375,1.4275908470153809,250.5302734375,1.4275908470153809,1057.0247802734375,0.0,60.67573165893555,0.34574636816978455,3.22096744145255,3.22096744145255,4.014915560161114,0.802250356997121
598,12094208,48652,360.481689453125,2.4490206241607666,360.481689453125,2.4490206241607666,1027.818359375,0.0,89.7856216430664,0.6099819540977478,3.22096744145255,3.22096744145255,4.014915560161114,0.802250356997121
599,12114432,48735,246.9493408203125,4.448144912719727,246.9493408203125,4.448144912719727,1057.0247802734375,0.0,59.808467864990234,1.0772932767868042,3.22096744145255,3.22096744145255,4.014915560161114,0.802250356997121
600,12134656,48819,251.6666717529297,0.5843620896339417,251.6666717529297,0.5843620896339417,1057.0247802734375,0.0,60.95095443725586,0.14152729511260986,3.22096744145255,3.22096744145255,4.014915560161114,0.802250356997121
601,12154880,48902,248.1869354248047,0.9014561772346497,248.1869354248047,0.9014561772346497,1057.0247802734375,0.0,60.10820007324219,0.21832366287708282,3.22096744145255,3.22096744145255,4.014915560161114,0.802250356997121
602,12175104,48985,247.20228576660156,0.47942647337913513,247.20228576660156,0.47942647337913513,1057.0247802734375,0.0,59.86973190307617,0.11611253768205643,3.22096744145255,3.22096744145255,4.014915560161114,0.802250356997121
603,12195328,49068,359.1296691894531,6.722962856292725,359.1296691894531,6.722962856292725,1027.818359375,0.0,89.4488754272461,1.6744962930679321,3.22096744145255,3.22096744145255,4.014915560161114,0.802250356997121
604,12215552,49151,362.40283203125,5.897010326385498,362.40283203125,5.897010326385498,1027.818359375,0.0,90.26412200927734,1.4687778949737549,3.22096744145255,3.22096744145255,4.014915560161114,0.802250356997121
605,12235776,49235,361.7909240722656,2.7938201427459717,361.7909240722656,2.7938201427459717,1027.818359375,0.0,90.1117172241211,0.6958577632904053,3.22096744145255,3.22096744145255,4.014915560161114,0.802250356997121
606,12256000,49319,362.1930236816406,1.5991636514663696,362.1930236816406,1.5991636514663696,1027.818359375,0.0,90.21187591552734,0.39830318093299866,3.22096744145255,3.22096744145255,4.014915560161114,0.802250356997121
607,12276224,49402,361.779541015625,7.003948211669922,361.779541015625,7.003948211669922,1027.818359375,0.0,90.10887908935547,1.7444840669631958,3.22096744145255,3.22096744145255,4.014915560161114,0.802250356997121
608,12296448,49485,361.77783203125,2.7363288402557373,361.77783203125,2.7363288402557373,1027.818359375,0.0,90.10843658447266,0.6815423369407654,3.22096744145255,3.22096744145255,4.014915560161114,0.802250356997121
609,12316672,49568,359.3948669433594,1.152532935142517,359.3948669433594,1.152532935142517,1027.818359375,0.0,89.51492309570312,0.28705984354019165,3.22096744145255,3.22096744145255,4.014915560161114,0.802250356997121
610,12336896,49653,358.2793273925781,3.440330982208252,358.2793273925781,3.440330982208252,1027.818359375,0.0,89.2370834350586,0.8568887710571289,3.22096744145255,3.22096744145255,4.014915560161114,0.802250356997121
611,12357120,49736,361.6764221191406,3.135401725769043,361.6764221191406,3.135401725769043,1027.818359375,0.0,90.08319091796875,0.7809370756149292,3.22096744145255,3.22096744145255,4.014915560161114,0.802250356997121
612,12377344,49820,364.4981689453125,4.393364429473877,364.4981689453125,4.393364429473877,1027.818359375,0.0,90.7860107421875,1.0942648649215698,3.22096744145255,3.22096744145255,4.014915560161114,0.802250356997121
613,12397568,49902,366.245849609375,3.514493465423584,366.245849609375,3.514493465423584,1027.818359375,0.0,91.2213134765625,0.8753593564033508,3.22096744145255,3.22096744145255,4.014915560161114,0.802250356997121
614,12417792,49987,364.7680358886719,4.0871100425720215,364.7680358886719,4.0871100425720215,1027.818359375,0.0,90.85323333740234,1.0179816484451294,3.22096744145255,3.22096744145255,4.014915560161114,0.802250356997121
615,12438016,50070,357.9694519042969,4.202878475189209,357.9694519042969,4.202878475189209,1027.818359375,0.0,89.1598892211914,1.046818733215332,3.22096744145255,3.22096744145255,4.014915560161114,0.802250356997121
616,12458240,50154,359.2813415527344,4.33669376373291,359.2813415527344,4.33669376373291,1027.818359375,0.0,89.48663330078125,1.080146074295044,3.22096744145255,3.22096744145255,4.014915560161114,0.802250356997121
617,12478464,50237,362.517333984375,4.001043796539307,362.517333984375,4.001043796539307,1027.818359375,0.0,90.29265594482422,0.9965409636497498,3.22096744145255,3.22096744145255,4.014915560161114,0.802250356997121
618,12498688,50321,360.4342041015625,0.5102885365486145,360.4342041015625,0.5102885365486145,1027.818359375,0.0,89.77379608154297,0.12710076570510864,3.22096744145255,3.22096744145255,4.014915560161114,0.802250356997121
619,12518912,50405,363.52099609375,4.761633396148682,363.52099609375,4.761633396148682,1027.818359375,0.0,90.54263305664062,1.1859816312789917,3.22096744145255,3.22096744145255,4.014915560161114,0.802250356997121
620,12539136,50488,360.6443176269531,2.9174094200134277,360.6443176269531,2.9174094200134277,1027.818359375,0.0,89.82613372802734,0.7266433835029602,3.22096744145255,3.22096744145255,4.014915560161114,0.802250356997121
621,12559360,50570,362.5339050292969,2.848616600036621,362.5339050292969,2.848616600036621,1027.818359375,0.0,90.29676055908203,0.7095072865486145,3.22096744145255,3.22096744145255,4.014915560161114,0.802250356997121
622,12579584,50654,361.4984130859375,5.684023857116699,361.4984130859375,5.684023857116699,1027.818359375,0.0,90.03885650634766,1.4157253503799438,3.22096744145255,3.22096744145255,4.014915560161114,0.802250356997121
623,12599808,50738,361.6871032714844,0.5354095101356506,361.6871032714844,0.5354095101356506,1027.818359375,0.0,90.08585357666016,0.13335496187210083,3.22096744145255,3.22096744145255,4.014915560161114,0.802250356997121
624,12620032,50822,246.25682067871094,3.754298686981201,246.25682067871094,3.754298686981201,1057.0247802734375,0.0,59.6407470703125,0.9092486500740051,3.22096744145255,3.22096744145255,4.014915560161114,0.802250356997121
625,12640256,50905,250.21356201171875,5.835052013397217,250.21356201171875,5.835052013397217,1057.0247802734375,0.0,60.59902572631836,1.4131863117218018,3.22096744145255,3.22096744145255,4.014915560161114,0.802250356997121
626,12660480,50988,358.1864929199219,1.8141292333602905,358.1864929199219,1.8141292333602905,1027.818359375,0.0,89.21395111083984,0.451844722032547,3.22096744145255,3.22096744145255,4.014915560161114,0.802250356997121
627,12680704,51072,251.2694091796875,5.067411422729492,251.2694091796875,5.067411422729492,1057.0247802734375,0.0,60.854740142822266,1.2272717952728271,3.22096744145255,3.22096744145255,4.014915560161114,0.802250356997121
628,12700928,51155,245.6046905517578,4.625463485717773,245.6046905517578,4.625463485717773,1057.0247802734375,0.0,59.48280715942383,1.120235800743103,3.22096744145255,3.22096744145255,4.014915560161114,0.802250356997121
629,12721152,51239,361.6536865234375,4.00417423248291,361.6536865234375,4.00417423248291,1027.818359375,0.0,90.07752227783203,0.9973222017288208,3.22096744145255,3.22096744145255,4.014915560161114,0.802250356997121
630,12741376,51322,360.1122741699219,1.1089818477630615,360.1122741699219,1.1089818477630615,1027.818359375,0.0,89.69361114501953,0.2762116491794586,3.22096744145255,3.22096744145255,4.014915560161114,0.802250356997121
631,12761600,51406,360.2630615234375,2.856029987335205,360.2630615234375,2.856029987335205,1027.818359375,0.0,89.73117065429688,0.7113586664199829,3.22096744145255,3.22096744145255,4.014915560161114,0.802250356997121
632,12781824,51490,361.0904541015625,4.7962517738342285,361.0904541015625,4.7962517738342285,1027.818359375,0.0,89.9372329711914,1.194606900215149,3.22096744145255,3.22096744145255,4.014915560161114,0.802250356997121
633,12802048,51573,361.6391906738281,6.307109832763672,361.6391906738281,6.307109832763672,1027.818359375,0.0,90.07392120361328,1.5709173679351807,3.22096744145255,3.22096744145255,4.014915560161114,0.802250356997121
634,12822272,51656,360.2095642089844,2.7476344108581543,360.2095642089844,2.7476344108581543,1027.818359375,0.0,89.71784210205078,0.6843600273132324,3.22096744145255,3.22096744145255,4.014915560161114,0.802250356997121
635,12842496,51739,362.3678283691406,8.414562225341797,362.3678283691406,8.414562225341797,1027.818359375,0.0,90.25540924072266,2.095825672149658,3.22096744145255,3.22096744145255,4.014915560161114,0.802250356997121
636,12862720,51824,356.8814697265625,6.028486728668213,356.8814697265625,6.028486728668213,1027.818359375,0.0,88.888916015625,1.5015236139297485,3.22096744145255,3.22096744145255,4.014915560161114,0.802250356997121
637,12882944,51907,363.7254333496094,3.6232876777648926,363.7254333496094,3.6232876777648926,1027.818359375,0.0,90.59354400634766,0.9024532437324524,3.22096744145255,3.22096744145255,4.014915560161114,0.802250356997121
638,12903168,51991,366.0607604980469,5.975462436676025,366.0607604980469,5.975462436676025,1027.818359375,0.0,91.17520904541016,1.4883171319961548,3.22096744145255,3.22096744145255,4.014915560161114,0.802250356997121
639,12923392,52074,360.4640197753906,1.3402910232543945,360.4640197753906,1.3402910232543945,1027.818359375,0.0,89.7812271118164,0.33383041620254517,3.22096744145255,3.22096744145255,4.014915560161114,0.802250356997121
640,12943616,52158,362.471435546875,3.742518901824951,362.471435546875,3.742518901824951,1027.818359375,0.0,90.28121185302734,0.9321504831314087,3.22096744145255,3.22096744145255,4.014915560161114,0.802250356997121
641,12963840,52242,358.859619140625,4.55087947845459,358.859619140625,4.55087947845459,1027.818359375,0.0,89.3816146850586,1.1334909200668335,3.22096744145255,3.22096744145255,4.014915560161114,0.802250356997121
642,12984064,52325,364.7580261230469,4.3223137855529785,364.7580261230469,4.3223137855529785,1027.818359375,0.0,90.8507308959961,1.0765684843063354,3.22096744145255,3.22096744145255,4.014915560161114,0.802250356997121
643,13004288,52409,364.1678161621094,4.673036098480225,364.1678161621094,4.673036098480225,1027.818359375,0.0,90.70372772216797,1.1639177799224854,3.22096744145255,3.22096744145255,4.014915560161114,0.802250356997121
644,13024512,52493,358.8768310546875,8.504104614257812,358.8768310546875,8.504104614257812,1027.818359375,0.0,89.38589477539062,2.1181254386901855,3.22096744145255,3.22096744145255,4.014915560161114,0.802250356997121
645,13044736,52577,358.8316345214844,1.0095100402832031,358.8316345214844,1.0095100402832031,1027.818359375,0.0,89.37464141845703,0.2514367997646332,3.22096744145255,3.22096744145255,4.014915560161114,0.802250356997121
646,13064960,52660,359.23291015625,5.798707962036133,359.23291015625,5.798707962036133,1027.818359375,0.0,89.4745864868164,1.4442914724349976,3.22096744145255,3.22096744145255,4.014915560161114,0.802250356997121
647,13085184,52743,360.6839294433594,3.645880937576294,360.6839294433594,3.645880937576294,1027.818359375,0.0,89.83599853515625,0.9080799221992493,3.22096744145255,3.22096744145255,4.014915560161114,0.802250356997121
648,13105408,52826,359.4356384277344,2.8279306888580322,359.4356384277344,2.8279306888580322,1027.818359375,0.0,89.52507781982422,0.7043555378913879,3.22096744145255,3.22096744145255,4.014915560161114,0.802250356997121
649,13125632,52911,363.2640075683594,4.485799789428711,363.2640075683594,4.485799789428711,1027.818359375,0.0,90.4786148071289,1.1172840595245361,3.22096744145255,3.22096744145255,4.014915560161114,0.802250356997121
650,13145856,52994,359.2237243652344,2.6314244270324707,359.2237243652344,2.6314244270324707,1027.818359375,0.0,89.4722900390625,0.65541672706604,3.22096744145255,3.22096744145255,4.014915560161114,0.802250356997121
651,13166080,53077,364.1278991699219,2.4491212368011475,364.1278991699219,2.4491212368011475,1027.818359375,0.0,90.69378662109375,0.6100068092346191,3.22096744145255,3.22096744145255,4.014915560161114,0.802250356997121
652,13186304,53160,360.0573425292969,2.1253502368927,360.0573425292969,2.1253502368927,1027.818359375,0.0,89.679931640625,0.5293589234352112,3.22096744145255,3.22096744145255,4.014915560161114,0.802250356997121
653,13206528,53244,360.7006530761719,6.249029159545898,360.7006530761719,6.249029159545898,1027.818359375,0.0,89.84015655517578,1.5564519166946411,3.22096744145255,3.22096744145255,4.014915560161114,0.802250356997121
654,13226752,53327,362.1513671875,6.018799304962158,362.1513671875,6.018799304962158,1027.818359375,0.0,90.20148468017578,1.499113917350769,3.22096744145255,3.22096744145255,4.014915560161114,0.802250356997121
655,13246976,53411,362.6639709472656,1.5951189994812012,362.6639709472656,1.5951189994812012,1027.818359375,0.0,90.32916259765625,0.39729976654052734,3.22096744145255,3.22096744145255,4.014915560161114,0.802250356997121
656,13267200,53495,358.4306640625,2.6945385932922363,358.4306640625,2.6945385932922363,1027.818359375,0.0,89.2747573852539,0.6711334586143494,3.22096744145255,3.22096744145255,4.014915560161114,0.802250356997121
657,13287424,53579,358.8492431640625,3.986480951309204,358.8492431640625,3.986480951309204,1027.818359375,0.0,89.3790283203125,0.9929165244102478,3.22096744145255,3.22096744145255,4.014915560161114,0.802250356997121
658,13307648,53662,362.6875305175781,0.8861561417579651,362.6875305175781,0.8861561417579651,1027.818359375,0.0,90.33504486083984,0.22071576118469238,3.22096744145255,3.22096744145255,4.014915560161114,0.802250356997121
659,13327872,53745,364.5591735839844,5.369041919708252,364.5591735839844,5.369041919708252,1027.818359375,0.0,90.80120849609375,1.3372732400894165,3.22096744145255,3.22096744145255,4.014915560161114,0.802250356997121
660,13348096,53828,356.8518981933594,5.350135803222656,356.8518981933594,5.350135803222656,1027.818359375,0.0,88.88153839111328,1.332565188407898,3.22096744145255,3.22096744145255,4.014915560161114,0.802250356997121
661,13368320,53911,361.4733581542969,2.9761037826538086,361.4733581542969,2.9761037826538086,1027.818359375,0.0,90.0326156616211,0.741260826587677,3.22096744145255,3.22096744145255,4.014915560161114,0.802250356997121
662,13388544,53996,360.348388671875,0.9871113300323486,360.348388671875,0.9871113300323486,1027.818359375,0.0,89.7524185180664,0.24586065113544464,3.22096744145255,3.22096744145255,4.014915560161114,0.802250356997121
663,13408768,54079,363.9112243652344,7.168504238128662,363.9112243652344,7.168504238128662,1027.818359375,0.0,90.63980865478516,1.7854695320129395,3.22096744145255,3.22096744145255,4.014915560161114,0.802250356997121
664,13428992,54162,361.1738586425781,6.750672817230225,361.1738586425781,6.750672817230225,1027.818359375,0.0,89.9580307006836,1.6813963651657104,3.22096744145255,3.22096744145255,4.014915560161114,0.802250356997121
665,13449216,54245,251.04644775390625,2.1706113815307617,251.04644775390625,2.1706113815307617,1057.0247802734375,0.0,60.80073928833008,0.5256980657577515,3.22096744145255,3.22096744145255,4.014915560161114,0.802250356997121
666,13469440,54328,358.467529296875,7.565837383270264,358.467529296875,7.565837383270264,1027.818359375,0.0,89.28394317626953,1.8844329118728638,3.22096744145255,3.22096744145255,4.014915560161114,0.802250356997121
667,13489664,54411,363.2680969238281,1.9575127363204956,363.2680969238281,1.9575127363204956,1027.818359375,0.0,90.47964477539062,0.48756173253059387,3.22096744145255,3.22096744145255,4.014915560161114,0.802250356997121
668,13509888,54494,362.3580322265625,0.9170196652412415,362.3580322265625,0.9170196652412415,1027.818359375,0.0,90.25296783447266,0.22840093076229095,3.22096744145255,3.22096744145255,4.014915560161114,0.802250356997121
669,13530112,54578,360.4637756347656,5.506598472595215,360.4637756347656,5.506598472595215,1027.818359375,0.0,89.78115844726562,1.3715362548828125,3.22096744145255,3.22096744145255,4.014915560161114,0.802250356997121
670,13550336,54662,360.142333984375,4.9006733894348145,360.142333984375,4.9006733894348145,1027.818359375,0.0,89.70108795166016,1.2206155061721802,3.22096744145255,3.22096744145255,4.014915560161114,0.802250356997121
671,13570560,54745,359.3647766113281,8.276881217956543,359.3647766113281,8.276881217956543,1027.818359375,0.0,89.5074234008789,2.061532735824585,3.22096744145255,3.22096744145255,4.014915560161114,0.802250356997121
672,13590784,54828,360.1626281738281,4.724483489990234,360.1626281738281,4.724483489990234,1027.818359375,0.0,89.7061538696289,1.176734447479248,3.432088080961191,3.432088080961191,4.014915560161114,0.8548344366234852
673,13611008,54910,362.171630859375,7.936961650848389,362.171630859375,7.936961650848389,1027.818359375,0.0,90.20654296875,1.9768691062927246,3.432088080961191,3.432088080961191,4.014915560161114,0.8548344366234852
674,13631232,54994,359.3836364746094,3.9424586296081543,359.3836364746094,3.9424586296081543,1027.818359375,0.0,89.51212310791016,0.9819525480270386,3.432088080961191,3.432088080961191,4.014915560161114,0.8548344366234852
675,13651456,55078,359.7055358886719,1.4159049987792969,359.7055358886719,1.4159049987792969,1027.818359375,0.0,89.5923080444336,0.3526652753353119,3.432088080961191,3.432088080961191,4.014915560161114,0.8548344366234852
676,13671680,55161,363.2931213378906,5.874209403991699,363.2931213378906,5.874209403991699,1027.818359375,0.0,90.4858627319336,1.463095784187317,3.432088080961191,3.432088080961191,4.014915560161114,0.8548344366234852
677,13691904,55244,361.5330505371094,5.450864791870117,361.5330505371094,5.450864791870117,1027.818359375,0.0,90.04747772216797,1.3576538562774658,3.432088080961191,3.432088080961191,4.014915560161114,0.8548344366234852
678,13712128,55327,247.071044921875,4.210818767547607,247.071044921875,4.210818767547607,1057.0247802734375,0.0,59.83794021606445,1.0198140144348145,3.432088080961191,3.432088080961191,4.014915560161114,0.8548344366234852
679,13732352,55411,360.9578857421875,4.852818012237549,360.9578857421875,4.852818012237549,1027.818359375,0.0,89.90423583984375,1.2086948156356812,3.432088080961191,3.432088080961191,4.014915560161114,0.8548344366234852
680,13752576,55494,361.6291809082031,1.0676907300949097,361.6291809082031,1.0676907300949097,1027.818359375,0.0,90.0714340209961,0.26592782139778137,3.432088080961191,3.432088080961191,4.014915560161114,0.8548344366234852
681,13772800,55577,364.7761535644531,5.280427932739258,364.7761535644531,5.280427932739258,1027.818359375,0.0,90.8552474975586,1.315202236175537,3.432088080961191,3.432088080961191,4.014915560161114,0.8548344366234852
682,13793024,55660,365.6921691894531,7.438401699066162,365.6921691894531,7.438401699066162,1027.818359375,0.0,91.08340454101562,1.852691411972046,3.432088080961191,3.432088080961191,4.014915560161114,0.8548344366234852
683,13813248,55744,363.9329528808594,3.784092903137207,363.9329528808594,3.784092903137207,1027.818359375,0.0,90.64523315429688,0.9425094127655029,3.432088080961191,3.432088080961191,4.014915560161114,0.8548344366234852
684,13833472,55828,359.3981628417969,4.117814540863037,359.3981628417969,4.117814540863037,1027.818359375,0.0,89.5157470703125,1.0256285667419434,3.432088080961191,3.432088080961191,4.014915560161114,0.8548344366234852
685,13853696,55910,365.7049865722656,4.920380592346191,365.7049865722656,4.920380592346191,1027.818359375,0.0,91.08658599853516,1.225527286529541,3.432088080961191,3.432088080961191,4.014915560161114,0.8548344366234852
686,13873920,55993,360.1921691894531,3.9742143154144287,360.1921691894531,3.9742143154144287,1027.818359375,0.0,89.7135238647461,0.9898619651794434,3.432088080961191,3.432088080961191,4.014915560161114,0.8548344366234852
687,13894144,56077,365.136962890625,2.943793535232544,365.136962890625,2.943793535232544,1027.818359375,0.0,90.94510650634766,0.7332106828689575,3.432088080961191,3.432088080961191,4.014915560161114,0.8548344366234852
688,13914368,56160,357.6053771972656,4.362771987915039,357.6053771972656,4.362771987915039,1027.818359375,0.0,89.0692138671875,1.0866416692733765,3.432088080961191,3.432088080961191,4.014915560161114,0.8548344366234852
689,13934592,56243,362.9858093261719,1.9538962841033936,362.9858093261719,1.9538962841033936,1027.818359375,0.0,90.4093246459961,0.48666107654571533,3.432088080961191,3.432088080961191,4.014915560161114,0.8548344366234852
690,13954816,56325,362.5302734375,2.841120719909668,362.5302734375,2.841120719909668,1027.818359375,0.0,90.29586791992188,0.7076401114463806,3.432088080961191,3.432088080961191,4.014915560161114,0.8548344366234852
691,13975040,56408,360.3570251464844,4.257282733917236,360.3570251464844,4.257282733917236,1027.818359375,0.0,89.75457763671875,1.0603671073913574,3.432088080961191,3.432088080961191,4.014915560161114,0.8548344366234852
692,13995264,56492,364.8934020996094,3.517878532409668,364.8934020996094,3.517878532409668,1027.818359375,0.0,90.88445281982422,0.8762056827545166,3.432088080961191,3.432088080961191,4.014915560161114,0.8548344366234852
693,14015488,56575,362.0018310546875,2.9766368865966797,362.0018310546875,2.9766368865966797,1027.818359375,0.0,90.16424560546875,0.7413971424102783,3.432088080961191,3.432088080961191,4.014915560161114,0.8548344366234852
694,14035712,56658,361.2593688964844,9.644067764282227,361.2593688964844,9.644067764282227,1027.818359375,0.0,89.97931671142578,2.4020590782165527,3.432088080961191,3.432088080961191,4.014915560161114,0.8548344366234852
695,14055936,56742,360.4598693847656,3.3499391078948975,360.4598693847656,3.3499391078948975,1027.818359375,0.0,89.78018951416016,0.834374189376831,3.432088080961191,3.432088080961191,4.014915560161114,0.8548344366234852
696,14076160,56826,358.904296875,6.915009021759033,358.904296875,6.915009021759033,1027.818359375,0.0,89.39273834228516,1.7223299741744995,3.432088080961191,3.432088080961191,4.014915560161114,0.8548344366234852
697,14096384,56909,358.6817932128906,1.869830846786499,358.6817932128906,1.869830846786499,1027.818359375,0.0,89.33731842041016,0.4657169580459595,3.432088080961191,3.432088080961191,4.014915560161114,0.8548344366234852
698,14116608,56992,361.3203125,2.256248950958252,361.3203125,2.256248950958252,1027.818359375,0.0,89.9944839477539,0.5619652271270752,3.432088080961191,3.432088080961191,4.014915560161114,0.8548344366234852
699,14136832,57075,363.60205078125,2.870732069015503,363.60205078125,2.870732069015503,1027.818359375,0.0,90.56282806396484,0.7150180339813232,3.432088080961191,3.432088080961191,4.014915560161114,0.8548344366234852
700,14157056,57159,362.2361145019531,1.216247797012329,362.2361145019531,1.216247797012329,1027.818359375,0.0,90.22260284423828,0.30293360352516174,3.432088080961191,3.432088080961191,4.014915560161114,0.8548344366234852
701,14177280,57244,364.5487365722656,1.231021523475647,364.5487365722656,1.231021523475647,1027.818359375,0.0,90.7986068725586,0.30661043524742126,3.432088080961191,3.432088080961191,4.014915560161114,0.8548344366234852
702,14197504,57327,362.0447998046875,3.0895307064056396,362.0447998046875,3.0895307064056396,1027.818359375,0.0,90.1749496459961,0.769511878490448,3.432088080961191,3.432088080961191,4.014915560161114,0.8548344366234852
703,14217728,57411,359.9411315917969,3.0466041564941406,359.9411315917969,3.0466041564941406,1027.818359375,0.0,89.6509780883789,0.7588214874267578,3.432088080961191,3.432088080961191,4.014915560161114,0.8548344366234852
704,14237952,57495,360.7476501464844,5.455048561096191,360.7476501464844,5.455048561096191,1027.818359375,0.0,89.85186767578125,1.3586958646774292,3.432088080961191,3.432088080961191,4.014915560161114,0.8548344366234852
705,14258176,57579,363.6404113769531,3.7878613471984863,363.6404113769531,3.7878613471984863,1027.818359375,0.0,90.57238006591797,0.9434512257575989,3.432088080961191,3.432088080961191,4.014915560161114,0.8548344366234852
706,14278400,57663,361.981201171875,1.072104811668396,361.981201171875,1.072104811668396,1027.818359375,0.0,90.15909576416016,0.2670306861400604,3.432088080961191,3.432088080961191,4.014915560161114,0.8548344366234852
707,14298624,57746,358.8600158691406,4.806685924530029,358.8600158691406,4.806685924530029,1027.818359375,0.0,89.3817138671875,1.1972078084945679,3.432088080961191,3.432088080961191,4.014915560161114,0.8548344366234852
708,14318848,57829,363.4094543457031,3.283413887023926,363.4094543457031,3.283413887023926,1027.818359375,0.0,90.51483917236328,0.8178008198738098,3.432088080961191,3.432088080961191,4.014915560161114,0.8548344366234852
709,14339072,57914,356.95751953125,0.21292905509471893,356.95751953125,0.21292905509471893,1027.818359375,0.0,88.9078598022461,0.05303434282541275,3.432088080961191,3.432088080961191,4.014915560161114,0.8548344366234852
710,14359296,57997,363.760009765625,3.2745108604431152,363.760009765625,3.2745108604431152,1027.818359375,0.0,90.6021499633789,0.8155868053436279,3.432088080961191,3.432088080961191,4.014915560161114,0.8548344366234852
711,14379520,58080,367.5634765625,6.240865230560303,367.5634765625,6.240865230560303,1027.818359375,0.0,91.54949188232422,1.554420828819275,3.432088080961191,3.432088080961191,4.014915560161114,0.8548344366234852
712,14399744,58163,361.5535583496094,0.955677330493927,361.5535583496094,0.955677330493927,1027.818359375,0.0,90.0525894165039,0.23803271353244781,3.432088080961191,3.432088080961191,4.014915560161114,0.8548344366234852
713,14419968,58247,360.966552734375,2.4764788150787354,360.966552734375,2.4764788150787354,1027.818359375,0.0,89.9063949584961,0.6168180108070374,3.432088080961191,3.432088080961191,4.014915560161114,0.8548344366234852
714,14440192,58331,362.2734069824219,3.2719569206237793,362.2734069824219,3.2719569206237793,1027.818359375,0.0,90.23188018798828,0.8149500489234924,3.432088080961191,3.432088080961191,4.014915560161114,0.8548344366234852
715,14460416,58413,359.8327941894531,4.301476001739502,359.8327941894531,4.301476001739502,1027.818359375,0.0,89.6240005493164,1.071374535560608,3.432088080961191,3.432088080961191,4.014915560161114,0.8548344366234852
716,14480640,58496,360.8328857421875,2.292741060256958,360.8328857421875,2.292741060256958,1027.818359375,0.0,89.87308502197266,0.5710538029670715,3.432088080961191,3.432088080961191,4.014915560161114,0.8548344366234852
717,14500864,58579,363.6673278808594,3.265547513961792,363.6673278808594,3.265547513961792,1027.818359375,0.0,90.57907104492188,0.8133552074432373,3.432088080961191,3.432088080961191,4.014915560161114,0.8548344366234852
718,14521088,58663,359.9831237792969,3.948119640350342,359.9831237792969,3.948119640350342,1027.818359375,0.0,89.66143798828125,0.9833595156669617,3.432088080961191,3.432088080961191,4.014915560161114,0.8548344366234852
719,14541312,58746,360.5595703125,2.820091962814331,360.5595703125,2.820091962814331,1027.818359375,0.0,89.8050308227539,0.7024036049842834,3.432088080961191,3.432088080961191,4.014915560161114,0.8548344366234852
720,14561536,58829,360.954345703125,4.000259876251221,360.954345703125,4.000259876251221,1027.818359375,0.0,89.9033432006836,0.9963518381118774,3.432088080961191,3.432088080961191,4.014915560161114,0.8548344366234852
721,14581760,58913,357.8260498046875,6.830517292022705,357.8260498046875,6.830517292022705,1027.818359375,0.0,89.12418365478516,1.70128333568573,3.432088080961191,3.432088080961191,4.014915560161114,0.8548344366234852
722,14601984,58997,360.3357238769531,3.059685230255127,360.3357238769531,3.059685230255127,1027.818359375,0.0,89.749267578125,0.7620804905891418,3.432088080961191,3.432088080961191,4.014915560161114,0.8548344366234852
723,14622208,59080,361.861328125,8.123966217041016,361.861328125,8.123966217041016,1027.818359375,0.0,90.1292495727539,2.0234479904174805,3.432088080961191,3.432088080961191,4.014915560161114,0.8548344366234852
724,14642432,59163,361.1741638183594,3.1157515048980713,361.1741638183594,3.1157515048980713,1027.818359375,0.0,89.95809936523438,0.7760449647903442,3.432088080961191,3.432088080961191,4.014915560161114,0.8548344366234852
725,14662656,59246,359.517333984375,3.6070189476013184,359.517333984375,3.6070189476013184,1027.818359375,0.0,89.5454330444336,0.8984014987945557,3.432088080961191,3.432088080961191,4.014915560161114,0.8548344366234852
726,14682880,59330,360.2281494140625,3.6897385120391846,360.2281494140625,3.6897385120391846,1027.818359375,0.0,89.72247314453125,0.919008731842041,3.432088080961191,3.432088080961191,4.014915560161114,0.8548344366234852
727,14703104,59414,355.6549987792969,4.1543097496032715,355.6549987792969,4.1543097496032715,1027.818359375,0.0,88.58343505859375,1.0347181558609009,3.432088080961191,3.432088080961191,4.014915560161114,0.8548344366234852
728,14723328,59496,361.9892578125,3.667538642883301,361.9892578125,3.667538642883301,1027.818359375,0.0,90.1611099243164,0.9134788513183594,3.432088080961191,3.432088080961191,4.014915560161114,0.8548344366234852
729,14743552,59579,362.8025817871094,2.8843648433685303,362.8025817871094,2.8843648433685303,1027.818359375,0.0,90.36368560791016,0.7184136509895325,3.432088080961191,3.432088080961191,4.014915560161114,0.8548344366234852
730,14763776,59662,359.1351623535156,5.496102333068848,359.1351623535156,5.496102333068848,1027.818359375,0.0,89.45023345947266,1.3689228296279907,3.432088080961191,3.432088080961191,4.014915560161114,0.8548344366234852
731,14784000,59746,366.709228515625,2.1442739963531494,366.709228515625,2.1442739963531494,1027.818359375,0.0,91.33672332763672,0.5340749025344849,3.432088080961191,3.432088080961191,4.014915560161114,0.8548344366234852
732,14804224,59829,358.4893493652344,1.582111120223999,358.4893493652344,1.582111120223999,1027.818359375,0.0,89.28939056396484,0.39406293630599976,3.432088080961191,3.432088080961191,4.014915560161114,0.8548344366234852
733,14824448,59912,357.5962829589844,3.272538900375366,357.5962829589844,3.272538900375366,1027.818359375,0.0,89.06695556640625,0.8150972723960876,3.432088080961191,3.432088080961191,4.014915560161114,0.8548344366234852
734,14844672,59996,363.6764221191406,4.182243347167969,363.6764221191406,4.182243347167969,1027.818359375,0.0,90.58133697509766,1.0416723489761353,3.432088080961191,3.432088080961191,4.014915560161114,0.8548344366234852
735,14864896,60081,361.4290771484375,5.356097221374512,361.4290771484375,5.356097221374512,1027.818359375,0.0,90.0215835571289,1.3340492248535156,3.432088080961191,3.432088080961191,4.014915560161114,0.8548344366234852
736,14885120,60165,360.2823486328125,3.890577793121338,360.2823486328125,3.890577793121338,1027.818359375,0.0,89.73596954345703,0.9690300226211548,3.432088080961191,3.432088080961191,4.014915560161114,0.8548344366234852
737,14905344,60248,361.1886291503906,4.057415962219238,361.1886291503906,4.057415962219238,1027.818359375,0.0,89.96170806884766,1.0105878114700317,3.432088080961191,3.432088080961191,4.014915560161114,0.8548344366234852
738,14925568,60332,360.9564514160156,1.7706561088562012,360.9564514160156,1.7706561088562012,1027.818359375,0.0,89.90386962890625,0.44101881980895996,3.432088080961191,3.432088080961191,4.014915560161114,0.8548344366234852
739,14945792,60416,364.0055236816406,4.363949298858643,364.0055236816406,4.363949298858643,1027.818359375,0.0,90.66329956054688,1.0869370698928833,3.432088080961191,3.432088080961191,4.014915560161114,0.8548344366234852
740,14966016,60500,359.6291198730469,4.778602123260498,359.6291198730469,4.778602123260498,1027.818359375,0.0,89.5732650756836,1.1902167797088623,3.432088080961191,3.432088080961191,4.014915560161114,0.8548344366234852
741,14986240,60583,361.4334411621094,3.042285442352295,361.4334411621094,3.042285442352295,1027.818359375,0.0,90.02267456054688,0.7577434778213501,3.432088080961191,3.432088080961191,4.014915560161114,0.8548344366234852
742,15006464,60666,363.005615234375,1.9031771421432495,363.005615234375,1.9031771421432495,1027.818359375,0.0,90.41426849365234,0.47402727603912354,3.432088080961191,3.432088080961191,4.014915560161114,0.8548344366234852
743,15026688,60749,361.3023681640625,4.498180866241455,361.3023681640625,4.498180866241455,1027.818359375,0.0,89.99002838134766,1.1203662157058716,3.432088080961191,3.432088080961191,4.014915560161114,0.8548344366234852
744,15046912,60833,362.1334533691406,5.939468860626221,362.1334533691406,5.939468860626221,1027.818359375,0.0,90.197021484375,1.4793545007705688,3.432088080961191,3.432088080961191,4.014915560161114,0.8548344366234852
745,15067136,60915,363.6418151855469,4.524752140045166,363.6418151855469,4.524752140045166,1027.818359375,0.0,90.57271575927734,1.1269811391830444,3.432088080961191,3.432088080961191,4.014915560161114,0.8548344366234852
746,15087360,60999,364.4296875,5.131363391876221,364.4296875,5.131363391876221,1027.818359375,0.0,90.76895141601562,1.278078556060791,3.432088080961191,3.432088080961191,4.014915560161114,0.8548344366234852
747,15107584,61082,363.028564453125,3.1644740104675293,363.028564453125,3.1644740104675293,1027.818359375,0.0,90.41998291015625,0.7881804704666138,3.432088080961191,3.432088080961191,4.014915560161114,0.8548344366234852
748,15127808,61166,360.6026611328125,5.133876800537109,360.6026611328125,5.133876800537109,1027.818359375,0.0,89.81575775146484,1.2787035703659058,3.432088080961191,3.432088080961191,4.014915560161114,0.8548344366234852
749,15148032,61250,362.021728515625,2.7192981243133545,362.021728515625,2.7192981243133545,1027.818359375,0.0,90.16919708251953,0.6773003339767456,3.432088080961191,3.432088080961191,4.014915560161114,0.8548344366234852
750,15168256,61332,362.2789611816406,4.6022467613220215,362.2789611816406,4.6022467613220215,1027.818359375,0.0,90.2332763671875,1.1462904214859009,3.432088080961191,3.432088080961191,4.014915560161114,0.8548344366234852
751,15188480,61415,360.8597412109375,3.210418701171875,360.8597412109375,3.210418701171875,1027.818359375,0.0,89.8797836303711,0.7996249198913574,3.432088080961191,3.432088080961191,4.014915560161114,0.8548344366234852
752,15208704,61500,361.9659118652344,4.901943683624268,361.9659118652344,4.901943683624268,1027.818359375,0.0,90.1552963256836,1.2209341526031494,3.432088080961191,3.432088080961191,4.014915560161114,0.8548344366234852
753,15228928,61583,362.5528564453125,4.307491302490234,362.5528564453125,4.307491302490234,1027.818359375,0.0,90.3014907836914,1.0728703737258911,3.432088080961191,3.432088080961191,4.014915560161114,0.8548344366234852
754,15249152,61666,364.0396728515625,5.9270429611206055,364.0396728515625,5.9270429611206055,1027.818359375,0.0,90.67181396484375,1.4762539863586426,3.432088080961191,3.432088080961191,4.014915560161114,0.8548344366234852
755,15269376,61749,361.2066955566406,1.3129338026046753,361.2066955566406,1.3129338026046753,1027.818359375,0.0,89.96619415283203,0.3270159661769867,3.432088080961191,3.432088080961191,4.014915560161114,0.8548344366234852
756,15289600,61833,365.3473815917969,5.783186435699463,365.3473815917969,5.783186435699463,1027.818359375,0.0,90.99752044677734,1.4404252767562866,3.432088080961191,3.432088080961191,4.014915560161114,0.8548344366234852
757,15309824,61916,362.1109924316406,0.5263934135437012,362.1109924316406,0.5263934135437012,1027.818359375,0.0,90.19143676757812,0.13110724091529846,3.432088080961191,3.432088080961191,4.014915560161114,0.8548344366234852
758,15330048,61999,365.6439208984375,3.0839056968688965,365.6439208984375,3.0839056968688965,1027.818359375,0.0,91.0713882446289,0.7681127786636353,3.432088080961191,3.432088080961191,4.014915560161114,0.8548344366234852
759,15350272,62083,364.8966369628906,2.881779193878174,364.8966369628906,2.881779193878174,1027.818359375,0.0,90.88525390625,0.7177699208259583,3.432088080961191,3.432088080961191,4.014915560161114,0.8548344366234852
760,15370496,62167,365.7997741699219,4.09299373626709,365.7997741699219,4.09299373626709,1027.818359375,0.0,91.11019897460938,1.0194478034973145,3.432088080961191,3.432088080961191,4.014915560161114,0.8548344366234852
761,15390720,62251,367.163330078125,3.2100112438201904,367.163330078125,3.2100112438201904,1027.818359375,0.0,91.4498291015625,0.79952073097229,3.432088080961191,3.432088080961191,4.014915560161114,0.8548344366234852
762,15410944,62334,360.9797058105469,2.517216444015503,360.9797058105469,2.517216444015503,1027.818359375,0.0,89.90966033935547,0.6269673109054565,3.432088080961191,3.432088080961191,4.014915560161114,0.8548344366234852
763,15431168,62416,366.6027526855469,3.860734224319458,366.6027526855469,3.860734224319458,1027.818359375,0.0,91.3102035522461,0.9616015553474426,3.432088080961191,3.432088080961191,4.014915560161114,0.8548344366234852
764,15451392,62499,366.3467712402344,1.1867226362228394,366.3467712402344,1.1867226362228394,1027.818359375,0.0,91.2464370727539,0.2955798804759979,3.432088080961191,3.432088080961191,4.014915560161114,0.8548344366234852
765,15471616,62583,361.6289367675781,5.324671745300293,361.6289367675781,5.324671745300293,1027.818359375,0.0,90.07137298583984,1.3262220621109009,3.432088080961191,3.432088080961191,4.014915560161114,0.8548344366234852
766,15491840,62667,363.6178894042969,2.346637010574341,363.6178894042969,2.346637010574341,1027.818359375,0.0,90.5667495727539,0.5844818949699402,3.432088080961191,3.432088080961191,4.014915560161114,0.8548344366234852
767,15512064,62750,360.0325622558594,3.8003437519073486,360.0325622558594,3.8003437519073486,1027.818359375,0.0,89.67375946044922,0.9465560913085938,3.432088080961191,3.432088080961191,4.014915560161114,0.8548344366234852
768,15532288,62833,365.0861511230469,1.6662040948867798,365.0861511230469,1.6662040948867798,1027.818359375,0.0,90.93245697021484,0.4150029420852661,3.432088080961191,3.432088080961191,4.014915560161114,0.8548344366234852
769,15552512,62917,364.1640625,3.1054396629333496,364.1640625,3.1054396629333496,1027.818359375,0.0,90.70279693603516,0.7734758257865906,3.432088080961191,3.432088080961191,4.014915560161114,0.8548344366234852
770,15572736,63001,357.3984375,4.109816551208496,357.3984375,4.109816551208496,1027.818359375,0.0,89.01766967773438,1.0236358642578125,3.432088080961191,3.432088080961191,4.014915560161114,0.8548344366234852
771,15592960,63083,358.1495056152344,5.277046203613281,358.1495056152344,5.277046203613281,1027.818359375,0.0,89.20474243164062,1.3143624067306519,3.432088080961191,3.432088080961191,4.014915560161114,0.8548344366234852
772,15613184,63167,361.8051452636719,5.7126359939575195,361.8051452636719,5.7126359939575195,1027.818359375,0.0,90.11524200439453,1.4228546619415283,3.432088080961191,3.432088080961191,4.014915560161114,0.8548344366234852
773,15633408,63250,361.263671875,2.781285047531128,361.263671875,2.781285047531128,1027.818359375,0.0,89.98038482666016,0.6927395462989807,3.432088080961191,3.432088080961191,4.014915560161114,0.8548344366234852
774,15653632,63335,362.1659240722656,5.326363563537598,362.1659240722656,5.326363563537598,1027.818359375,0.0,90.20511627197266,1.3266479969024658,3.432088080961191,3.432088080961191,4.014915560161114,0.8548344366234852
775,15673856,63417,362.0342712402344,3.987905502319336,362.0342712402344,3.987905502319336,1027.818359375,0.0,90.17232513427734,0.9932740926742554,3.432088080961191,3.432088080961191,4.014915560161114,0.8548344366234852
776,15694080,63500,360.1013488769531,6.311686038970947,360.1013488769531,6.311686038970947,1027.818359375,0.0,89.69088745117188,1.5720609426498413,3.432088080961191,3.432088080961191,4.014915560161114,0.8548344366234852
777,15714304,63583,363.6419372558594,2.344508409500122,363.6419372558594,2.344508409500122,1027.818359375,0.0,90.57274627685547,0.5839475393295288,3.432088080961191,3.432088080961191,4.014915560161114,0.8548344366234852
778,15734528,63668,365.8837890625,5.370055198669434,365.8837890625,5.370055198669434,1027.818359375,0.0,91.13113403320312,1.3375273942947388,3.432088080961191,3.432088080961191,4.014915560161114,0.8548344366234852
779,15754752,63751,361.8758239746094,4.481237888336182,361.8758239746094,4.481237888336182,1027.818359375,0.0,90.13286590576172,1.1161465644836426,3.432088080961191,3.432088080961191,4.014915560161114,0.8548344366234852
780,15774976,63834,361.2262268066406,4.383188724517822,361.2262268066406,4.383188724517822,1027.818359375,0.0,89.9710693359375,1.0917280912399292,3.432088080961191,3.432088080961191,4.014915560161114,0.8548344366234852
781,15795200,63917,361.9409484863281,6.186118125915527,361.9409484863281,6.186118125915527,1027.818359375,0.0,90.14907836914062,1.540783405303955,3.432088080961191,3.432088080961191,4.014915560161114,0.8548344366234852
782,15815424,64001,360.7558898925781,5.1688971519470215,360.7558898925781,5.1688971519470215,1027.818359375,0.0,89.85391998291016,1.2874270677566528,3.432088080961191,3.432088080961191,4.014915560161114,0.8548344366234852
783,15835648,64084,362.2071228027344,3.7131083011627197,362.2071228027344,3.7131083011627197,1027.818359375,0.0,90.21537017822266,0.9248298406600952,3.432088080961191,3.432088080961191,4.014915560161114,0.8548344366234852
784,15855872,64167,358.2032470703125,1.7791723012924194,358.2032470703125,1.7791723012924194,1027.818359375,0.0,89.2181167602539,0.4431423544883728,3.432088080961191,3.432088080961191,4.014915560161114,0.8548344366234852
785,15876096,64251,359.0716857910156,0.5219702124595642,359.0716857910156,0.5219702124595642,1027.818359375,0.0,89.4344253540039,0.13000799715518951,3.432088080961191,3.432088080961191,4.014915560161114,0.8548344366234852
786,15896320,64335,360.3539123535156,4.104073524475098,360.3539123535156,4.104073524475098,1027.818359375,0.0,89.7538070678711,1.0222094058990479,3.432088080961191,3.432088080961191,4.014915560161114,0.8548344366234852
787,15916544,64419,357.297607421875,0.9891234636306763,357.297607421875,0.9891234636306763,1027.818359375,0.0,88.9925537109375,0.24636463820934296,3.432088080961191,3.432088080961191,4.014915560161114,0.8548344366234852
788,15936768,64502,360.468994140625,12.0381498336792,360.468994140625,12.0381498336792,1027.818359375,0.0,89.78246307373047,2.9983558654785156,3.432088080961191,3.432088080961191,4.014915560161114,0.8548344366234852
789,15956992,64585,361.7816162109375,7.045304775238037,361.7816162109375,7.045304775238037,1027.818359375,0.0,90.1093978881836,1.7547850608825684,3.432088080961191,3.432088080961191,4.014915560161114,0.8548344366234852
790,15977216,64668,358.3107604980469,2.22670316696167,358.3107604980469,2.22670316696167,1027.818359375,0.0,89.24490356445312,0.5546050667762756,3.432088080961191,3.432088080961191,4.014915560161114,0.8548344366234852
791,15997440,64753,362.0525817871094,1.5600378513336182,362.0525817871094,1.5600378513336182,1027.818359375,0.0,90.17688751220703,0.388561487197876,3.432088080961191,3.432088080961191,4.014915560161114,0.8548344366234852
792,16017664,64837,362.12744140625,4.290182113647461,362.12744140625,4.290182113647461,1027.818359375,0.0,90.1955337524414,1.0685583353042603,3.432088080961191,3.432088080961191,4.014915560161114,0.8548344366234852
793,16037888,64920,356.2317199707031,7.136563301086426,356.2317199707031,7.136563301086426,1027.818359375,0.0,88.7270736694336,1.7775152921676636,3.432088080961191,3.432088080961191,4.014915560161114,0.8548344366234852
794,16058112,65003,360.302001953125,4.3767852783203125,360.302001953125,4.3767852783203125,1027.818359375,0.0,89.7408676147461,1.0901267528533936,3.432088080961191,3.432088080961191,4.014915560161114,0.8548344366234852
795,16078336,65086,360.1965026855469,4.551598072052002,360.1965026855469,4.551598072052002,1027.818359375,0.0,89.71459197998047,1.1336685419082642,3.432088080961191,3.432088080961191,4.014915560161114,0.8548344366234852
796,16098560,65170,358.8085021972656,6.9969401359558105,358.8085021972656,6.9969401359558105,1027.818359375,0.0,89.36888885498047,1.7427350282669067,3.432088080961191,3.432088080961191,4.014915560161114,0.8548344366234852
797,16118784,65253,358.31640625,1.2906430959701538,358.31640625,1.2906430959701538,1027.818359375,0.0,89.24630737304688,0.32146161794662476,3.432088080961191,3.432088080961191,4.014915560161114,0.8548344366234852
798,16139008,65336,363.1172180175781,7.650818824768066,363.1172180175781,7.650818824768066,1027.818359375,0.0,90.44205474853516,1.9055984020233154,3.432088080961191,3.432088080961191,4.014915560161114,0.8548344366234852
799,16159232,65420,365.221435546875,4.11747407913208,365.221435546875,4.11747407913208,1027.818359375,0.0,90.96614837646484,1.0255483388900757,3.432088080961191,3.432088080961191,4.014915560161114,0.8548344366234852
800,16179456,65504,363.1085510253906,0.9800677299499512,363.1085510253906,0.9800677299499512,1027.818359375,0.0,90.43990325927734,0.24410484731197357,3.432088080961191,3.432088080961191,4.014915560161114,0.8548344366234852
801,16199680,65587,363.257080078125,1.6569759845733643,363.257080078125,1.6569759845733643,1027.818359375,0.0,90.47689056396484,0.41270384192466736,3.432088080961191,3.432088080961191,4.014915560161114,0.8548344366234852
802,16219904,65670,365.2425231933594,1.8551610708236694,365.2425231933594,1.8551610708236694,1027.818359375,0.0,90.97139739990234,0.46206775307655334,3.432088080961191,3.432088080961191,4.014915560161114,0.8548344366234852
803,16240128,65753,363.536865234375,2.8435921669006348,363.536865234375,2.8435921669006348,1027.818359375,0.0,90.54656982421875,0.7082609534263611,3.432088080961191,3.432088080961191,4.014915560161114,0.8548344366234852
804,16260352,65838,360.5162048339844,6.426118850708008,360.5162048339844,6.426118850708008,1027.818359375,0.0,89.79421997070312,1.6005617380142212,3.432088080961191,3.432088080961191,4.014915560161114,0.8548344366234852
805,16280576,65921,361.324462890625,3.2323193550109863,361.324462890625,3.2323193550109863,1027.818359375,0.0,89.99553680419922,0.8050754070281982,3.432088080961191,3.432088080961191,4.014915560161114,0.8548344366234852
806,16300800,66005,359.3418273925781,2.154862880706787,359.3418273925781,2.154862880706787,1027.818359375,0.0,89.50171661376953,0.5367162227630615,3.432088080961191,3.432088080961191,4.014915560161114,0.8548344366234852
807,16321024,66088,357.4503173828125,3.636066436767578,357.4503173828125,3.636066436767578,1027.818359375,0.0,89.03058624267578,0.9056426286697388,3.432088080961191,3.432088080961191,4.014915560161114,0.8548344366234852
808,16341248,66171,361.6749572753906,6.658812046051025,361.6749572753906,6.658812046051025,1027.818359375,0.0,90.08283233642578,1.6585179567337036,3.432088080961191,3.432088080961191,4.014915560161114,0.8548344366234852
809,16361472,66255,358.1688537597656,1.8120408058166504,358.1688537597656,1.8120408058166504,1027.818359375,0.0,89.2095718383789,0.45132702589035034,3.432088080961191,3.432088080961191,4.014915560161114,0.8548344366234852
810,16381696,66338,363.6838684082031,4.032938480377197,363.6838684082031,4.032938480377197,1027.818359375,0.0,90.58319091796875,1.004487156867981,3.432088080961191,3.432088080961191,4.014915560161114,0.8548344366234852
811,16401920,66422,355.6913146972656,7.896717548370361,355.6913146972656,7.896717548370361,1027.818359375,0.0,88.59247589111328,1.9668433666229248,3.432088080961191,3.432088080961191,4.014915560161114,0.8548344366234852
812,16422144,66505,359.3978576660156,4.1718549728393555,359.3978576660156,4.1718549728393555,1027.818359375,0.0,89.51567840576172,1.0390944480895996,3.432088080961191,3.432088080961191,4.014915560161114,0.8548344366234852
813,16442368,66589,362.5689392089844,5.232383728027344,362.5689392089844,5.232383728027344,1027.818359375,0.0,90.30550384521484,1.3032339811325073,3.432088080961191,3.432088080961191,4.014915560161114,0.8548344366234852
814,16462592,66672,358.5037841796875,4.089061260223389,358.5037841796875,4.089061260223389,1027.818359375,0.0,89.29296875,1.0184664726257324,3.432088080961191,3.432088080961191,4.014915560161114,0.8548344366234852
815,16482816,66755,362.3897705078125,3.019552230834961,362.3897705078125,3.019552230834961,1027.818359375,0.0,90.2608642578125,0.7520803809165955,3.432088080961191,3.432088080961191,4.014915560161114,0.8548344366234852
816,16503040,66838,359.4734802246094,4.541266918182373,359.4734802246094,4.541266918182373,1027.818359375,0.0,89.53451538085938,1.131098747253418,3.432088080961191,3.432088080961191,4.014915560161114,0.8548344366234852
817,16523264,66922,360.4264221191406,4.326160907745361,360.4264221191406,4.326160907745361,1027.818359375,0.0,89.7718505859375,1.0775269269943237,3.432088080961191,3.432088080961191,4.014915560161114,0.8548344366234852
818,16543488,67006,360.1344299316406,2.926992893218994,360.1344299316406,2.926992893218994,1027.818359375,0.0,89.69912719726562,0.7290322780609131,3.432088080961191,3.432088080961191,4.014915560161114,0.8548344366234852
819,16563712,67089,361.050048828125,1.4407672882080078,361.050048828125,1.4407672882080078,1027.818359375,0.0,89.92718505859375,0.3588491976261139,3.432088080961191,3.432088080961191,4.014915560161114,0.8548344366234852
820,16583936,67172,366.7954406738281,7.6402587890625,366.7954406738281,7.6402587890625,1027.818359375,0.0,91.35819244384766,1.902965784072876,3.432088080961191,3.432088080961191,4.014915560161114,0.8548344366234852
821,16604160,67256,357.5486755371094,5.706661701202393,357.5486755371094,5.706661701202393,1027.818359375,0.0,89.05508422851562,1.4213634729385376,3.432088080961191,3.432088080961191,4.014915560161114,0.8548344366234852
822,16624384,67340,365.1828308105469,6.62229061126709,365.1828308105469,6.62229061126709,1027.818359375,0.0,90.95654296875,1.6494247913360596,3.432088080961191,3.432088080961191,4.014915560161114,0.8548344366234852
823,16644608,67422,363.1007385253906,3.318540334701538,363.1007385253906,3.318540334701538,1027.818359375,0.0,90.43795013427734,0.8265538215637207,3.432088080961191,3.432088080961191,4.014915560161114,0.8548344366234852
824,16664832,67506,361.5817565917969,3.9353671073913574,361.5817565917969,3.9353671073913574,1027.818359375,0.0,90.05960845947266,0.9801875352859497,3.432088080961191,3.432088080961191,4.014915560161114,0.8548344366234852
825,16685056,67591,365.4654846191406,3.9731407165527344,365.4654846191406,3.9731407165527344,1027.818359375,0.0,91.02693939208984,0.989591658115387,3.432088080961191,3.432088080961191,4.014915560161114,0.8548344366234852
826,16705280,67675,361.9219665527344,4.027729511260986,361.9219665527344,4.027729511260986,1027.818359375,0.0,90.14434814453125,1.003194808959961,3.432088080961191,3.432088080961191,4.014915560161114,0.8548344366234852
827,16725504,67759,360.973876953125,6.6275787353515625,360.973876953125,6.6275787353515625,1027.818359375,0.0,89.90821075439453,1.6507400274276733,3.432088080961191,3.432088080961191,4.014915560161114,0.8548344366234852
828,16745728,67842,360.7228698730469,5.564178943634033,360.7228698730469,5.564178943634033,1027.818359375,0.0,89.84569549560547,1.3858815431594849,3.432088080961191,3.432088080961191,4.014915560161114,0.8548344366234852
829,16765952,67926,364.0918884277344,5.439501762390137,364.0918884277344,5.439501762390137,1027.818359375,0.0,90.684814453125,1.3548216819763184,3.432088080961191,3.432088080961191,4.014915560161114,0.8548344366234852
830,16786176,68011,362.9205322265625,4.2492756843566895,362.9205322265625,4.2492756843566895,1027.818359375,0.0,90.39306640625,1.0583739280700684,3.432088080961191,3.432088080961191,4.014915560161114,0.8548344366234852
831,16806400,68094,362.9373474121094,2.1354589462280273,362.9373474121094,2.1354589462280273,1027.818359375,0.0,90.39724731445312,0.5318832397460938,3.432088080961191,3.432088080961191,4.014915560161114,0.8548344366234852
832,16826624,68178,360.2552185058594,4.947675704956055,360.2552185058594,4.947675704956055,1027.818359375,0.0,89.72921752929688,1.2323224544525146,3.432088080961191,3.432088080961191,4.014915560161114,0.8548344366234852
833,16846848,68261,367.4932861328125,2.498391628265381,367.4932861328125,2.498391628265381,1027.818359375,0.0,91.5320053100586,0.6222805380821228,3.432088080961191,3.432088080961191,4.014915560161114,0.8548344366234852
834,16867072,68345,359.3891296386719,3.5308587551116943,359.3891296386719,3.5308587551116943,1027.818359375,0.0,89.51348876953125,0.879433810710907,3.432088080961191,3.432088080961191,4.014915560161114,0.8548344366234852
835,16887296,68429,356.49951171875,5.318324565887451,356.49951171875,5.318324565887451,1027.818359375,0.0,88.79378509521484,1.3246424198150635,3.432088080961191,3.432088080961191,4.014915560161114,0.8548344366234852
836,16907520,68512,365.3619384765625,5.686436176300049,365.3619384765625,5.686436176300049,1027.818359375,0.0,91.00115203857422,1.4163309335708618,3.432088080961191,3.432088080961191,4.014915560161114,0.8548344366234852
837,16927744,68596,359.7841796875,5.886627674102783,359.7841796875,5.886627674102783,1027.818359375,0.0,89.61190032958984,1.4661885499954224,3.432088080961191,3.432088080961191,4.014915560161114,0.8548344366234852
838,16947968,68681,360.4750061035156,3.588200807571411,360.4750061035156,3.588200807571411,1027.818359375,0.0,89.7839584350586,0.8937156796455383,3.432088080961191,3.432088080961191,4.014915560161114,0.8548344366234852
839,16968192,68765,362.2828063964844,0.10249006748199463,362.2828063964844,0.10249006748199463,1027.818359375,0.0,90.23421478271484,0.025530541315674782,3.432088080961191,3.432088080961191,4.014915560161114,0.8548344366234852
840,16988416,68848,362.9569396972656,3.8157873153686523,362.9569396972656,3.8157873153686523,1027.818359375,0.0,90.40213775634766,0.9504020810127258,3.432088080961191,3.432088080961191,4.014915560161114,0.8548344366234852
841,17008640,68932,361.7559509277344,4.648557662963867,361.7559509277344,4.648557662963867,1027.818359375,0.0,90.10299682617188,1.1578247547149658,3.432088080961191,3.432088080961191,4.014915560161114,0.8548344366234852
842,17028864,69016,361.33984375,2.5949041843414307,361.33984375,2.5949041843414307,1027.818359375,0.0,89.9993667602539,0.6463127732276917,3.432088080961191,3.432088080961191,4.014915560161114,0.8548344366234852
843,17049088,69099,356.1505432128906,1.8760055303573608,356.1505432128906,1.8760055303573608,1027.818359375,0.0,88.70687103271484,0.4672614336013794,3.432088080961191,3.432088080961191,4.014915560161114,0.8548344366234852
844,17069312,69179,362.3970031738281,3.393430233001709,362.3970031738281,3.393430233001709,1027.818359375,0.0,90.26266479492188,0.8452051281929016,3.432088080961191,3.432088080961191,4.014915560161114,0.8548344366234852
845,17089536,69259,357.4895324707031,0.27006691694259644,357.4895324707031,0.27006691694259644,1027.818359375,0.0,89.04036712646484,0.06726402044296265,3.432088080961191,3.432088080961191,4.014915560161114,0.8548344366234852
846,17109760,69338,363.515869140625,2.6646060943603516,363.515869140625,2.6646060943603516,1027.818359375,0.0,90.54134368896484,0.6636765599250793,3.432088080961191,3.432088080961191,4.014915560161114,0.8548344366234852
847,17129984,69419,361.6490173339844,0.2897953987121582,361.6490173339844,0.2897953987121582,1027.818359375,0.0,90.07637786865234,0.07218004763126373,3.432088080961191,3.432088080961191,4.014915560161114,0.8548344366234852
848,17150208,69498,362.0131530761719,1.687373399734497,362.0131530761719,1.687373399734497,1027.818359375,0.0,90.16705322265625,0.4202730655670166,3.432088080961191,3.432088080961191,4.014915560161114,0.8548344366234852
849,17170432,69577,359.2595520019531,5.024130821228027,359.2595520019531,5.024130821228027,1027.818359375,0.0,89.4812240600586,1.2513673305511475,3.432088080961191,3.432088080961191,4.014915560161114,0.8548344366234852
850,17190656,69657,358.8854064941406,3.572319269180298,358.8854064941406,3.572319269180298,1027.818359375,0.0,89.38803100585938,0.8897591233253479,3.432088080961191,3.432088080961191,4.014915560161114,0.8548344366234852
851,17210880,69737,362.5018310546875,3.260030746459961,362.5018310546875,3.260030746459961,1027.818359375,0.0,90.28878021240234,0.8119765520095825,3.432088080961191,3.432088080961191,4.014915560161114,0.8548344366234852
852,17231104,69816,357.1192932128906,5.695472717285156,357.1192932128906,5.695472717285156,1027.818359375,0.0,88.94815063476562,1.4185782670974731,3.432088080961191,3.432088080961191,4.014915560161114,0.8548344366234852
853,17251328,69896,361.1519470214844,2.578397512435913,361.1519470214844,2.578397512435913,1027.818359375,0.0,89.95255279541016,0.6422052979469299,3.432088080961191,3.432088080961191,4.014915560161114,0.8548344366234852
854,17271552,69974,360.5859375,3.4851274490356445,360.5859375,3.4851274490356445,1027.818359375,0.0,89.81158447265625,0.8680452108383179,3.432088080961191,3.432088080961191,4.014915560161114,0.8548344366234852
855,17291776,70053,368.0845642089844,5.703684329986572,368.0845642089844,5.703684329986572,1027.818359375,0.0,91.67926788330078,1.4206255674362183,3.432088080961191,3.432088080961191,4.014915560161114,0.8548344366234852
856,17312000,70135,362.9100036621094,5.707967758178711,362.9100036621094,5.707967758178711,1027.818359375,0.0,90.39044189453125,1.42169189453125,3.432088080961191,3.432088080961191,4.014915560161114,0.8548344366234852
857,17332224,70215,363.7503356933594,7.041654586791992,363.7503356933594,7.041654586791992,1027.818359375,0.0,90.5997543334961,1.7538716793060303,3.432088080961191,3.432088080961191,4.014915560161114,0.8548344366234852
858,17352448,70295,358.54541015625,1.2543981075286865,358.54541015625,1.2543981075286865,1027.818359375,0.0,89.3033447265625,0.31243181228637695,3.432088080961191,3.432088080961191,4.014915560161114,0.8548344366234852
859,17372672,70374,361.2436218261719,5.690365314483643,361.2436218261719,5.690365314483643,1027.818359375,0.0,89.97540283203125,1.4173046350479126,3.432088080961191,3.432088080961191,4.014915560161114,0.8548344366234852
860,17392896,70454,360.3565979003906,1.009346604347229,360.3565979003906,1.009346604347229,1027.818359375,0.0,89.75446319580078,0.2514004409313202,3.432088080961191,3.432088080961191,4.014915560161114,0.8548344366234852
861,17413120,70533,246.06504821777344,2.0641536712646484,246.06504821777344,2.0641536712646484,1057.0247802734375,0.0,59.59429931640625,0.4999171197414398,3.432088080961191,3.432088080961191,4.014915560161114,0.8548344366234852
862,17433344,70613,359.3595275878906,2.4263036251068115,359.3595275878906,2.4263036251068115,1027.818359375,0.0,89.5061264038086,0.6043184399604797,3.432088080961191,3.432088080961191,4.014915560161114,0.8548344366234852
863,17453568,70693,361.3250427246094,7.870866775512695,361.3250427246094,7.870866775512695,1027.818359375,0.0,89.99567413330078,1.9604077339172363,3.432088080961191,3.432088080961191,4.014915560161114,0.8548344366234852
864,17473792,70772,360.261474609375,5.788603782653809,360.261474609375,5.788603782653809,1027.818359375,0.0,89.73077392578125,1.4417756795883179,3.432088080961191,3.432088080961191,4.014915560161114,0.8548344366234852
865,17494016,70853,362.1014404296875,2.745713472366333,362.1014404296875,2.745713472366333,1027.818359375,0.0,90.18904876708984,0.6838809847831726,3.432088080961191,3.432088080961191,4.014915560161114,0.8548344366234852
866,17514240,70932,363.4031677246094,2.3057780265808105,363.4031677246094,2.3057780265808105,1027.818359375,0.0,90.51327514648438,0.5743051767349243,3.432088080961191,3.432088080961191,4.014915560161114,0.8548344366234852
867,17534464,71012,362.30419921875,4.5933427810668945,362.30419921875,4.5933427810668945,1027.818359375,0.0,90.23955535888672,1.1440740823745728,3.432088080961191,3.432088080961191,4.014915560161114,0.8548344366234852
868,17554688,71091,364.4954528808594,2.70428466796875,364.4954528808594,2.70428466796875,1027.818359375,0.0,90.78533172607422,0.6735625267028809,3.432088080961191,3.432088080961191,4.014915560161114,0.8548344366234852
869,17574912,71171,364.20703125,0.7291592359542847,364.20703125,0.7291592359542847,1027.818359375,0.0,90.71349334716797,0.1816112995147705,3.432088080961191,3.432088080961191,4.014915560161114,0.8548344366234852
870,17595136,71251,364.2615661621094,3.2965524196624756,364.2615661621094,3.2965524196624756,1027.818359375,0.0,90.72708129882812,0.821079432964325,3.432088080961191,3.432088080961191,4.014915560161114,0.8548344366234852
871,17615360,71331,362.83349609375,2.4431698322296143,362.83349609375,2.4431698322296143,1027.818359375,0.0,90.37137603759766,0.608522891998291,3.432088080961191,3.432088080961191,4.014915560161114,0.8548344366234852
872,17635584,71410,360.4983215332031,3.0827832221984863,360.4983215332031,3.0827832221984863,1027.818359375,0.0,89.7897720336914,0.7678285837173462,3.432088080961191,3.432088080961191,4.014915560161114,0.8548344366234852
873,17655808,71489,359.6114807128906,1.6253787279129028,359.6114807128906,1.6253787279129028,1027.818359375,0.0,89.56887817382812,0.4048338830471039,3.432088080961191,3.432088080961191,4.014915560161114,0.8548344366234852
874,17676032,71569,361.3726806640625,1.0157594680786133,361.3726806640625,1.0157594680786133,1027.818359375,0.0,90.0075454711914,0.2529900074005127,3.432088080961191,3.432088080961191,4.014915560161114,0.8548344366234852
875,17696256,71649,362.5303649902344,2.9594271183013916,362.5303649902344,2.9594271183013916,1027.818359375,0.0,90.2958755493164,0.7371071577072144,3.432088080961191,3.432088080961191,4.014915560161114,0.8548344366234852
876,17716480,71728,360.7680969238281,2.3099968433380127,360.7680969238281,2.3099968433380127,1027.818359375,0.0,89.8569564819336,0.5753551721572876,3.432088080961191,3.432088080961191,4.014915560161114,0.8548344366234852
877,17736704,71808,359.4278869628906,2.4961743354797363,359.4278869628906,2.4961743354797363,1027.818359375,0.0,89.52313995361328,0.6217318773269653,3.432088080961191,3.432088080961191,4.014915560161114,0.8548344366234852
878,17756928,71888,362.5466613769531,5.187768459320068,362.5466613769531,5.187768459320068,1027.818359375,0.0,90.29993438720703,1.292127251625061,3.432088080961191,3.432088080961191,4.014915560161114,0.8548344366234852
879,17777152,71968,360.3280334472656,4.539335250854492,360.3280334472656,4.539335250854492,1027.818359375,0.0,89.74735260009766,1.1306161880493164,3.432088080961191,3.432088080961191,4.014915560161114,0.8548344366234852
880,17797376,72048,357.7757568359375,4.1858367919921875,357.7757568359375,4.1858367919921875,1027.818359375,0.0,89.11165618896484,1.0425751209259033,3.432088080961191,3.432088080961191,4.014915560161114,0.8548344366234852
881,17817600,72127,362.1392517089844,0.37581753730773926,362.1392517089844,0.37581753730773926,1027.818359375,0.0,90.1984634399414,0.09360523521900177,3.432088080961191,3.432088080961191,4.014915560161114,0.8548344366234852
882,17837824,72207,363.4983215332031,1.391177773475647,363.4983215332031,1.391177773475647,1027.818359375,0.0,90.53697967529297,0.3465014398097992,3.432088080961191,3.432088080961191,4.014915560161114,0.8548344366234852
883,17858048,72288,361.4903564453125,1.7156556844711304,361.4903564453125,1.7156556844711304,1027.818359375,0.0,90.03685760498047,0.42732611298561096,3.432088080961191,3.432088080961191,4.014915560161114,0.8548344366234852
884,17878272,72368,362.0850830078125,3.4666311740875244,362.0850830078125,3.4666311740875244,1027.818359375,0.0,90.18498992919922,0.8634379506111145,3.432088080961191,3.432088080961191,4.014915560161114,0.8548344366234852
885,17898496,72447,360.9891357421875,3.3729076385498047,360.9891357421875,3.3729076385498047,1027.818359375,0.0,89.9120101928711,0.8400960564613342,3.432088080961191,3.432088080961191,4.014915560161114,0.8548344366234852
886,17918720,72526,362.84423828125,1.1790987253189087,362.84423828125,1.1790987253189087,1027.818359375,0.0,90.37406158447266,0.293680340051651,3.432088080961191,3.432088080961191,4.014915560161114,0.8548344366234852
887,17938944,72606,361.694580078125,5.346750736236572,361.694580078125,5.346750736236572,1027.818359375,0.0,90.08771514892578,1.3317222595214844,3.432088080961191,3.432088080961191,4.014915560161114,0.8548344366234852
888,17959168,72686,360.1585693359375,6.061933994293213,360.1585693359375,6.061933994293213,1027.818359375,0.0,89.70513916015625,1.5098527669906616,3.432088080961191,3.432088080961191,4.014915560161114,0.8548344366234852
889,17979392,72767,361.587158203125,6.107010364532471,361.587158203125,6.107010364532471,1027.818359375,0.0,90.06095123291016,1.5210769176483154,3.432088080961191,3.432088080961191,4.014915560161114,0.8548344366234852
890,17999616,72846,361.1097412109375,3.11993408203125,361.1097412109375,3.11993408203125,1027.818359375,0.0,89.94205474853516,0.7770839333534241,3.432088080961191,3.432088080961191,4.014915560161114,0.8548344366234852
891,18019840,72926,361.1578063964844,1.7020584344863892,361.1578063964844,1.7020584344863892,1027.818359375,0.0,89.95401763916016,0.4239349067211151,3.432088080961191,3.432088080961191,4.014915560161114,0.8548344366234852
892,18040064,73007,364.4897155761719,6.773688793182373,364.4897155761719,6.773688793182373,1027.818359375,0.0,90.78389739990234,1.6871336698532104,3.432088080961191,3.432088080961191,4.014915560161114,0.8548344366234852
893,18060288,73087,361.9909362792969,9.976603507995605,361.9909362792969,9.976603507995605,1027.818359375,0.0,90.16152954101562,2.484882116317749,3.432088080961191,3.432088080961191,4.014915560161114,0.8548344366234852
894,18080512,73167,361.5716857910156,2.7226979732513428,361.5716857910156,2.7226979732513428,1027.818359375,0.0,90.0571060180664,0.6781463027000427,3.432088080961191,3.432088080961191,4.014915560161114,0.8548344366234852
895,18100736,73247,359.973876953125,4.473677158355713,359.973876953125,4.473677158355713,1027.818359375,0.0,89.65914154052734,1.114266037940979,3.432088080961191,3.432088080961191,4.014915560161114,0.8548344366234852
896,18120960,73328,363.6873779296875,3.9149460792541504,363.6873779296875,3.9149460792541504,1027.818359375,0.0,90.58406829833984,0.9751022458076477,3.432088080961191,3.432088080961191,4.014915560161114,0.8548344366234852
897,18141184,73408,364.3638916015625,6.669189929962158,364.3638916015625,6.669189929962158,1027.818359375,0.0,90.7525634765625,1.6610981225967407,3.432088080961191,3.432088080961191,4.014915560161114,0.8548344366234852
898,18161408,73488,360.0817565917969,7.913475036621094,360.0817565917969,7.913475036621094,1027.818359375,0.0,89.68599700927734,1.971020221710205,3.432088080961191,3.432088080961191,4.014915560161114,0.8548344366234852
899,18181632,73566,360.9195861816406,3.65798282623291,360.9195861816406,3.65798282623291,1027.818359375,0.0,89.89469146728516,0.9110984802246094,3.432088080961191,3.432088080961191,4.014915560161114,0.8548344366234852
900,18201856,73646,355.569580078125,3.193397045135498,355.569580078125,3.193397045135498,1027.818359375,0.0,88.5621566772461,0.7953859567642212,3.432088080961191,3.432088080961191,4.014915560161114,0.8548344366234852
901,18222080,73726,359.2820739746094,1.518297791481018,359.2820739746094,1.518297791481018,1027.818359375,0.0,89.4868392944336,0.37816300988197327,3.432088080961191,3.432088080961191,4.014915560161114,0.8548344366234852
902,18242304,73806,360.0951843261719,2.141227960586548,360.0951843261719,2.141227960586548,1027.818359375,0.0,89.6893539428711,0.533318042755127,3.432088080961191,3.432088080961191,4.014915560161114,0.8548344366234852
903,18262528,73885,360.8007507324219,4.01239013671875,360.8007507324219,4.01239013671875,1027.818359375,0.0,89.8650894165039,0.9993687868118286,3.432088080961191,3.432088080961191,4.014915560161114,0.8548344366234852
904,18282752,73964,363.4094543457031,1.3977317810058594,363.4094543457031,1.3977317810058594,1027.818359375,0.0,90.51483917236328,0.3481385111808777,3.432088080961191,3.432088080961191,4.014915560161114,0.8548344366234852
905,18302976,74043,364.2049560546875,2.9393045902252197,364.2049560546875,2.9393045902252197,1027.818359375,0.0,90.71298217773438,0.7320981621742249,3.432088080961191,3.432088080961191,4.014915560161114,0.8548344366234852
906,18323200,74123,362.6271057128906,7.8165974617004395,362.6271057128906,7.8165974617004395,1027.818359375,0.0,90.31998443603516,1.9468896389007568,3.432088080961191,3.432088080961191,4.014915560161114,0.8548344366234852
907,18343424,74202,360.1509094238281,5.7537407875061035,360.1509094238281,5.7537407875061035,1027.818359375,0.0,89.70323944091797,1.4330921173095703,3.432088080961191,3.432088080961191,4.014915560161114,0.8548344366234852
908,18363648,74283,357.310546875,3.01530385017395,357.310546875,3.01530385017395,1027.818359375,0.0,88.99578094482422,0.7510272860527039,3.432088080961191,3.432088080961191,4.014915560161114,0.8548344366234852
909,18383872,74363,366.8798828125,9.167594909667969,366.8798828125,9.167594909667969,1027.818359375,0.0,91.37923431396484,2.2833878993988037,3.432088080961191,3.432088080961191,4.014915560161114,0.8548344366234852
910,18404096,74444,361.613525390625,4.464653491973877,361.613525390625,4.464653491973877,1027.818359375,0.0,90.0675277709961,1.1120121479034424,3.432088080961191,3.432088080961191,4.014915560161114,0.8548344366234852
911,18424320,74524,359.5006103515625,1.800394058227539,359.5006103515625,1.800394058227539,1027.818359375,0.0,89.541259765625,0.44842851161956787,3.432088080961191,3.432088080961191,4.014915560161114,0.8548344366234852
912,18444544,74604,359.074951171875,2.2151288986206055,359.074951171875,2.2151288986206055,1027.818359375,0.0,89.43523406982422,0.5517247915267944,3.432088080961191,3.432088080961191,4.014915560161114,0.8548344366234852
913,18464768,74683,363.1236877441406,5.483277797698975,363.1236877441406,5.483277797698975,1027.818359375,0.0,90.44366455078125,1.3657253980636597,3.432088080961191,3.432088080961191,4.014915560161114,0.8548344366234852
914,18484992,74764,360.7283935546875,9.59266185760498,360.7283935546875,9.59266185760498,1027.818359375,0.0,89.84705352783203,2.3892605304718018,3.432088080961191,3.432088080961191,4.014915560161114,0.8548344366234852
915,18505216,74844,361.1566467285156,2.759152412414551,361.1566467285156,2.759152412414551,1027.818359375,0.0,89.9537353515625,0.6872263550758362,3.432088080961191,3.432088080961191,4.014915560161114,0.8548344366234852
916,18525440,74924,358.9447937011719,3.135798692703247,358.9447937011719,3.135798692703247,1027.818359375,0.0,89.40282440185547,0.7810378670692444,3.432088080961191,3.432088080961191,4.014915560161114,0.8548344366234852
917,18545664,75004,357.881591796875,4.119137763977051,357.881591796875,4.119137763977051,1027.818359375,0.0,89.13802337646484,1.025955319404602,3.432088080961191,3.432088080961191,4.014915560161114,0.8548344366234852
918,18565888,75084,363.3162536621094,5.6008501052856445,363.3162536621094,5.6008501052856445,1027.818359375,0.0,90.49163055419922,1.395011067390442,3.432088080961191,3.432088080961191,4.014915560161114,0.8548344366234852
919,18586112,75164,361.6040954589844,4.112205982208252,361.6040954589844,4.112205982208252,1027.818359375,0.0,90.06517791748047,1.0242317914962769,3.432088080961191,3.432088080961191,4.014915560161114,0.8548344366234852
920,18606336,75244,360.427490234375,1.4813884496688843,360.427490234375,1.4813884496688843,1027.818359375,0.0,89.77212524414062,0.3689740002155304,3.432088080961191,3.432088080961191,4.014915560161114,0.8548344366234852
921,18626560,75324,363.21826171875,1.4109275341033936,363.21826171875,1.4109275341033936,1027.818359375,0.0,90.46721649169922,0.3514179587364197,3.432088080961191,3.432088080961191,4.014915560161114,0.8548344366234852
922,18646784,75404,360.6546630859375,5.036840915679932,360.6546630859375,5.036840915679932,1027.818359375,0.0,89.82870483398438,1.2545334100723267,3.432088080961191,3.432088080961191,4.014915560161114,0.8548344366234852
923,18667008,75483,363.6312255859375,3.4611005783081055,363.6312255859375,3.4611005783081055,1027.818359375,0.0,90.57007598876953,0.8620631098747253,3.432088080961191,3.432088080961191,4.014915560161114,0.8548344366234852
924,18687232,75564,361.9233703613281,4.573678970336914,361.9233703613281,4.573678970336914,1027.818359375,0.0,90.14470672607422,1.1391704082489014,3.432088080961191,3.432088080961191,4.014915560161114,0.8548344366234852
925,18707456,75643,361.5582275390625,2.3384482860565186,361.5582275390625,2.3384482860565186,1027.818359375,0.0,90.05374908447266,0.5824346542358398,3.432088080961191,3.432088080961191,4.014915560161114,0.8548344366234852
926,18727680,75723,361.4396057128906,8.152926445007324,361.4396057128906,8.152926445007324,1027.818359375,0.0,90.02420806884766,2.030660390853882,3.432088080961191,3.432088080961191,4.014915560161114,0.8548344366234852
927,18747904,75803,365.677490234375,2.5052330493927,365.677490234375,2.5052330493927,1027.818359375,0.0,91.07975006103516,0.6239785552024841,3.432088080961191,3.432088080961191,4.014915560161114,0.8548344366234852
928,18768128,75883,365.0393981933594,8.417298316955566,365.0393981933594,8.417298316955566,1027.818359375,0.0,90.92081451416016,2.096508264541626,3.432088080961191,3.432088080961191,4.014915560161114,0.8548344366234852
929,18788352,75963,364.6106872558594,4.02118444442749,364.6106872558594,4.02118444442749,1027.818359375,0.0,90.81402587890625,1.0015615224838257,3.432088080961191,3.432088080961191,4.014915560161114,0.8548344366234852
930,18808576,76042,363.5242004394531,1.8121339082717896,363.5242004394531,1.8121339082717896,1027.818359375,0.0,90.54342651367188,0.4513470530509949,3.432088080961191,3.432088080961191,4.014915560161114,0.8548344366234852
931,18828800,76122,360.8216857910156,0.9714508652687073,360.8216857910156,0.9714508652687073,1027.818359375,0.0,89.87030029296875,0.2419622838497162,3.432088080961191,3.432088080961191,4.014915560161114,0.8548344366234852
932,18849024,76201,356.625,3.765753746032715,356.625,3.765753746032715,1027.818359375,0.0,88.82503509521484,0.9379439949989319,3.432088080961191,3.432088080961191,4.014915560161114,0.8548344366234852
933,18869248,76281,360.2494201660156,2.426203727722168,360.2494201660156,2.426203727722168,1027.818359375,0.0,89.72777557373047,0.6042986512184143,3.432088080961191,3.432088080961191,4.014915560161114,0.8548344366234852
934,18889472,76361,363.9378356933594,2.582672357559204,363.9378356933594,2.582672357559204,1027.818359375,0.0,90.64644622802734,0.6432735323905945,3.432088080961191,3.432088080961191,4.014915560161114,0.8548344366234852
935,18909696,76440,363.7323303222656,4.746846675872803,363.7323303222656,4.746846675872803,1027.818359375,0.0,90.59526824951172,1.182301640510559,3.432088080961191,3.432088080961191,4.014915560161114,0.8548344366234852
936,18929920,76520,363.48681640625,4.554040431976318,363.48681640625,4.554040431976318,1027.818359375,0.0,90.53411102294922,1.1342787742614746,3.432088080961191,3.432088080961191,4.014915560161114,0.8548344366234852
937,18950144,76599,359.7370300292969,4.341907978057861,359.7370300292969,4.341907978057861,1027.818359375,0.0,89.60015106201172,1.0814462900161743,3.432088080961191,3.432088080961191,4.014915560161114,0.8548344366234852
938,18970368,76679,361.74365234375,5.411142826080322,361.74365234375,5.411142826080322,1027.818359375,0.0,90.09994506835938,1.3477576971054077,3.432088080961191,3.432088080961191,4.014915560161114,0.8548344366234852
939,18990592,76758,357.9225158691406,2.586376428604126,357.9225158691406,2.586376428604126,1027.818359375,0.0,89.14820098876953,0.6441939473152161,3.432088080961191,3.432088080961191,4.014915560161114,0.8548344366234852
940,19010816,76838,363.8687744140625,1.9059925079345703,363.8687744140625,1.9059925079345703,1027.818359375,0.0,90.6292495727539,0.4747295081615448,3.432088080961191,3.432088080961191,4.014915560161114,0.8548344366234852
941,19031040,76918,360.7552490234375,5.969461441040039,360.7552490234375,5.969461441040039,1027.818359375,0.0,89.853759765625,1.4868245124816895,3.432088080961191,3.432088080961191,4.014915560161114,0.8548344366234852
942,19051264,76999,364.6485290527344,2.6047167778015137,364.6485290527344,2.6047167778015137,1027.818359375,0.0,90.8234634399414,0.6487592458724976,3.432088080961191,3.432088080961191,4.014915560161114,0.8548344366234852
943,19071488,77079,361.3135681152344,2.6358556747436523,361.3135681152344,2.6358556747436523,1027.818359375,0.0,89.9928207397461,0.6565152406692505,3.432088080961191,3.432088080961191,4.014915560161114,0.8548344366234852
944,19091712,77158,363.3952941894531,9.309427261352539,363.3952941894531,9.309427261352539,1027.818359375,0.0,90.51131439208984,2.3187108039855957,3.432088080961191,3.432088080961191,4.014915560161114,0.8548344366234852
945,19111936,77237,363.3052062988281,7.403268814086914,363.3052062988281,7.403268814086914,1027.818359375,0.0,90.4888687133789,1.843940019607544,3.432088080961191,3.432088080961191,4.014915560161114,0.8548344366234852
946,19132160,77317,359.7740173339844,3.3349175453186035,359.7740173339844,3.3349175453186035,1027.818359375,0.0,89.6093521118164,0.8306310176849365,3.432088080961191,3.432088080961191,4.014915560161114,0.8548344366234852
947,19152384,77398,359.8580017089844,2.7039010524749756,359.8580017089844,2.7039010524749756,1027.818359375,0.0,89.63027954101562,0.6734590530395508,3.432088080961191,3.432088080961191,4.014915560161114,0.8548344366234852
948,19172608,77478,363.3351135253906,5.549461364746094,363.3351135253906,5.549461364746094,1027.818359375,0.0,90.496337890625,1.3822085857391357,3.432088080961191,3.432088080961191,4.014915560161114,0.8548344366234852
949,19192832,77558,360.8003234863281,2.606994867324829,360.8003234863281,2.606994867324829,1027.818359375,0.0,89.864990234375,0.649330198764801,3.432088080961191,3.432088080961191,4.014915560161114,0.8548344366234852
950,19213056,77637,363.454833984375,5.509986400604248,363.454833984375,5.509986400604248,1027.818359375,0.0,90.5261459350586,1.372380018234253,3.432088080961191,3.432088080961191,4.014915560161114,0.8548344366234852
951,19233280,77717,362.3363952636719,2.8311502933502197,362.3363952636719,2.8311502933502197,1027.818359375,0.0,90.24756622314453,0.7051592469215393,3.432088080961191,3.432088080961191,4.014915560161114,0.8548344366234852
952,19253504,77797,359.7508239746094,4.000543117523193,359.7508239746094,4.000543117523193,1027.818359375,0.0,89.60357666015625,0.9964212775230408,3.432088080961191,3.432088080961191,4.014915560161114,0.8548344366234852
953,19273728,77877,362.608642578125,3.851112127304077,362.608642578125,3.851112127304077,1027.818359375,0.0,90.31537628173828,0.9591996669769287,3.432088080961191,3.432088080961191,4.014915560161114,0.8548344366234852
954,19293952,77957,361.3119201660156,1.822401523590088,361.3119201660156,1.822401523590088,1027.818359375,0.0,89.9924087524414,0.4539082944393158,3.432088080961191,3.432088080961191,4.014915560161114,0.8548344366234852
955,19314176,78037,361.5872497558594,3.27901554107666,361.5872497558594,3.27901554107666,1027.818359375,0.0,90.06098175048828,0.8167119026184082,3.432088080961191,3.432088080961191,4.014915560161114,0.8548344366234852
956,19334400,78118,361.5503845214844,3.0870392322540283,361.5503845214844,3.0870392322540283,1027.818359375,0.0,90.05179595947266,0.7688922882080078,3.432088080961191,3.432088080961191,4.014915560161114,0.8548344366234852
957,19354624,78197,356.302734375,5.379822731018066,356.302734375,5.379822731018066,1027.818359375,0.0,88.7447509765625,1.339957594871521,3.432088080961191,3.432088080961191,4.014915560161114,0.8548344366234852
958,19374848,78277,357.9688415527344,3.0166101455688477,357.9688415527344,3.0166101455688477,1027.818359375,0.0,89.15975189208984,0.7513507008552551,3.432088080961191,3.432088080961191,4.014915560161114,0.8548344366234852
959,19395072,78357,363.7768249511719,3.718580484390259,363.7768249511719,3.718580484390259,1027.818359375,0.0,90.6063461303711,0.9261904954910278,3.432088080961191,3.432088080961191,4.014915560161114,0.8548344366234852
960,19415296,78438,359.4540710449219,5.08054256439209,359.4540710449219,5.08054256439209,1027.818359375,0.0,89.5296630859375,1.2654180526733398,3.432088080961191,3.432088080961191,4.014915560161114,0.8548344366234852
961,19435520,78518,364.2877197265625,5.748109340667725,364.2877197265625,5.748109340667725,1027.818359375,0.0,90.73360443115234,1.4316871166229248,3.432088080961191,3.432088080961191,4.014915560161114,0.8548344366234852
962,19455744,78598,361.1197509765625,4.395542144775391,361.1197509765625,4.395542144775391,1027.818359375,0.0,89.94454193115234,1.094800591468811,3.432088080961191,3.432088080961191,4.014915560161114,0.8548344366234852
963,19475968,78677,363.2577819824219,0.7869671583175659,363.2577819824219,0.7869671583175659,1027.818359375,0.0,90.4770736694336,0.1960107684135437,3.432088080961191,3.432088080961191,4.014915560161114,0.8548344366234852
964,19496192,78757,362.090087890625,3.457274913787842,362.090087890625,3.457274913787842,1027.818359375,0.0,90.18622589111328,0.8611043691635132,3.432088080961191,3.432088080961191,4.014915560161114,0.8548344366234852
965,19516416,78837,362.4143981933594,6.173759460449219,362.4143981933594,6.173759460449219,1027.818359375,0.0,90.26700592041016,1.5377064943313599,3.432088080961191,3.432088080961191,4.014915560161114,0.8548344366234852
966,19536640,78917,360.057373046875,1.893429160118103,360.057373046875,1.893429160118103,1027.818359375,0.0,89.679931640625,0.4715990126132965,3.432088080961191,3.432088080961191,4.014915560161114,0.8548344366234852
967,19556864,78996,357.50244140625,2.066204309463501,357.50244140625,2.066204309463501,1027.818359375,0.0,89.0435791015625,0.5146352052688599,3.432088080961191,3.432088080961191,4.014915560161114,0.8548344366234852
968,19577088,79076,363.054931640625,7.27513313293457,363.054931640625,7.27513313293457,1027.818359375,0.0,90.42654418945312,1.812026023864746,3.432088080961191,3.432088080961191,4.014915560161114,0.8548344366234852
969,19597312,79156,362.1360778808594,1.3069063425064087,362.1360778808594,1.3069063425064087,1027.818359375,0.0,90.19766998291016,0.3255136013031006,3.432088080961191,3.432088080961191,4.014915560161114,0.8548344366234852
970,19617536,79235,363.9986267089844,10.194193840026855,363.9986267089844,10.194193840026855,1027.818359375,0.0,90.66159057617188,2.5390777587890625,3.432088080961191,3.432088080961191,4.014915560161114,0.8548344366234852
971,19637760,79314,364.619140625,3.3202242851257324,364.619140625,3.3202242851257324,1027.818359375,0.0,90.8161392211914,0.8269743323326111,3.432088080961191,3.432088080961191,4.014915560161114,0.8548344366234852
972,19657984,79394,362.8715515136719,2.021573305130005,362.8715515136719,2.021573305130005,1027.818359375,0.0,90.380859375,0.5035139322280884,3.432088080961191,3.432088080961191,4.014915560161114,0.8548344366234852
973,19678208,79475,357.8271179199219,5.281947612762451,357.8271179199219,5.281947612762451,1027.818359375,0.0,89.12444305419922,1.3155817985534668,3.432088080961191,3.432088080961191,4.014915560161114,0.8548344366234852
974,19698432,79555,360.1466064453125,7.943828582763672,360.1466064453125,7.943828582763672,1027.818359375,0.0,89.70215606689453,1.9785819053649902,3.432088080961191,3.432088080961191,4.014915560161114,0.8548344366234852
975,19718656,79635,359.8363342285156,3.8324058055877686,359.8363342285156,3.8324058055877686,1027.818359375,0.0,89.6248779296875,0.9545456171035767,3.432088080961191,3.432088080961191,4.014915560161114,0.8548344366234852
976,19738880,79714,360.176025390625,3.490748405456543,360.176025390625,3.490748405456543,1027.818359375,0.0,89.7094955444336,0.8694435954093933,3.432088080961191,3.432088080961191,4.014915560161114,0.8548344366234852
977,19759104,79794,358.4613952636719,2.9998703002929688,358.4613952636719,2.9998703002929688,1027.818359375,0.0,89.28241729736328,0.7471811175346375,3.432088080961191,3.432088080961191,4.014915560161114,0.8548344366234852
978,19779328,79874,354.0923156738281,4.595981121063232,354.0923156738281,4.595981121063232,1027.818359375,0.0,88.1942138671875,1.1447235345840454,3.432088080961191,3.432088080961191,4.014915560161114,0.8548344366234852
979,19799552,79955,361.9440002441406,3.8597395420074463,361.9440002441406,3.8597395420074463,1027.818359375,0.0,90.14984893798828,0.9613499641418457,3.432088080961191,3.432088080961191,4.014915560161114,0.8548344366234852
980,19819776,80035,363.6719970703125,1.2515588998794556,363.6719970703125,1.2515588998794556,1027.818359375,0.0,90.58023071289062,0.31172874569892883,3.432088080961191,3.432088080961191,4.014915560161114,0.8548344366234852
981,19840000,80115,364.296875,3.8668041229248047,364.296875,3.8668041229248047,1027.818359375,0.0,90.73587799072266,0.9631045460700989,3.432088080961191,3.432088080961191,4.014915560161114,0.8548344366234852
982,19860224,80196,360.5293884277344,4.841927528381348,360.5293884277344,4.841927528381348,1027.818359375,0.0,89.79749298095703,1.2059842348098755,3.432088080961191,3.432088080961191,4.014915560161114,0.8548344366234852
983,19880448,80276,360.0673522949219,7.868352890014648,360.0673522949219,7.868352890014648,1027.818359375,0.0,89.68241119384766,1.9597808122634888,3.432088080961191,3.432088080961191,4.014915560161114,0.8548344366234852
984,19900672,80356,356.8785095214844,3.398587465286255,356.8785095214844,3.398587465286255,1027.818359375,0.0,88.88818359375,0.8464902639389038,3.432088080961191,3.432088080961191,4.014915560161114,0.8548344366234852
985,19920896,80435,359.6861877441406,1.5699337720870972,359.6861877441406,1.5699337720870972,1027.818359375,0.0,89.58749389648438,0.3910244405269623,3.432088080961191,3.432088080961191,4.014915560161114,0.8548344366234852
986,19941120,80516,363.0585632324219,4.644493579864502,363.0585632324219,4.644493579864502,1027.818359375,0.0,90.42745208740234,1.1568081378936768,3.432088080961191,3.432088080961191,4.014915560161114,0.8548344366234852
987,19961344,80597,365.6147766113281,4.004122257232666,365.6147766113281,4.004122257232666,1027.818359375,0.0,91.06412506103516,0.9973127245903015,3.432088080961191,3.432088080961191,4.014915560161114,0.8548344366234852
988,19981568,80677,359.8375549316406,3.315796375274658,359.8375549316406,3.315796375274658,1027.818359375,0.0,89.62518310546875,0.8258734941482544,3.432088080961191,3.432088080961191,4.014915560161114,0.8548344366234852
989,20001792,80757,360.6882629394531,1.7993263006210327,360.6882629394531,1.7993263006210327,1027.818359375,0.0,89.83707427978516,0.44816070795059204,3.432088080961191,3.432088080961191,4.014915560161114,0.8548344366234852
990,20022016,80837,360.406005859375,4.26503324508667,360.406005859375,4.26503324508667,1027.818359375,0.0,89.76677703857422,1.0622949600219727,3.432088080961191,3.432088080961191,4.014915560161114,0.8548344366234852
991,20042240,80918,362.0265197753906,1.8251539468765259,362.0265197753906,1.8251539468765259,1027.818359375,0.0,90.17040252685547,0.45459580421447754,3.432088080961191,3.432088080961191,4.014915560161114,0.8548344366234852
992,20062464,80999,363.094482421875,5.947482585906982,363.094482421875,5.947482585906982,1027.818359375,0.0,90.4364013671875,1.4813446998596191,3.432088080961191,3.432088080961191,4.014915560161114,0.8548344366234852
993,20082688,81079,360.5237731933594,3.107903242111206,360.5237731933594,3.107903242111206,1027.818359375,0.0,89.79610443115234,0.7740873098373413,3.432088080961191,3.432088080961191,4.014915560161114,0.8548344366234852
994,20102912,81159,362.7194519042969,1.2832669019699097,362.7194519042969,1.2832669019699097,1027.818359375,0.0,90.34298706054688,0.31962645053863525,3.432088080961191,3.432088080961191,4.014915560161114,0.8548344366234852
995,20123136,81239,359.9695739746094,2.075247287750244,359.9695739746094,2.075247287750244,1027.818359375,0.0,89.6580581665039,0.5168875455856323,3.432088080961191,3.432088080961191,4.014915560161114,0.8548344366234852
996,20143360,81319,363.474853515625,6.922368049621582,363.474853515625,6.922368049621582,1027.818359375,0.0,90.5311279296875,1.7241581678390503,3.432088080961191,3.432088080961191,4.014915560161114,0.8548344366234852
997,20163584,81400,361.483642578125,7.035560131072998,361.483642578125,7.035560131072998,1027.818359375,0.0,90.0351791381836,1.7523548603057861,3.432088080961191,3.432088080961191,4.014915560161114,0.8548344366234852
998,20183808,81479,361.1938781738281,5.5339131355285645,361.1938781738281,5.5339131355285645,1027.818359375,0.0,89.9630126953125,1.3783379793167114,3.432088080961191,3.432088080961191,4.014915560161114,0.8548344366234852
999,20204032,81561,359.9011535644531,4.836706161499023,359.9011535644531,4.836706161499023,1027.818359375,0.0,89.64102935791016,1.2046862840652466,3.432088080961191,3.432088080961191,4.014915560161114,0.8548344366234852
1000,20224256,81642,357.5901184082031,6.916208744049072,357.5901184082031,6.916208744049072,1027.818359375,0.0,89.0654067993164,1.722625494003296,3.432088080961191,3.432088080961191,4.014915560161114,0.8548344366234852
1001,20244480,81722,357.9737548828125,1.2788945436477661,357.9737548828125,1.2788945436477661,1027.818359375,0.0,89.16097259521484,0.31853294372558594,3.432088080961191,3.432088080961191,4.014915560161114,0.8548344366234852
1002,20264704,81802,359.4394836425781,5.201631546020508,359.4394836425781,5.201631546020508,1027.818359375,0.0,89.52603912353516,1.2955782413482666,3.432088080961191,3.432088080961191,4.014915560161114,0.8548344366234852
1003,20284928,81882,362.6953430175781,0.6834924221038818,362.6953430175781,0.6834924221038818,1027.818359375,0.0,90.33698272705078,0.17023788392543793,3.432088080961191,3.432088080961191,4.014915560161114,0.8548344366234852
1004,20305152,81961,366.3672790527344,3.776801109313965,366.3672790527344,3.776801109313965,1027.818359375,0.0,91.25154876708984,0.9406918883323669,3.432088080961191,3.432088080961191,4.014915560161114,0.8548344366234852
1005,20325376,82043,357.082275390625,2.9375200271606445,357.082275390625,2.9375200271606445,1027.818359375,0.0,88.93893432617188,0.7316539883613586,3.432088080961191,3.432088080961191,4.014915560161114,0.8548344366234852
1006,20345600,82123,365.322265625,3.5596659183502197,365.322265625,3.5596659183502197,1027.818359375,0.0,90.99127197265625,0.886609673500061,3.432088080961191,3.432088080961191,4.014915560161114,0.8548344366234852
1007,20365824,82203,366.0686950683594,4.2754011154174805,366.0686950683594,4.2754011154174805,1027.818359375,0.0,91.17718505859375,1.0648796558380127,3.432088080961191,3.432088080961191,4.014915560161114,0.8548344366234852
1008,20386048,82283,357.4294738769531,3.4255921840667725,357.4294738769531,3.4255921840667725,1027.818359375,0.0,89.0254135131836,0.853216826915741,3.432088080961191,3.432088080961191,4.014915560161114,0.8548344366234852
1009,20406272,82364,358.6885070800781,2.148777961730957,358.6885070800781,2.148777961730957,1027.818359375,0.0,89.33899688720703,0.5351994037628174,3.432088080961191,3.432088080961191,4.014915560161114,0.8548344366234852
1010,20426496,82444,364.3717956542969,1.8423453569412231,364.3717956542969,1.8423453569412231,1027.818359375,0.0,90.7545394897461,0.4588748514652252,3.432088080961191,3.432088080961191,4.014915560161114,0.8548344366234852
1011,20446720,82524,367.91064453125,1.3327553272247314,367.91064453125,1.3327553272247314,1027.818359375,0.0,91.6359634399414,0.33195459842681885,3.432088080961191,3.432088080961191,4.014915560161114,0.8548344366234852
1012,20466944,82605,361.1728210449219,3.7363457679748535,361.1728210449219,3.7363457679748535,1027.818359375,0.0,89.957763671875,0.9306149482727051,3.432088080961191,3.432088080961191,4.014915560161114,0.8548344366234852
1013,20487168,82685,361.2923278808594,7.4596991539001465,361.2923278808594,7.4596991539001465,1027.818359375,0.0,89.98751831054688,1.857994556427002,3.432088080961191,3.432088080961191,4.014915560161114,0.8548344366234852
1014,20507392,82766,361.0352783203125,6.787878513336182,361.0352783203125,6.787878513336182,1027.818359375,0.0,89.92350006103516,1.6906658411026,3.432088080961191,3.432088080961191,4.014915560161114,0.8548344366234852
1015,20527616,82846,362.818115234375,3.3696839809417725,362.818115234375,3.3696839809417725,1027.818359375,0.0,90.3675537109375,0.8392934203147888,3.432088080961191,3.432088080961191,4.014915560161114,0.8548344366234852
1016,20547840,82925,361.2201232910156,2.284472703933716,361.2201232910156,2.284472703933716,1027.818359375,0.0,89.96954345703125,0.5689958930015564,3.432088080961191,3.432088080961191,4.014915560161114,0.8548344366234852
1017,20568064,83005,355.64013671875,3.0460431575775146,355.64013671875,3.0460431575775146,1027.818359375,0.0,88.5797348022461,0.7586818337440491,3.432088080961191,3.432088080961191,4.014915560161114,0.8548344366234852
1018,20588288,83087,359.9569091796875,6.1606292724609375,359.9569091796875,6.1606292724609375,1027.818359375,0.0,89.6549072265625,1.534434199333191,3.432088080961191,3.432088080961191,4.014915560161114,0.8548344366234852
1019,20608512,83167,360.2081604003906,5.509452819824219,360.2081604003906,5.509452819824219,1027.818359375,0.0,89.71749114990234,1.3722429275512695,3.432088080961191,3.432088080961191,4.014915560161114,0.8548344366234852
1020,20628736,83247,363.2658996582031,2.6469268798828125,363.2658996582031,2.6469268798828125,1027.818359375,0.0,90.47908782958984,0.6592738032341003,3.432088080961191,3.432088080961191,4.014915560161114,0.8548344366234852
1021,20648960,83327,363.5006103515625,2.17775559425354,363.5006103515625,2.17775559425354,1027.818359375,0.0,90.53754425048828,0.5424204468727112,3.432088080961191,3.432088080961191,4.014915560161114,0.8548344366234852
1022,20669184,83408,360.6221008300781,4.516064167022705,360.6221008300781,4.516064167022705,1027.818359375,0.0,89.82059478759766,1.1248219013214111,3.432088080961191,3.432088080961191,4.014915560161114,0.8548344366234852
1023,20689408,83488,362.4613342285156,3.1305606365203857,362.4613342285156,3.1305606365203857,1027.818359375,0.0,90.27869415283203,0.7797330021858215,3.432088080961191,3.432088080961191,4.014915560161114,0.8548344366234852
1024,20709632,83568,365.3348693847656,2.7871615886688232,365.3348693847656,2.7871615886688232,1027.818359375,0.0,90.99441528320312,0.694198727607727,3.432088080961191,3.432088080961191,4.014915560161114,0.8548344366234852
1025,20729856,83648,365.4591064453125,4.495455265045166,365.4591064453125,4.495455265045166,1027.818359375,0.0,91.02535247802734,1.1196885108947754,3.432088080961191,3.432088080961191,4.014915560161114,0.8548344366234852
1026,20750080,83728,361.5338439941406,2.7259328365325928,361.5338439941406,2.7259328365325928,1027.818359375,0.0,90.04769134521484,0.6789513230323792,3.432088080961191,3.432088080961191,4.014915560161114,0.8548344366234852
1027,20770304,83809,362.8061218261719,2.15749192237854,362.8061218261719,2.15749192237854,1027.818359375,0.0,90.36457061767578,0.5373712182044983,3.432088080961191,3.432088080961191,4.014915560161114,0.8548344366234852
1028,20790528,83889,360.2050476074219,5.403872013092041,360.2050476074219,5.403872013092041,1027.818359375,0.0,89.71671295166016,1.3459481000900269,3.432088080961191,3.432088080961191,4.014915560161114,0.8548344366234852
1029,20810752,83968,360.6119384765625,5.74798059463501,360.6119384765625,5.74798059463501,1027.818359375,0.0,89.81806182861328,1.4316596984863281,3.432088080961191,3.432088080961191,4.014915560161114,0.8548344366234852
1030,20830976,84048,360.6573791503906,3.8425543308258057,360.6573791503906,3.8425543308258057,1027.818359375,0.0,89.82938385009766,0.9570700526237488,3.432088080961191,3.432088080961191,4.014915560161114,0.8548344366234852
1031,20851200,84129,361.3968811035156,3.6126253604888916,361.3968811035156,3.6126253604888916,1027.818359375,0.0,90.0135726928711,0.899803638458252,3.432088080961191,3.432088080961191,4.014915560161114,0.8548344366234852
1032,20871424,84210,359.9820556640625,6.820456504821777,359.9820556640625,6.820456504821777,1027.818359375,0.0,89.66118621826172,1.6987814903259277,3.432088080961191,3.432088080961191,4.014915560161114,0.8548344366234852
1033,20891648,84291,363.575439453125,7.857879161834717,363.575439453125,7.857879161834717,1027.818359375,0.0,90.55618286132812,1.957172155380249,3.432088080961191,3.432088080961191,4.014915560161114,0.8548344366234852
1034,20911872,84371,363.57958984375,2.364957094192505,363.57958984375,2.364957094192505,1027.818359375,0.0,90.55722045898438,0.5890419483184814,3.432088080961191,3.432088080961191,4.014915560161114,0.8548344366234852
1035,20932096,84451,364.1522521972656,3.1527576446533203,364.1522521972656,3.1527576446533203,1027.818359375,0.0,90.6998519897461,0.7852645516395569,3.432088080961191,3.432088080961191,4.014915560161114,0.8548344366234852
1036,20952320,84532,360.103515625,4.994386672973633,360.103515625,4.994386672973633,1027.818359375,0.0,89.6914291381836,1.2439594268798828,3.432088080961191,3.432088080961191,4.014915560161114,0.8548344366234852
1037,20972544,84613,360.2682189941406,3.0201454162597656,360.2682189941406,3.0201454162597656,1027.818359375,0.0,89.73245239257812,0.7522306442260742,3.432088080961191,3.432088080961191,4.014915560161114,0.8548344366234852
1038,20992768,84694,362.1036376953125,1.0330116748809814,362.1036376953125,1.0330116748809814,1027.818359375,0.0,90.18960571289062,0.2572919726371765,3.432088080961191,3.432088080961191,4.014915560161114,0.8548344366234852
1039,21012992,84774,364.272705078125,2.0157651901245117,364.272705078125,2.0157651901245117,1027.818359375,0.0,90.72985076904297,0.5020687580108643,3.432088080961191,3.432088080961191,4.014915560161114,0.8548344366234852
1040,21033216,84856,359.53759765625,3.2968363761901855,359.53759765625,3.2968363761901855,1027.818359375,0.0,89.55047607421875,0.8211449980735779,3.432088080961191,3.432088080961191,4.014915560161114,0.8548344366234852
1041,21053440,84937,363.1689147949219,2.2838289737701416,363.1689147949219,2.2838289737701416,1027.818359375,0.0,90.4549331665039,0.5688350796699524,3.432088080961191,3.432088080961191,4.014915560161114,0.8548344366234852
1042,21073664,85017,360.0318908691406,3.006924629211426,360.0318908691406,3.006924629211426,1027.818359375,0.0,89.6736068725586,0.7489352822303772,3.432088080961191,3.432088080961191,4.014915560161114,0.8548344366234852
1043,21093888,85098,365.8282165527344,5.078555583953857,365.8282165527344,5.078555583953857,1027.818359375,0.0,91.11727905273438,1.2649266719818115,3.432088080961191,3.432088080961191,4.014915560161114,0.8548344366234852
1044,21114112,85179,361.4458312988281,2.413270950317383,361.4458312988281,2.413270950317383,1027.818359375,0.0,90.02576446533203,0.6010729670524597,3.432088080961191,3.432088080961191,4.014915560161114,0.8548344366234852
1045,21134336,85260,360.1686706542969,5.977848052978516,360.1686706542969,5.977848052978516,1027.818359375,0.0,89.70764923095703,1.488909363746643,3.432088080961191,3.432088080961191,4.014915560161114,0.8548344366234852
1046,21154560,85341,366.9966125488281,4.566938400268555,366.9966125488281,4.566938400268555,1027.818359375,0.0,91.4083023071289,1.1374918222427368,3.432088080961191,3.432088080961191,4.014915560161114,0.8548344366234852
1047,21174784,85422,361.3544616699219,2.7677342891693115,361.3544616699219,2.7677342891693115,1027.818359375,0.0,90.00299835205078,0.6893600821495056,3.432088080961191,3.432088080961191,4.014915560161114,0.8548344366234852
1048,21195008,85503,357.344970703125,2.014357328414917,357.344970703125,2.014357328414917,1027.818359375,0.0,89.00435638427734,0.501715362071991,3.432088080961191,3.432088080961191,4.014915560161114,0.8548344366234852
1049,21215232,85584,364.6473388671875,0.9269067645072937,364.6473388671875,0.9269067645072937,1027.818359375,0.0,90.82315826416016,0.23086853325366974,3.432088080961191,3.432088080961191,4.014915560161114,0.8548344366234852
1050,21235456,85666,358.5170593261719,7.939553737640381,358.5170593261719,7.939553737640381,1027.818359375,0.0,89.2962875366211,1.977514386177063,3.432088080961191,3.432088080961191,4.014915560161114,0.8548344366234852
1051,21255680,85746,363.8529052734375,3.0807957649230957,363.8529052734375,3.0807957649230957,1027.818359375,0.0,90.62529754638672,0.7673399448394775,3.432088080961191,3.432088080961191,4.014915560161114,0.8548344366234852
1052,21275904,85827,360.6871643066406,2.7947561740875244,360.6871643066406,2.7947561740875244,1027.818359375,0.0,89.83679962158203,0.6960923075675964,3.432088080961191,3.432088080961191,4.014915560161114,0.8548344366234852
1053,21296128,85907,362.4315490722656,5.032742977142334,362.4315490722656,5.032742977142334,1027.818359375,0.0,90.27127838134766,1.2535151243209839,3.432088080961191,3.432088080961191,4.014915560161114,0.8548344366234852
1054,21316352,85988,362.1941223144531,4.343744277954102,362.1941223144531,4.343744277954102,1027.818359375,0.0,90.2121353149414,1.0818982124328613,3.432088080961191,3.432088080961191,4.014915560161114,0.8548344366234852
1055,21336576,86069,367.9803161621094,0.832611083984375,367.9803161621094,0.832611083984375,1027.818359375,0.0,91.65331268310547,0.20738132297992706,3.432088080961191,3.432088080961191,4.014915560161114,0.8548344366234852
1056,21356800,86149,355.2776184082031,6.1302714347839355,355.2776184082031,6.1302714347839355,1027.818359375,0.0,88.48944091796875,1.5268727540969849,3.432088080961191,3.432088080961191,4.014915560161114,0.8548344366234852
1057,21377024,86230,365.833984375,3.840637445449829,365.833984375,3.840637445449829,1027.818359375,0.0,91.11871337890625,0.9565931558609009,3.432088080961191,3.432088080961191,4.014915560161114,0.8548344366234852
1058,21397248,86311,361.472412109375,2.3546085357666016,361.472412109375,2.3546085357666016,1027.818359375,0.0,90.03237915039062,0.5864637494087219,3.432088080961191,3.432088080961191,4.014915560161114,0.8548344366234852
1059,21417472,86391,357.9573669433594,4.123051643371582,357.9573669433594,4.123051643371582,1027.818359375,0.0,89.1568832397461,1.0269360542297363,3.432088080961191,3.432088080961191,4.014915560161114,0.8548344366234852
1060,21437696,86471,362.5172119140625,2.127594232559204,362.5172119140625,2.127594232559204,1027.818359375,0.0,90.29261016845703,0.5299232602119446,3.432088080961191,3.432088080961191,4.014915560161114,0.8548344366234852
1061,21457920,86552,362.5138854980469,5.212522029876709,362.5138854980469,5.212522029876709,1027.818359375,0.0,90.29177856445312,1.2982854843139648,3.432088080961191,3.432088080961191,4.014915560161114,0.8548344366234852
1062,21478144,86632,363.9068298339844,4.1714186668396,363.9068298339844,4.1714186668396,1027.818359375,0.0,90.63873291015625,1.0389775037765503,3.432088080961191,3.432088080961191,4.014915560161114,0.8548344366234852
1063,21498368,86714,362.4017333984375,2.7158749103546143,362.4017333984375,2.7158749103546143,1027.818359375,0.0,90.26385498046875,0.6764464974403381,3.432088080961191,3.432088080961191,4.014915560161114,0.8548344366234852
1064,21518592,86794,360.9042663574219,6.0427021980285645,360.9042663574219,6.0427021980285645,1027.818359375,0.0,89.890869140625,1.505063533782959,3.432088080961191,3.432088080961191,4.014915560161114,0.8548344366234852
1065,21538816,86875,359.9580078125,5.365047454833984,359.9580078125,5.365047454833984,1027.818359375,0.0,89.65518951416016,1.336276650428772,3.432088080961191,3.432088080961191,4.014915560161114,0.8548344366234852
1066,21559040,86955,364.6324768066406,2.7150862216949463,364.6324768066406,2.7150862216949463,1027.818359375,0.0,90.8194580078125,0.6762535572052002,3.432088080961191,3.432088080961191,4.014915560161114,0.8548344366234852
1067,21579264,87036,359.0307922363281,4.806826591491699,359.0307922363281,4.806826591491699,1027.818359375,0.0,89.42424774169922,1.1972393989562988,3.432088080961191,3.432088080961191,4.014915560161114,0.8548344366234852
1068,21599488,87117,360.9845886230469,1.764620065689087,360.9845886230469,1.764620065689087,1027.818359375,0.0,89.910888671875,0.4395177662372589,3.432088080961191,3.432088080961191,4.014915560161114,0.8548344366234852
1069,21619712,87197,357.4943542480469,6.314663887023926,357.4943542480469,6.314663887023926,1027.818359375,0.0,89.04155731201172,1.572803020477295,3.432088080961191,3.432088080961191,4.014915560161114,0.8548344366234852
1070,21639936,87278,364.1271057128906,1.398115873336792,364.1271057128906,1.398115873336792,1027.818359375,0.0,90.6935806274414,0.3482358157634735,3.432088080961191,3.432088080961191,4.014915560161114,0.8548344366234852
1071,21660160,87359,361.222900390625,5.210558891296387,361.222900390625,5.210558891296387,1027.818359375,0.0,89.97024536132812,1.2978025674819946,3.432088080961191,3.432088080961191,4.014915560161114,0.8548344366234852
1072,21680384,87440,359.6213073730469,5.871599197387695,359.6213073730469,5.871599197387695,1027.818359375,0.0,89.57131958007812,1.4624452590942383,3.432088080961191,3.432088080961191,4.014915560161114,0.8548344366234852
1073,21700608,87520,362.6332092285156,2.1441023349761963,362.6332092285156,2.1441023349761963,1027.818359375,0.0,90.32150268554688,0.5340332984924316,3.432088080961191,3.432088080961191,4.014915560161114,0.8548344366234852
1074,21720832,87601,363.0581359863281,1.0763126611709595,363.0581359863281,1.0763126611709595,1027.818359375,0.0,90.42733764648438,0.2680773138999939,3.432088080961191,3.432088080961191,4.014915560161114,0.8548344366234852
1075,21741056,87681,358.2171630859375,2.2304704189300537,358.2171630859375,2.2304704189300537,1027.818359375,0.0,89.22158813476562,0.5555456280708313,3.432088080961191,3.432088080961191,4.014915560161114,0.8548344366234852
1076,21761280,87762,361.6061096191406,4.777401924133301,361.6061096191406,4.777401924133301,1027.818359375,0.0,90.06568145751953,1.1899151802062988,3.432088080961191,3.432088080961191,4.014915560161114,0.8548344366234852
1077,21781504,87843,360.0757751464844,4.14445686340332,360.0757751464844,4.14445686340332,1027.818359375,0.0,89.68450927734375,1.0322630405426025,3.432088080961191,3.432088080961191,4.014915560161114,0.8548344366234852
1078,21801728,87924,358.21435546875,3.0104260444641113,358.21435546875,3.0104260444641113,1027.818359375,0.0,89.22089385986328,0.7498112916946411,3.432088080961191,3.432088080961191,4.014915560161114,0.8548344366234852
1079,21821952,88004,361.8423767089844,2.135392904281616,361.8423767089844,2.135392904281616,1027.818359375,0.0,90.1245346069336,0.5318665504455566,3.432088080961191,3.432088080961191,4.014915560161114,0.8548344366234852
1080,21842176,88085,363.4972229003906,3.7945218086242676,363.4972229003906,3.7945218086242676,1027.818359375,0.0,90.53670501708984,0.9451053142547607,3.432088080961191,3.432088080961191,4.014915560161114,0.8548344366234852
1081,21862400,88166,361.1257629394531,4.888500213623047,361.1257629394531,4.888500213623047,1027.818359375,0.0,89.946044921875,1.2175828218460083,3.432088080961191,3.432088080961191,4.014915560161114,0.8548344366234852
1082,21882624,88246,363.4772644042969,1.8611059188842773,363.4772644042969,1.8611059188842773,1027.818359375,0.0,90.53173065185547,0.463547945022583,3.432088080961191,3.432088080961191,4.014915560161114,0.8548344366234852
1083,21902848,88327,365.6328125,2.3021860122680664,365.6328125,2.3021860122680664,1027.818359375,0.0,91.068603515625,0.5734066367149353,3.432088080961191,3.432088080961191,4.014915560161114,0.8548344366234852
1084,21923072,88407,363.4161682128906,0.35563206672668457,363.4161682128906,0.35563206672668457,1027.818359375,0.0,90.51653289794922,0.08857887238264084,3.432088080961191,3.432088080961191,4.014915560161114,0.8548344366234852
1085,21943296,88488,361.3332214355469,7.6126389503479,361.3332214355469,7.6126389503479,1027.818359375,0.0,89.99771118164062,1.8960890769958496,3.432088080961191,3.432088080961191,4.014915560161114,0.8548344366234852
1086,21963520,88568,359.1807861328125,3.0014357566833496,359.1807861328125,3.0014357566833496,1027.818359375,0.0,89.46160888671875,0.7475751042366028,3.432088080961191,3.432088080961191,4.014915560161114,0.8548344366234852
1087,21983744,88648,358.489013671875,1.6329011917114258,358.489013671875,1.6329011917114258,1027.818359375,0.0,89.289306640625,0.4067108929157257,3.432088080961191,3.432088080961191,4.014915560161114,0.8548344366234852
1088,22003968,88728,361.9463806152344,8.255471229553223,361.9463806152344,8.255471229553223,1027.818359375,0.0,90.15044403076172,2.0562002658843994,3.432088080961191,3.432088080961191,4.014915560161114,0.8548344366234852
1089,22024192,88808,358.5112609863281,1.402740478515625,358.5112609863281,1.402740478515625,1027.818359375,0.0,89.29485321044922,0.34938254952430725,3.432088080961191,3.432088080961191,4.014915560161114,0.8548344366234852
1090,22044416,88889,363.7304382324219,3.7662875652313232,363.7304382324219,3.7662875652313232,1027.818359375,0.0,90.59479522705078,0.9380771517753601,3.432088080961191,3.432088080961191,4.014915560161114,0.8548344366234852
1091,22064640,88969,363.6600646972656,3.3755762577056885,363.6600646972656,3.3755762577056885,1027.818359375,0.0,90.5772705078125,0.8407559394836426,3.432088080961191,3.432088080961191,4.014915560161114,0.8548344366234852
1092,22084864,89048,361.44091796875,4.856624603271484,361.44091796875,4.856624603271484,1027.818359375,0.0,90.02454376220703,1.2096467018127441,3.432088080961191,3.432088080961191,4.014915560161114,0.8548344366234852
1093,22105088,89128,365.1290283203125,6.6910247802734375,365.1290283203125,6.6910247802734375,1027.818359375,0.0,90.9431381225586,1.6665432453155518,3.432088080961191,3.432088080961191,4.014915560161114,0.8548344366234852
1094,22125312,89208,356.5924072265625,2.664616823196411,356.5924072265625,2.664616823196411,1027.818359375,0.0,88.8169174194336,0.6636804342269897,3.432088080961191,3.432088080961191,4.014915560161114,0.8548344366234852
1095,22145536,89288,362.4685974121094,2.1682214736938477,362.4685974121094,2.1682214736938477,1027.818359375,0.0,90.2804946899414,0.5400449633598328,3.432088080961191,3.432088080961191,4.014915560161114,0.8548344366234852
1096,22165760,89368,356.3931579589844,3.3815484046936035,356.3931579589844,3.3815484046936035,1027.818359375,0.0,88.76728057861328,0.8422486186027527,3.432088080961191,3.432088080961191,4.014915560161114,0.8548344366234852
1097,22185984,89448,363.5099182128906,2.1952064037323,363.5099182128906,2.1952064037323,1027.818359375,0.0,90.53986358642578,0.5467638373374939,3.432088080961191,3.432088080961191,4.014915560161114,0.8548344366234852
1098,22206208,89529,366.371826171875,3.7709298133850098,366.371826171875,3.7709298133850098,1027.818359375,0.0,91.252685546875,0.9392310976982117,3.432088080961191,3.432088080961191,4.014915560161114,0.8548344366234852
1099,22226432,89609,358.2830505371094,1.7485142946243286,358.2830505371094,1.7485142946243286,1027.818359375,0.0,89.23799896240234,0.43550580739974976,3.432088080961191,3.432088080961191,4.014915560161114,0.8548344366234852
1100,22246656,89689,361.7832336425781,1.1844090223312378,361.7832336425781,1.1844090223312378,1027.818359375,0.0,90.10980224609375,0.29499876499176025,3.432088080961191,3.432088080961191,4.014915560161114,0.8548344366234852
1101,22266880,89768,362.502197265625,3.3664791584014893,362.502197265625,3.3664791584014893,1027.818359375,0.0,90.28887176513672,0.838496208190918,3.432088080961191,3.432088080961191,4.014915560161114,0.8548344366234852
1102,22287104,89849,365.600830078125,2.129028797149658,365.600830078125,2.129028797149658,1027.818359375,0.0,91.0606460571289,0.5302782654762268,3.432088080961191,3.432088080961191,4.014915560161114,0.8548344366234852
1103,22307328,89930,360.9219970703125,3.051069736480713,360.9219970703125,3.051069736480713,1027.818359375,0.0,89.89529418945312,0.7599330544471741,3.432088080961191,3.432088080961191,4.014915560161114,0.8548344366234852
1104,22327552,90010,357.8605041503906,5.2501654624938965,357.8605041503906,5.2501654624938965,1027.818359375,0.0,89.13275909423828,1.3076674938201904,3.432088080961191,3.432088080961191,4.014915560161114,0.8548344366234852
1105,22347776,90090,358.2286682128906,7.139978408813477,358.2286682128906,7.139978408813477,1027.818359375,0.0,89.22445678710938,1.7783632278442383,3.432088080961191,3.432088080961191,4.014915560161114,0.8548344366234852
1106,22368000,90170,359.5262145996094,6.379879474639893,359.5262145996094,6.379879474639893,1027.818359375,0.0,89.54763793945312,1.5890434980392456,3.432088080961191,3.432088080961191,4.014915560161114,0.8548344366234852
1107,22388224,90251,365.785888671875,1.6519867181777954,365.785888671875,1.6519867181777954,1027.818359375,0.0,91.10674285888672,0.41146188974380493,3.432088080961191,3.432088080961191,4.014915560161114,0.8548344366234852
1108,22408448,90332,361.547607421875,4.798454284667969,361.547607421875,4.798454284667969,1027.818359375,0.0,90.05111694335938,1.1951558589935303,3.432088080961191,3.432088080961191,4.014915560161114,0.8548344366234852
1109,22428672,90413,360.5568542480469,2.258835554122925,360.5568542480469,2.258835554122925,1027.818359375,0.0,89.8043441772461,0.5626140832901001,3.432088080961191,3.432088080961191,4.014915560161114,0.8548344366234852
1110,22448896,90494,358.8028869628906,2.34906268119812,358.8028869628906,2.34906268119812,1027.818359375,0.0,89.36749267578125,0.5850874185562134,3.432088080961191,3.432088080961191,4.014915560161114,0.8548344366234852
1111,22469120,90574,361.0884094238281,5.551021575927734,361.0884094238281,5.551021575927734,1027.818359375,0.0,89.9367446899414,1.3825984001159668,3.432088080961191,3.432088080961191,4.014915560161114,0.8548344366234852
1112,22489344,90655,362.1674499511719,2.7964863777160645,362.1674499511719,2.7964863777160645,1027.818359375,0.0,90.20548248291016,0.696525514125824,3.432088080961191,3.432088080961191,4.014915560161114,0.8548344366234852
1113,22509568,90736,358.9847717285156,4.305873394012451,358.9847717285156,4.305873394012451,1027.818359375,0.0,89.41278076171875,1.0724668502807617,3.432088080961191,3.432088080961191,4.014915560161114,0.8548344366234852
1114,22529792,90816,356.422607421875,8.991667747497559,356.422607421875,8.991667747497559,1027.818359375,0.0,88.77462005615234,2.239567279815674,3.432088080961191,3.432088080961191,4.014915560161114,0.8548344366234852
1115,22550016,90895,361.6110534667969,2.233182430267334,361.6110534667969,2.233182430267334,1027.818359375,0.0,90.0669174194336,0.5562195777893066,3.432088080961191,3.432088080961191,4.014915560161114,0.8548344366234852
1116,22570240,90976,366.4033508300781,3.4346840381622314,366.4033508300781,3.4346840381622314,1027.818359375,0.0,91.26053619384766,0.8554787635803223,3.432088080961191,3.432088080961191,4.014915560161114,0.8548344366234852
1117,22590464,91056,363.3844299316406,8.873051643371582,363.3844299316406,8.873051643371582,1027.818359375,0.0,90.50861358642578,2.210021495819092,3.432088080961191,3.432088080961191,4.014915560161114,0.8548344366234852
1118,22610688,91135,362.9645080566406,1.9673569202423096,362.9645080566406,1.9673569202423096,1027.818359375,0.0,90.40402221679688,0.4900110363960266,3.432088080961191,3.432088080961191,4.014915560161114,0.8548344366234852
1119,22630912,91215,362.2203369140625,6.112772464752197,362.2203369140625,6.112772464752197,1027.818359375,0.0,90.21866607666016,1.5225189924240112,3.432088080961191,3.432088080961191,4.014915560161114,0.8548344366234852
1120,22651136,91295,363.7677001953125,8.144363403320312,363.7677001953125,8.144363403320312,1027.818359375,0.0,90.60407257080078,2.0285234451293945,3.432088080961191,3.432088080961191,4.014915560161114,0.8548344366234852
1121,22671360,91375,362.84130859375,5.170673370361328,362.84130859375,5.170673370361328,1027.818359375,0.0,90.37332916259766,1.287866473197937,3.432088080961191,3.432088080961191,4.014915560161114,0.8548344366234852
1122,22691584,91456,361.09326171875,4.489840507507324,361.09326171875,4.489840507507324,1027.818359375,0.0,89.93795013427734,1.1182892322540283,3.432088080961191,3.432088080961191,4.014915560161114,0.8548344366234852
1123,22711808,91537,362.8076171875,7.753203868865967,362.8076171875,7.753203868865967,1027.818359375,0.0,90.36493682861328,1.9310990571975708,3.432088080961191,3.432088080961191,4.014915560161114,0.8548344366234852
1124,22732032,91617,360.861572265625,4.011193752288818,360.861572265625,4.011193752288818,1027.818359375,0.0,89.88024139404297,0.9990736246109009,3.432088080961191,3.432088080961191,4.014915560161114,0.8548344366234852
1125,22752256,91697,364.4697265625,5.779287815093994,364.4697265625,5.779287815093994,1027.818359375,0.0,90.7789306640625,1.439455509185791,3.432088080961191,3.432088080961191,4.014915560161114,0.8548344366234852
1126,22772480,91776,360.7787780761719,2.1817920207977295,360.7787780761719,2.1817920207977295,1027.818359375,0.0,89.859619140625,0.5434221029281616,3.432088080961191,3.432088080961191,4.014915560161114,0.8548344366234852
1127,22792704,91856,355.4195861816406,4.199886322021484,355.4195861816406,4.199886322021484,1027.818359375,0.0,88.5248031616211,1.0460684299468994,3.432088080961191,3.432088080961191,4.014915560161114,0.8548344366234852
1128,22812928,91935,358.2962341308594,6.674957752227783,358.2962341308594,6.674957752227783,1027.818359375,0.0,89.24129486083984,1.662543535232544,3.432088080961191,3.432088080961191,4.014915560161114,0.8548344366234852
1129,22833152,92015,360.19775390625,5.8303327560424805,360.19775390625,5.8303327560424805,1027.818359375,0.0,89.71490478515625,1.4521703720092773,3.432088080961191,3.432088080961191,4.014915560161114,0.8548344366234852
1130,22853376,92096,361.16650390625,1.2437376976013184,361.16650390625,1.2437376976013184,1027.818359375,0.0,89.95618438720703,0.30977627635002136,3.432088080961191,3.432088080961191,4.014915560161114,0.8548344366234852
1131,22873600,92176,362.84814453125,4.166261672973633,362.84814453125,4.166261672973633,1027.818359375,0.0,90.37503814697266,1.0376989841461182,3.432088080961191,3.432088080961191,4.014915560161114,0.8548344366234852
1132,22893824,92255,357.8238525390625,4.771644592285156,357.8238525390625,4.771644592285156,1027.818359375,0.0,89.12362670898438,1.1884790658950806,3.432088080961191,3.432088080961191,4.014915560161114,0.8548344366234852
1133,22914048,92334,358.8113708496094,2.5857014656066895,358.8113708496094,2.5857014656066895,1027.818359375,0.0,89.36959838867188,0.644024670124054,3.432088080961191,3.432088080961191,4.014915560161114,0.8548344366234852
1134,22934272,92414,359.1585998535156,6.1992597579956055,359.1585998535156,6.1992597579956055,1027.818359375,0.0,89.4560775756836,1.5440566539764404,3.432088080961191,3.432088080961191,4.014915560161114,0.8548344366234852
1135,22954496,92494,359.6577453613281,6.5451531410217285,359.6577453613281,6.5451531410217285,1027.818359375,0.0,89.58040618896484,1.6302071809768677,3.432088080961191,3.432088080961191,4.014915560161114,0.8548344366234852
1136,22974720,92573,360.7522277832031,1.202457070350647,360.7522277832031,1.202457070350647,1027.818359375,0.0,89.8530044555664,0.2994978725910187,3.432088080961191,3.432088080961191,4.014915560161114,0.8548344366234852
1137,22994944,92652,358.8349304199219,4.631746768951416,358.8349304199219,4.631746768951416,1027.818359375,0.0,89.37545776367188,1.1536362171173096,3.432088080961191,3.432088080961191,4.014915560161114,0.8548344366234852
1138,23015168,92731,362.4232482910156,3.809645175933838,362.4232482910156,3.809645175933838,1027.818359375,0.0,90.26920318603516,0.9488718509674072,3.432088080961191,3.432088080961191,4.014915560161114,0.8548344366234852
1139,23035392,92811,356.4266662597656,3.1352760791778564,356.4266662597656,3.1352760791778564,1027.818359375,0.0,88.775634765625,0.7809057235717773,3.432088080961191,3.432088080961191,4.014915560161114,0.8548344366234852
1140,23055616,92891,369.3951721191406,6.580062389373779,369.3951721191406,6.580062389373779,1027.818359375,0.0,92.0057144165039,1.6389034986495972,3.432088080961191,3.432088080961191,4.014915560161114,0.8548344366234852
1141,23075840,92971,360.8280944824219,1.3139128684997559,360.8280944824219,1.3139128684997559,1027.818359375,0.0,89.87191009521484,0.3272588849067688,3.432088080961191,3.432088080961191,4.014915560161114,0.8548344366234852
1142,23096064,93050,364.50390625,6.315406799316406,364.50390625,6.315406799316406,1027.818359375,0.0,90.78743743896484,1.5729856491088867,3.432088080961191,3.432088080961191,4.014915560161114,0.8548344366234852
1143,23116288,93129,361.3642272949219,3.3739805221557617,361.3642272949219,3.3739805221557617,1027.818359375,0.0,90.00543212890625,0.840362012386322,3.432088080961191,3.432088080961191,4.014915560161114,0.8548344366234852
1144,23136512,93209,359.53076171875,4.987890243530273,359.53076171875,4.987890243530273,1027.818359375,0.0,89.54877471923828,1.2423397302627563,3.432088080961191,3.432088080961191,4.014915560161114,0.8548344366234852
1145,23156736,93288,360.1867980957031,4.348189830780029,360.1867980957031,4.348189830780029,1027.818359375,0.0,89.7121810913086,1.0830090045928955,3.432088080961191,3.432088080961191,4.014915560161114,0.8548344366234852
1146,23176960,93367,357.572021484375,1.6879286766052246,357.572021484375,1.6879286766052246,1027.818359375,0.0,89.06090545654297,0.42041704058647156,3.432088080961191,3.432088080961191,4.014915560161114,0.8548344366234852
1147,23197184,93446,362.0357360839844,8.101370811462402,362.0357360839844,8.101370811462402,1027.818359375,0.0,90.17267608642578,2.017817497253418,3.432088080961191,3.432088080961191,4.014915560161114,0.8548344366234852
1148,23217408,93526,361.738525390625,4.026795864105225,361.738525390625,4.026795864105225,1027.818359375,0.0,90.09867095947266,1.0029560327529907,3.432088080961191,3.432088080961191,4.014915560161114,0.8548344366234852
1149,23237632,93606,360.2214050292969,8.099287986755371,360.2214050292969,8.099287986755371,1027.818359375,0.0,89.72079467773438,2.0172998905181885,3.432088080961191,3.432088080961191,4.014915560161114,0.8548344366234852
1150,23257856,93685,360.1468505859375,4.179621696472168,360.1468505859375,4.179621696472168,1027.818359375,0.0,89.70221710205078,1.041024088859558,3.432088080961191,3.432088080961191,4.014915560161114,0.8548344366234852
1151,23278080,93764,359.147216796875,2.8273866176605225,359.147216796875,2.8273866176605225,1027.818359375,0.0,89.4532470703125,0.7042210698127747,3.432088080961191,3.432088080961191,4.014915560161114,0.8548344366234852
1152,23298304,93843,363.3530578613281,9.087629318237305,363.3530578613281,9.087629318237305,1027.818359375,0.0,90.50080108642578,2.26346755027771,3.432088080961191,3.432088080961191,4.014915560161114,0.8548344366234852
1153,23318528,93923,362.0092468261719,5.241185188293457,362.0092468261719,5.241185188293457,1027.818359375,0.0,90.16608428955078,1.3054332733154297,3.432088080961191,3.432088080961191,4.014915560161114,0.8548344366234852
1154,23338752,94003,359.98876953125,3.155409336090088,359.98876953125,3.155409336090088,1027.818359375,0.0,89.662841796875,0.7859196662902832,3.432088080961191,3.432088080961191,4.014915560161114,0.8548344366234852
1155,23358976,94082,359.9433288574219,4.57368803024292,359.9433288574219,4.57368803024292,1027.818359375,0.0,89.65152740478516,1.1391773223876953,3.432088080961191,3.432088080961191,4.014915560161114,0.8548344366234852
1156,23379200,94162,360.4173278808594,3.9823946952819824,360.4173278808594,3.9823946952819824,1027.818359375,0.0,89.76959228515625,0.9918985962867737,3.432088080961191,3.432088080961191,4.014915560161114,0.8548344366234852
1157,23399424,94242,355.4510192871094,3.2812893390655518,355.4510192871094,3.2812893390655518,1027.818359375,0.0,88.53263092041016,0.8172694444656372,3.432088080961191,3.432088080961191,4.014915560161114,0.8548344366234852
1158,23419648,94322,358.4232482910156,1.0536110401153564,358.4232482910156,1.0536110401153564,1027.818359375,0.0,89.2729263305664,0.2624254524707794,3.432088080961191,3.432088080961191,4.014915560161114,0.8548344366234852
1159,23439872,94402,358.8056335449219,4.26634407043457,358.8056335449219,4.26634407043457,1027.818359375,0.0,89.3681640625,1.0626263618469238,3.432088080961191,3.432088080961191,4.014915560161114,0.8548344366234852
1160,23460096,94480,358.4794616699219,5.418853759765625,358.4794616699219,5.418853759765625,1027.818359375,0.0,89.28691864013672,1.3496806621551514,3.432088080961191,3.432088080961191,4.014915560161114,0.8548344366234852
1161,23480320,94559,360.350830078125,7.588564872741699,360.350830078125,7.588564872741699,1027.818359375,0.0,89.7530288696289,1.890093445777893,3.432088080961191,3.432088080961191,4.014915560161114,0.8548344366234852
1162,23500544,94639,361.9381408691406,4.994820594787598,361.9381408691406,4.994820594787598,1027.818359375,0.0,90.14839935302734,1.2440664768218994,3.432088080961191,3.432088080961191,4.014915560161114,0.8548344366234852
1163,23520768,94718,358.116943359375,9.214927673339844,358.116943359375,9.214927673339844,1027.818359375,0.0,89.1966323852539,2.2951738834381104,3.432088080961191,3.432088080961191,4.014915560161114,0.8548344366234852
1164,23540992,94797,361.7264709472656,8.398477554321289,361.7264709472656,8.398477554321289,1027.818359375,0.0,90.09566497802734,2.0918164253234863,3.432088080961191,3.432088080961191,4.014915560161114,0.8548344366234852
1165,23561216,94876,360.2679443359375,2.3322598934173584,360.2679443359375,2.3322598934173584,1027.818359375,0.0,89.73238372802734,0.5808998942375183,3.432088080961191,3.432088080961191,4.014915560161114,0.8548344366234852
1166,23581440,94955,363.5225524902344,5.13529109954834,363.5225524902344,5.13529109954834,1027.818359375,0.0,90.54300689697266,1.2790542840957642,3.432088080961191,3.432088080961191,4.014915560161114,0.8548344366234852
1167,23601664,95035,358.7799377441406,2.8545429706573486,358.7799377441406,2.8545429706573486,1027.818359375,0.0,89.36176300048828,0.7109861969947815,3.432088080961191,3.432088080961191,4.014915560161114,0.8548344366234852
1168,23621888,95114,361.6171569824219,3.1201155185699463,361.6171569824219,3.1201155185699463,1027.818359375,0.0,90.06842803955078,0.7771327495574951,3.432088080961191,3.432088080961191,4.014915560161114,0.8548344366234852
1169,23642112,95193,361.7056579589844,3.089566946029663,361.7056579589844,3.089566946029663,1027.818359375,0.0,90.0904769897461,0.7695252895355225,3.432088080961191,3.432088080961191,4.014915560161114,0.8548344366234852
1170,23662336,95272,365.5270080566406,5.089868545532227,365.5270080566406,5.089868545532227,1027.818359375,0.0,91.0422592163086,1.2677425146102905,3.432088080961191,3.432088080961191,4.014915560161114,0.8548344366234852
1171,23682560,95352,363.8625183105469,3.4187934398651123,363.8625183105469,3.4187934398651123,1027.818359375,0.0,90.627685546875,0.85152268409729,3.432088080961191,3.432088080961191,4.014915560161114,0.8548344366234852
1172,23702784,95431,361.9463195800781,4.783137321472168,361.9463195800781,4.783137321472168,1027.818359375,0.0,90.15042114257812,1.1913433074951172,3.432088080961191,3.432088080961191,4.014915560161114,0.8548344366234852
1173,23723008,95509,360.8423156738281,8.944799423217773,360.8423156738281,8.944799423217773,1027.818359375,0.0,89.87545013427734,2.227893114089966,3.432088080961191,3.432088080961191,4.014915560161114,0.8548344366234852
1174,23743232,95589,360.49169921875,5.69859504699707,360.49169921875,5.69859504699707,1027.818359375,0.0,89.7881088256836,1.4193525314331055,3.432088080961191,3.432088080961191,4.014915560161114,0.8548344366234852
1175,23763456,95669,363.190185546875,3.952826499938965,363.190185546875,3.952826499938965,1027.818359375,0.0,90.4602279663086,0.9845359921455383,3.432088080961191,3.432088080961191,4.014915560161114,0.8548344366234852
1176,23783680,95749,364.7574157714844,4.991219520568848,364.7574157714844,4.991219520568848,1027.818359375,0.0,90.85057830810547,1.2431695461273193,3.432088080961191,3.432088080961191,4.014915560161114,0.8548344366234852
1177,23803904,95828,360.7332458496094,6.804911136627197,360.7332458496094,6.804911136627197,1027.818359375,0.0,89.8482666015625,1.6949094533920288,3.432088080961191,3.432088080961191,4.014915560161114,0.8548344366234852
1178,23824128,95907,360.5646667480469,2.378042459487915,360.5646667480469,2.378042459487915,1027.818359375,0.0,89.80628204345703,0.5923008322715759,3.432088080961191,3.432088080961191,4.014915560161114,0.8548344366234852
1179,23844352,95986,356.5732727050781,3.05185866355896,356.5732727050781,3.05185866355896,1027.818359375,0.0,88.8121566772461,0.7601285576820374,3.432088080961191,3.432088080961191,4.014915560161114,0.8548344366234852
1180,23864576,96067,362.2890625,3.4742534160614014,362.2890625,3.4742534160614014,1027.818359375,0.0,90.23577880859375,0.8653377294540405,3.432088080961191,3.432088080961191,4.014915560161114,0.8548344366234852
1181,23884800,96146,360.9277038574219,3.2958242893218994,360.9277038574219,3.2958242893218994,1027.818359375,0.0,89.89672088623047,0.8208957314491272,3.432088080961191,3.432088080961191,4.014915560161114,0.8548344366234852
1182,23905024,96226,361.8620300292969,4.624041557312012,361.8620300292969,4.624041557312012,1027.818359375,0.0,90.1294174194336,1.151710867881775,3.432088080961191,3.432088080961191,4.014915560161114,0.8548344366234852
1183,23925248,96305,362.8609924316406,4.692079067230225,362.8609924316406,4.692079067230225,1027.818359375,0.0,90.37824249267578,1.1686592102050781,3.432088080961191,3.432088080961191,4.014915560161114,0.8548344366234852
1184,23945472,96384,356.9298095703125,6.683889389038086,356.9298095703125,6.683889389038086,1027.818359375,0.0,88.90094757080078,1.6647642850875854,3.432088080961191,3.432088080961191,4.014915560161114,0.8548344366234852
1185,23965696,96464,363.345947265625,8.173731803894043,363.345947265625,8.173731803894043,1027.818359375,0.0,90.49903106689453,2.0358400344848633,3.432088080961191,3.432088080961191,4.014915560161114,0.8548344366234852
1186,23985920,96543,363.926025390625,4.5055317878723145,363.926025390625,4.5055317878723145,1027.818359375,0.0,90.64350128173828,1.1221991777420044,3.432088080961191,3.432088080961191,4.014915560161114,0.8548344366234852
1187,24006144,96623,360.8450622558594,7.016536712646484,360.8450622558594,7.016536712646484,1027.818359375,0.0,89.8761215209961,1.7476192712783813,3.432088080961191,3.432088080961191,4.014915560161114,0.8548344366234852
1188,24026368,96702,357.649169921875,7.3640007972717285,357.649169921875,7.3640007972717285,1027.818359375,0.0,89.08013153076172,1.8341611623764038,3.432088080961191,3.432088080961191,4.014915560161114,0.8548344366234852
1189,24046592,96782,367.4916076660156,2.480525255203247,367.4916076660156,2.480525255203247,1027.818359375,0.0,91.5315933227539,0.6178274154663086,3.432088080961191,3.432088080961191,4.014915560161114,0.8548344366234852
1190,24066816,96862,362.7056579589844,2.937608003616333,362.7056579589844,2.937608003616333,1027.818359375,0.0,90.33954620361328,0.7316733002662659,3.432088080961191,3.432088080961191,4.014915560161114,0.8548344366234852
1191,24087040,96941,358.3799133300781,4.991051197052002,358.3799133300781,4.991051197052002,1027.818359375,0.0,89.26213836669922,1.243126392364502,3.432088080961191,3.432088080961191,4.014915560161114,0.8548344366234852
1192,24107264,97020,363.04345703125,9.641798973083496,363.04345703125,9.641798973083496,1027.818359375,0.0,90.4236831665039,2.4014928340911865,3.432088080961191,3.432088080961191,4.014915560161114,0.8548344366234852
1193,24127488,97100,362.1446838378906,5.899478435516357,362.1446838378906,5.899478435516357,1027.818359375,0.0,90.1998291015625,1.4693903923034668,3.432088080961191,3.432088080961191,4.014915560161114,0.8548344366234852
1194,24147712,97180,363.173828125,2.090580940246582,363.173828125,2.090580940246582,1027.818359375,0.0,90.4561538696289,0.5207066535949707,3.432088080961191,3.432088080961191,4.014915560161114,0.8548344366234852
1195,24167936,97259,361.6632995605469,2.1367580890655518,361.6632995605469,2.1367580890655518,1027.818359375,0.0,90.07992553710938,0.5322079658508301,3.432088080961191,3.432088080961191,4.014915560161114,0.8548344366234852
1196,24188160,97338,358.1481628417969,5.928829669952393,358.1481628417969,5.928829669952393,1027.818359375,0.0,89.20440673828125,1.476702332496643,3.432088080961191,3.432088080961191,4.014915560161114,0.8548344366234852
1197,24208384,97418,359.7610168457031,8.474261283874512,359.7610168457031,8.474261283874512,1027.818359375,0.0,89.60611724853516,2.1106886863708496,3.432088080961191,3.432088080961191,4.014915560161114,0.8548344366234852
1198,24228608,97497,366.3406066894531,1.7249259948730469,366.3406066894531,1.7249259948730469,1027.818359375,0.0,91.24491119384766,0.4296300709247589,3.432088080961191,3.432088080961191,4.014915560161114,0.8548344366234852
1199,24248832,97577,364.8251037597656,1.9296352863311768,364.8251037597656,1.9296352863311768,1027.818359375,0.0,90.8674545288086,0.48061487078666687,3.432088080961191,3.432088080961191,4.014915560161114,0.8548344366234852
1200,24269056,97655,364.0010986328125,6.673659324645996,364.0010986328125,6.673659324645996,1027.818359375,0.0,90.6622085571289,1.6622194051742554,3.432088080961191,3.432088080961191,4.014915560161114,0.8548344366234852
1201,24289280,97734,363.281982421875,2.8593380451202393,363.281982421875,2.8593380451202393,1027.818359375,0.0,90.48308563232422,0.7121788859367371,3.432088080961191,3.432088080961191,4.014915560161114,0.8548344366234852
1202,24309504,97814,366.2832946777344,8.66589641571045,366.2832946777344,8.66589641571045,1027.818359375,0.0,91.23062896728516,2.1584296226501465,3.432088080961191,3.432088080961191,4.014915560161114,0.8548344366234852
1203,24329728,97894,360.3002014160156,1.1888772249221802,360.3002014160156,1.1888772249221802,1027.818359375,0.0,89.74041748046875,0.2961157262325287,3.432088080961191,3.432088080961191,4.014915560161114,0.8548344366234852
1204,24349952,97973,363.3834228515625,6.275049209594727,363.3834228515625,6.275049209594727,1027.818359375,0.0,90.50836181640625,1.5629360675811768,3.432088080961191,3.432088080961191,4.014915560161114,0.8548344366234852
1205,24370176,98052,364.1222229003906,3.020434856414795,364.1222229003906,3.020434856414795,1027.818359375,0.0,90.6923599243164,0.7522997260093689,3.432088080961191,3.432088080961191,4.014915560161114,0.8548344366234852
1206,24390400,98132,365.8164367675781,3.0410757064819336,365.8164367675781,3.0410757064819336,1027.818359375,0.0,91.1143569946289,0.7574453949928284,3.432088080961191,3.432088080961191,4.014915560161114,0.8548344366234852
1207,24410624,98212,363.1668395996094,6.0908331871032715,363.1668395996094,6.0908331871032715,1027.818359375,0.0,90.45442962646484,1.5170502662658691,3.432088080961191,3.432088080961191,4.014915560161114,0.8548344366234852
1208,24430848,98292,358.7845764160156,3.855451822280884,358.7845764160156,3.855451822280884,1027.818359375,0.0,89.3629150390625,0.960283100605011,3.432088080961191,3.432088080961191,4.014915560161114,0.8548344366234852
1209,24451072,98371,360.00146484375,4.060958385467529,360.00146484375,4.060958385467529,1027.818359375,0.0,89.666015625,1.0114703178405762,3.432088080961191,3.432088080961191,4.014915560161114,0.8548344366234852
1210,24471296,98450,362.847900390625,2.2253222465515137,362.847900390625,2.2253222465515137,1027.818359375,0.0,90.3749771118164,0.554265022277832,3.432088080961191,3.432088080961191,4.014915560161114,0.8548344366234852
1211,24491520,98529,367.0586242675781,9.146156311035156,367.0586242675781,9.146156311035156,1027.818359375,0.0,91.42374420166016,2.278043270111084,3.432088080961191,3.432088080961191,4.014915560161114,0.8548344366234852
1212,24511744,98610,362.7956848144531,0.2867582440376282,362.7956848144531,0.2867582440376282,1027.818359375,0.0,90.36196899414062,0.0714251697063446,3.432088080961191,3.432088080961191,4.014915560161114,0.8548344366234852
1213,24531968,98689,360.6772766113281,7.322927951812744,360.6772766113281,7.322927951812744,1027.818359375,0.0,89.83434295654297,1.8239296674728394,3.432088080961191,3.432088080961191,4.014915560161114,0.8548344366234852
1214,24552192,98769,363.9527282714844,6.126824855804443,363.9527282714844,6.126824855804443,1027.818359375,0.0,90.650146484375,1.5260188579559326,3.432088080961191,3.432088080961191,4.014915560161114,0.8548344366234852
1215,24572416,98848,364.73974609375,4.81123685836792,364.73974609375,4.81123685836792,1027.818359375,0.0,90.84618377685547,1.1983414888381958,3.432088080961191,3.432088080961191,4.014915560161114,0.8548344366234852
1216,24592640,98928,360.7805480957031,3.945225715637207,360.7805480957031,3.945225715637207,1027.818359375,0.0,89.86006927490234,0.9826414585113525,3.432088080961191,3.432088080961191,4.014915560161114,0.8548344366234852
1217,24612864,99007,358.302490234375,5.239234924316406,358.302490234375,5.239234924316406,1027.818359375,0.0,89.24283599853516,1.304944396018982,3.432088080961191,3.432088080961191,4.014915560161114,0.8548344366234852
1218,24633088,99087,363.496826171875,4.483427047729492,363.496826171875,4.483427047729492,1027.818359375,0.0,90.5365982055664,1.1166908740997314,3.432088080961191,3.432088080961191,4.014915560161114,0.8548344366234852
1219,24653312,99166,360.1229553222656,5.98529577255249,360.1229553222656,5.98529577255249,1027.818359375,0.0,89.69628143310547,1.4907606840133667,3.432088080961191,3.432088080961191,4.014915560161114,0.8548344366234852
1220,24673536,99246,358.9737854003906,2.214186668395996,358.9737854003906,2.214186668395996,1027.818359375,0.0,89.4100570678711,0.5514899492263794,3.432088080961191,3.432088080961191,4.014915560161114,0.8548344366234852
1221,24693760,99326,364.8819274902344,2.301849603652954,364.8819274902344,2.301849603652954,1027.818359375,0.0,90.881591796875,0.5733230710029602,3.432088080961191,3.432088080961191,4.014915560161114,0.8548344366234852
1222,24713984,99405,361.6636657714844,4.907236576080322,361.6636657714844,4.907236576080322,1027.818359375,0.0,90.08001708984375,1.2222520112991333,3.432088080961191,3.432088080961191,4.014915560161114,0.8548344366234852
1223,24734208,99484,364.5616455078125,2.8415896892547607,364.5616455078125,2.8415896892547607,1027.818359375,0.0,90.80181121826172,0.7077594995498657,3.432088080961191,3.432088080961191,4.014915560161114,0.8548344366234852
1224,24754432,99563,363.096923828125,3.088242292404175,363.096923828125,3.088242292404175,1027.818359375,0.0,90.43701171875,0.7691929936408997,3.432088080961191,3.432088080961191,4.014915560161114,0.8548344366234852
1225,24774656,99643,359.2706604003906,5.890760898590088,359.2706604003906,5.890760898590088,1027.818359375,0.0,89.48400115966797,1.4672207832336426,3.432088080961191,3.432088080961191,4.014915560161114,0.8548344366234852
1226,24794880,99723,363.11669921875,5.835814476013184,363.11669921875,5.835814476013184,1027.818359375,0.0,90.44192504882812,1.4535324573516846,3.432088080961191,3.432088080961191,4.014915560161114,0.8548344366234852
1227,24815104,99802,361.4991149902344,2.4956746101379395,361.4991149902344,2.4956746101379395,1027.818359375,0.0,90.03903198242188,0.6215994358062744,3.432088080961191,3.432088080961191,4.014915560161114,0.8548344366234852
1228,24835328,99881,362.7369079589844,7.996389865875244,362.7369079589844,7.996389865875244,1027.818359375,0.0,90.34732818603516,1.9916660785675049,3.432088080961191,3.432088080961191,4.014915560161114,0.8548344366234852
1229,24855552,99960,358.40673828125,0.934596061706543,358.40673828125,0.934596061706543,1027.818359375,0.0,89.26880645751953,0.23278281092643738,3.432088080961191,3.432088080961191,4.014915560161114,0.8548344366234852
1230,24875776,100040,357.53173828125,1.243192434310913,357.53173828125,1.243192434310913,1027.818359375,0.0,89.05086517333984,0.3096393644809723,3.432088080961191,3.432088080961191,4.014915560161114,0.8548344366234852
1231,24896000,100119,366.2183532714844,3.1600005626678467,366.2183532714844,3.1600005626678467,1027.818359375,0.0,91.2144546508789,0.7870619297027588,3.432088080961191,3.432088080961191,4.014915560161114,0.8548344366234852
1232,24916224,100199,361.1031188964844,2.0338120460510254,361.1031188964844,2.0338120460510254,1027.818359375,0.0,89.9404067993164,0.5065635442733765,3.432088080961191,3.432088080961191,4.014915560161114,0.8548344366234852
1233,24936448,100278,359.8441467285156,1.2099193334579468,359.8441467285156,1.2099193334579468,1027.818359375,0.0,89.62682342529297,0.30135878920555115,3.432088080961191,3.432088080961191,4.014915560161114,0.8548344366234852
1234,24956672,100357,362.6948547363281,0.368108868598938,362.6948547363281,0.368108868598938,1027.818359375,0.0,90.33686065673828,0.09168092906475067,3.432088080961191,3.432088080961191,4.014915560161114,0.8548344366234852
1235,24976896,100437,361.0314636230469,4.921840667724609,361.0314636230469,4.921840667724609,1027.818359375,0.0,89.92255401611328,1.225888967514038,3.432088080961191,3.432088080961191,4.014915560161114,0.8548344366234852
1236,24997120,100516,360.4931945800781,2.580617666244507,360.4931945800781,2.580617666244507,1027.818359375,0.0,89.78848266601562,0.6427578330039978,3.432088080961191,3.432088080961191,4.014915560161114,0.8548344366234852
1237,25017344,100595,354.3687438964844,2.3420591354370117,354.3687438964844,2.3420591354370117,1027.818359375,0.0,88.2630615234375,0.5833376049995422,3.432088080961191,3.432088080961191,4.014915560161114,0.8548344366234852
1238,25037568,100674,361.1403503417969,2.7960493564605713,361.1403503417969,2.7960493564605713,1027.818359375,0.0,89.94966888427734,0.6964126229286194,3.432088080961191,3.432088080961191,4.014915560161114,0.8548344366234852
1239,25057792,100754,362.052978515625,5.360547065734863,362.052978515625,5.360547065734863,1027.818359375,0.0,90.1769790649414,1.3351576328277588,3.432088080961191,3.432088080961191,4.014915560161114,0.8548344366234852
1240,25078016,100834,362.3024597167969,4.04020357131958,362.3024597167969,4.04020357131958,1027.818359375,0.0,90.2391128540039,1.0062988996505737,3.432088080961191,3.432088080961191,4.014915560161114,0.8548344366234852
1241,25098240,100913,366.3348083496094,3.2876129150390625,366.3348083496094,3.2876129150390625,1027.818359375,0.0,91.24346923828125,0.8188514709472656,3.432088080961191,3.432088080961191,4.014915560161114,0.8548344366234852
1242,25118464,100992,362.1533203125,0.8666435480117798,362.1533203125,0.8666435480117798,1027.818359375,0.0,90.20197296142578,0.21585744619369507,3.432088080961191,3.432088080961191,4.014915560161114,0.8548344366234852
1243,25138688,101072,363.5202941894531,2.8238327503204346,363.5202941894531,2.8238327503204346,1027.818359375,0.0,90.5424575805664,0.7033328413963318,3.432088080961191,3.432088080961191,4.014915560161114,0.8548344366234852
1244,25158912,101152,357.6790466308594,0.7600652575492859,357.6790466308594,0.7600652575492859,1027.818359375,0.0,89.08756256103516,0.18931369483470917,3.432088080961191,3.432088080961191,4.014915560161114,0.8548344366234852
1245,25179136,101232,365.4891662597656,2.7191853523254395,365.4891662597656,2.7191853523254395,1027.818359375,0.0,91.03284454345703,0.6772693395614624,3.432088080961191,3.432088080961191,4.014915560161114,0.8548344366234852
1246,25199360,101312,357.22412109375,4.38674783706665,357.22412109375,4.38674783706665,1027.818359375,0.0,88.97425079345703,1.0926127433776855,3.432088080961191,3.432088080961191,4.014915560161114,0.8548344366234852
1247,25219584,101391,362.2101135253906,6.0651774406433105,362.2101135253906,6.0651774406433105,1027.818359375,0.0,90.21612548828125,1.5106585025787354,3.432088080961191,3.432088080961191,4.014915560161114,0.8548344366234852
1248,25239808,101471,362.6079406738281,2.378342866897583,362.6079406738281,2.378342866897583,1027.818359375,0.0,90.31521606445312,0.5923800468444824,3.432088080961191,3.432088080961191,4.014915560161114,0.8548344366234852
1249,25260032,101551,368.6144714355469,3.710214138031006,368.6144714355469,3.710214138031006,1027.818359375,0.0,91.8112564086914,0.924109160900116,3.432088080961191,3.432088080961191,4.014915560161114,0.8548344366234852
1250,25280256,101630,362.114013671875,3.9981751441955566,362.114013671875,3.9981751441955566,1027.818359375,0.0,90.19217681884766,0.9958333969116211,3.432088080961191,3.432088080961191,4.014915560161114,0.8548344366234852
1251,25300480,101709,358.5953063964844,1.2962437868118286,358.5953063964844,1.2962437868118286,1027.818359375,0.0,89.3157730102539,0.3228577673435211,3.432088080961191,3.432088080961191,4.014915560161114,0.8548344366234852
1252,25320704,101790,356.9455261230469,8.794901847839355,356.9455261230469,8.794901847839355,1027.818359375,0.0,88.90486907958984,2.190556526184082,3.432088080961191,3.432088080961191,4.014915560161114,0.8548344366234852
1253,25340928,101870,358.0356140136719,9.654016494750977,358.0356140136719,9.654016494750977,1027.818359375,0.0,89.1763687133789,2.404540777206421,3.432088080961191,3.432088080961191,4.014915560161114,0.8548344366234852
1254,25361152,101949,363.9770812988281,5.380590438842773,363.9770812988281,5.380590438842773,1027.818359375,0.0,90.6562271118164,1.3401492834091187,3.432088080961191,3.432088080961191,4.014915560161114,0.8548344366234852
1255,25381376,102028,364.4296875,1.0054391622543335,364.4296875,1.0054391622543335,1027.818359375,0.0,90.76895141601562,0.25042444467544556,3.432088080961191,3.432088080961191,4.014915560161114,0.8548344366234852
1256,25401600,102107,360.3224792480469,2.7470476627349854,360.3224792480469,2.7470476627349854,1027.818359375,0.0,89.74596405029297,0.6842132210731506,3.432088080961191,3.432088080961191,4.014915560161114,0.8548344366234852
1257,25421824,102187,365.77783203125,5.249930381774902,365.77783203125,5.249930381774902,1027.818359375,0.0,91.104736328125,1.3076070547103882,3.432088080961191,3.432088080961191,4.014915560161114,0.8548344366234852
1258,25442048,102267,362.8709411621094,2.3478469848632812,362.8709411621094,2.3478469848632812,1027.818359375,0.0,90.3807144165039,0.5847780108451843,3.432088080961191,3.432088080961191,4.014915560161114,0.8548344366234852
1259,25462272,102347,361.5173645019531,2.8946187496185303,361.5173645019531,2.8946187496185303,1027.818359375,0.0,90.04358673095703,0.7209652662277222,3.432088080961191,3.432088080961191,4.014915560161114,0.8548344366234852
1260,25482496,102426,361.9827880859375,2.1289288997650146,361.9827880859375,2.1289288997650146,1027.818359375,0.0,90.15950775146484,0.5302537679672241,3.432088080961191,3.432088080961191,4.014915560161114,0.8548344366234852
1261,25502720,102506,359.9876708984375,4.3784871101379395,359.9876708984375,4.3784871101379395,1027.818359375,0.0,89.6625747680664,1.0905519723892212,3.432088080961191,3.432088080961191,4.014915560161114,0.8548344366234852
1262,25522944,102586,362.7558898925781,1.8384535312652588,362.7558898925781,1.8384535312652588,1027.818359375,0.0,90.35205841064453,0.4579091966152191,3.432088080961191,3.432088080961191,4.014915560161114,0.8548344366234852
1263,25543168,102666,360.520751953125,3.332166910171509,360.520751953125,3.332166910171509,1027.818359375,0.0,89.79534912109375,0.8299442529678345,3.432088080961191,3.432088080961191,4.014915560161114,0.8548344366234852
1264,25563392,102746,362.284912109375,3.393536329269409,362.284912109375,3.393536329269409,1027.818359375,0.0,90.23474884033203,0.8452322483062744,3.432088080961191,3.432088080961191,4.014915560161114,0.8548344366234852
1265,25583616,102825,362.5765075683594,3.5344977378845215,362.5765075683594,3.5344977378845215,1027.818359375,0.0,90.30738067626953,0.8803364634513855,3.432088080961191,3.432088080961191,4.014915560161114,0.8548344366234852
1266,25603840,102906,359.42919921875,4.795626163482666,359.42919921875,4.795626163482666,1027.818359375,0.0,89.52347564697266,1.1944538354873657,3.432088080961191,3.432088080961191,4.014915560161114,0.8548344366234852
1267,25624064,102985,363.7029724121094,2.4057958126068115,363.7029724121094,2.4057958126068115,1027.818359375,0.0,90.58794403076172,0.5992124080657959,3.432088080961191,3.432088080961191,4.014915560161114,0.8548344366234852
1268,25644288,103064,364.547119140625,1.6867923736572266,364.547119140625,1.6867923736572266,1027.818359375,0.0,90.79821014404297,0.42012840509414673,3.432088080961191,3.432088080961191,4.014915560161114,0.8548344366234852
1269,25664512,103143,360.7469177246094,3.012596845626831,360.7469177246094,3.012596845626831,1027.818359375,0.0,89.85167694091797,0.7503513097763062,3.432088080961191,3.432088080961191,4.014915560161114,0.8548344366234852
1270,25684736,103223,361.548828125,5.494481086730957,361.548828125,5.494481086730957,1027.818359375,0.0,90.05142211914062,1.368517518043518,3.432088080961191,3.432088080961191,4.014915560161114,0.8548344366234852
1271,25704960,103303,358.1996765136719,5.01402473449707,358.1996765136719,5.01402473449707,1027.818359375,0.0,89.21723175048828,1.2488460540771484,3.432088080961191,3.432088080961191,4.014915560161114,0.8548344366234852
1272,25725184,103382,361.2481384277344,0.6343968510627747,361.2481384277344,0.6343968510627747,1027.818359375,0.0,89.97652435302734,0.1580093801021576,3.432088080961191,3.432088080961191,4.014915560161114,0.8548344366234852
1273,25745408,103461,360.3824768066406,4.083332538604736,360.3824768066406,4.083332538604736,1027.818359375,0.0,89.76091766357422,1.0170468091964722,3.432088080961191,3.432088080961191,4.014915560161114,0.8548344366234852
1274,25765632,103541,362.513671875,1.485366940498352,362.513671875,1.485366940498352,1027.818359375,0.0,90.2917251586914,0.3699599802494049,3.432088080961191,3.432088080961191,4.014915560161114,0.8548344366234852
1275,25785856,103621,361.3553161621094,5.76639461517334,361.3553161621094,5.76639461517334,1027.818359375,0.0,90.00321197509766,1.436244249343872,3.432088080961191,3.432088080961191,4.014915560161114,0.8548344366234852
1276,25806080,103700,363.6477355957031,0.8197517991065979,363.6477355957031,0.8197517991065979,1027.818359375,0.0,90.5741958618164,0.20417499542236328,3.432088080961191,3.432088080961191,4.014915560161114,0.8548344366234852
1277,25826304,103780,363.2702941894531,1.8117629289627075,363.2702941894531,1.8117629289627075,1027.818359375,0.0,90.48018646240234,0.4512549042701721,3.432088080961191,3.432088080961191,4.014915560161114,0.8548344366234852
1278,25846528,103859,362.1390686035156,7.340875148773193,362.1390686035156,7.340875148773193,1027.818359375,0.0,90.19842529296875,1.828401803970337,3.432088080961191,3.432088080961191,4.014915560161114,0.8548344366234852
1279,25866752,103939,359.9380798339844,1.2314765453338623,359.9380798339844,1.2314765453338623,1027.818359375,0.0,89.65021514892578,0.3067208230495453,3.432088080961191,3.432088080961191,4.014915560161114,0.8548344366234852
1280,25886976,104019,359.5690612792969,4.302109241485596,359.5690612792969,4.302109241485596,1027.818359375,0.0,89.55831146240234,1.071532130241394,3.432088080961191,3.432088080961191,4.014915560161114,0.8548344366234852
1281,25907200,104098,364.4291076660156,3.6510372161865234,364.4291076660156,3.6510372161865234,1027.818359375,0.0,90.7688217163086,0.9093718528747559,3.432088080961191,3.432088080961191,4.014915560161114,0.8548344366234852
1282,25927424,104176,361.074951171875,4.892631530761719,361.074951171875,4.892631530761719,1027.818359375,0.0,89.93338775634766,1.218612790107727,3.432088080961191,3.432088080961191,4.014915560161114,0.8548344366234852
1283,25947648,104256,363.9911804199219,3.959547996520996,363.9911804199219,3.959547996520996,1027.818359375,0.0,90.65972900390625,0.9862107634544373,3.432088080961191,3.432088080961191,4.014915560161114,0.8548344366234852
1284,25967872,104337,367.1536865234375,4.057945728302002,367.1536865234375,4.057945728302002,1027.818359375,0.0,91.44742584228516,1.0107204914093018,3.432088080961191,3.432088080961191,4.014915560161114,0.8548344366234852
1285,25988096,104417,359.7362365722656,0.6401299238204956,359.7362365722656,0.6401299238204956,1027.818359375,0.0,89.5999526977539,0.15943893790245056,3.432088080961191,3.432088080961191,4.014915560161114,0.8548344366234852
1286,26008320,104496,364.86083984375,9.898530006408691,364.86083984375,9.898530006408691,1027.818359375,0.0,90.8763427734375,2.4654393196105957,3.432088080961191,3.432088080961191,4.014915560161114,0.8548344366234852
1287,26028544,104575,364.0760192871094,3.760317802429199,364.0760192871094,3.760317802429199,1027.818359375,0.0,90.68085479736328,0.9365888237953186,3.432088080961191,3.432088080961191,4.014915560161114,0.8548344366234852
1288,26048768,104655,361.2937927246094,1.7329185009002686,361.2937927246094,1.7329185009002686,1027.818359375,0.0,89.98788452148438,0.43162134289741516,3.432088080961191,3.432088080961191,4.014915560161114,0.8548344366234852
1289,26068992,104735,363.4881591796875,8.99882698059082,363.4881591796875,8.99882698059082,1027.818359375,0.0,90.5344467163086,2.241346597671509,3.432088080961191,3.432088080961191,4.014915560161114,0.8548344366234852
1290,26089216,104814,363.33544921875,3.9294867515563965,363.33544921875,3.9294867515563965,1027.818359375,0.0,90.49642181396484,0.9787183403968811,3.432088080961191,3.432088080961191,4.014915560161114,0.8548344366234852
1291,26109440,104893,366.0699157714844,2.8885881900787354,366.0699157714844,2.8885881900787354,1027.818359375,0.0,91.177490234375,0.7194603681564331,3.432088080961191,3.432088080961191,4.014915560161114,0.8548344366234852
1292,26129664,104972,357.98779296875,4.74225378036499,357.98779296875,4.74225378036499,1027.818359375,0.0,89.16445922851562,1.1811615228652954,3.432088080961191,3.432088080961191,4.014915560161114,0.8548344366234852
1293,26149888,105052,368.664306640625,0.96843022108078,368.664306640625,0.96843022108078,1027.818359375,0.0,91.82367706298828,0.24120807647705078,3.432088080961191,3.432088080961191,4.014915560161114,0.8548344366234852
1294,26170112,105131,361.7424621582031,4.256595134735107,361.7424621582031,4.256595134735107,1027.818359375,0.0,90.09963989257812,1.0601966381072998,3.432088080961191,3.432088080961191,4.014915560161114,0.8548344366234852
1295,26190336,105210,360.5367126464844,2.4225099086761475,360.5367126464844,2.4225099086761475,1027.818359375,0.0,89.79931640625,0.6033802628517151,3.432088080961191,3.432088080961191,4.014915560161114,0.8548344366234852
1296,26210560,105289,364.1012878417969,3.252091407775879,364.1012878417969,3.252091407775879,1027.818359375,0.0,90.6871566772461,0.8100043535232544,3.432088080961191,3.432088080961191,4.014915560161114,0.8548344366234852
1297,26230784,105369,359.432861328125,5.250479698181152,359.432861328125,5.250479698181152,1027.818359375,0.0,89.52438354492188,1.307743787765503,3.432088080961191,3.432088080961191,4.014915560161114,0.8548344366234852
1298,26251008,105449,361.954345703125,5.971846580505371,361.954345703125,5.971846580505371,1027.818359375,0.0,90.15242767333984,1.4874190092086792,3.432088080961191,3.432088080961191,4.014915560161114,0.8548344366234852
1299,26271232,105529,365.8365783691406,2.4289374351501465,365.8365783691406,2.4289374351501465,1027.818359375,0.0,91.11937713623047,0.6049816012382507,3.432088080961191,3.432088080961191,4.014915560161114,0.8548344366234852
1300,26291456,105608,359.097900390625,4.777276992797852,359.097900390625,4.777276992797852,1027.818359375,0.0,89.44095611572266,1.1898819208145142,3.432088080961191,3.432088080961191,4.014915560161114,0.8548344366234852
1301,26311680,105687,362.6506042480469,3.560513734817505,362.6506042480469,3.560513734817505,1027.818359375,0.0,90.3258285522461,0.8868186473846436,3.432088080961191,3.432088080961191,4.014915560161114,0.8548344366234852
1302,26331904,105767,364.41064453125,1.2111858129501343,364.41064453125,1.2111858129501343,1027.818359375,0.0,90.76421356201172,0.301675409078598,3.432088080961191,3.432088080961191,4.014915560161114,0.8548344366234852
1303,26352128,105847,364.64404296875,4.23216438293457,364.64404296875,4.23216438293457,1027.818359375,0.0,90.82234954833984,1.0541139841079712,3.432088080961191,3.432088080961191,4.014915560161114,0.8548344366234852
1304,26372352,105926,361.7444763183594,5.280264854431152,361.7444763183594,5.280264854431152,1027.818359375,0.0,90.10013580322266,1.3151633739471436,3.432088080961191,3.432088080961191,4.014915560161114,0.8548344366234852
1305,26392576,106005,366.3144836425781,3.51899790763855,366.3144836425781,3.51899790763855,1027.818359375,0.0,91.2384033203125,0.8764830231666565,3.432088080961191,3.432088080961191,4.014915560161114,0.8548344366234852
1306,26412800,106084,361.0421447753906,1.6318316459655762,361.0421447753906,1.6318316459655762,1027.818359375,0.0,89.92522430419922,0.4064434766769409,3.432088080961191,3.432088080961191,4.014915560161114,0.8548344366234852
1307,26433024,106163,361.3026428222656,2.437936782836914,361.3026428222656,2.437936782836914,1027.818359375,0.0,89.9901123046875,0.6072188019752502,3.432088080961191,3.432088080961191,4.014915560161114,0.8548344366234852
1308,26453248,106242,362.1095275878906,7.372401714324951,362.1095275878906,7.372401714324951,1027.818359375,0.0,90.19107055664062,1.8362494707107544,3.432088080961191,3.432088080961191,4.014915560161114,0.8548344366234852
1309,26473472,106320,359.9469909667969,1.877653956413269,359.9469909667969,1.877653956413269,1027.818359375,0.0,89.65243530273438,0.4676685631275177,3.432088080961191,3.432088080961191,4.014915560161114,0.8548344366234852
1310,26493696,106400,359.6805419921875,2.739896774291992,359.6805419921875,2.739896774291992,1027.818359375,0.0,89.5860824584961,0.6824275851249695,3.432088080961191,3.432088080961191,4.014915560161114,0.8548344366234852
1311,26513920,106479,365.3966064453125,1.5828946828842163,365.3966064453125,1.5828946828842163,1027.818359375,0.0,91.0097885131836,0.3942551910877228,3.432088080961191,3.432088080961191,4.014915560161114,0.8548344366234852
1312,26534144,106558,360.1359558105469,2.8158326148986816,360.1359558105469,2.8158326148986816,1027.818359375,0.0,89.69950103759766,0.7013447284698486,3.432088080961191,3.432088080961191,4.014915560161114,0.8548344366234852
1313,26554368,106636,359.052490234375,5.5284528732299805,359.052490234375,5.5284528732299805,1027.818359375,0.0,89.42964935302734,1.376977562904358,3.432088080961191,3.432088080961191,4.014915560161114,0.8548344366234852
1314,26574592,106715,360.472412109375,2.8032445907592773,360.472412109375,2.8032445907592773,1027.818359375,0.0,89.78331756591797,0.6982089281082153,3.432088080961191,3.432088080961191,4.014915560161114,0.8548344366234852
1315,26594816,106793,361.8087463378906,3.2213008403778076,361.8087463378906,3.2213008403778076,1027.818359375,0.0,90.11614990234375,0.8023345470428467,3.432088080961191,3.432088080961191,4.014915560161114,0.8548344366234852
1316,26615040,106873,359.8662109375,3.3962819576263428,359.8662109375,3.3962819576263428,1027.818359375,0.0,89.63232421875,0.8459187150001526,3.432088080961191,3.432088080961191,4.014915560161114,0.8548344366234852
1317,26635264,106952,362.6006164550781,5.748909950256348,362.6006164550781,5.748909950256348,1027.818359375,0.0,90.31339263916016,1.431886076927185,3.432088080961191,3.432088080961191,4.014915560161114,0.8548344366234852
1318,26655488,107030,364.755859375,4.635715961456299,364.755859375,4.635715961456299,1027.818359375,0.0,90.8501968383789,1.1546247005462646,3.432088080961191,3.432088080961191,4.014915560161114,0.8548344366234852
1319,26675712,107108,360.9036560058594,5.134647846221924,360.9036560058594,5.134647846221924,1027.818359375,0.0,89.89071655273438,1.2788909673690796,3.432088080961191,3.432088080961191,4.014915560161114,0.8548344366234852
1320,26695936,107187,362.5185546875,3.488490104675293,362.5185546875,3.488490104675293,1027.818359375,0.0,90.2929458618164,0.8688845038414001,3.432088080961191,3.432088080961191,4.014915560161114,0.8548344366234852
1321,26716160,107266,366.7340087890625,1.2617381811141968,366.7340087890625,1.2617381811141968,1027.818359375,0.0,91.3428955078125,0.3142605125904083,3.432088080961191,3.432088080961191,4.014915560161114,0.8548344366234852
1322,26736384,107344,366.1766662597656,6.807498455047607,366.1766662597656,6.807498455047607,1027.818359375,0.0,91.20407104492188,1.6955504417419434,3.432088080961191,3.432088080961191,4.014915560161114,0.8548344366234852
1323,26756608,107423,357.6643981933594,2.7293801307678223,357.6643981933594,2.7293801307678223,1027.818359375,0.0,89.08392333984375,0.6798091530799866,3.432088080961191,3.432088080961191,4.014915560161114,0.8548344366234852
1324,26776832,107502,360.5294494628906,1.8603864908218384,360.5294494628906,1.8603864908218384,1027.818359375,0.0,89.79752349853516,0.4633687138557434,3.432088080961191,3.432088080961191,4.014915560161114,0.8548344366234852
1325,26797056,107582,365.61865234375,7.8003106117248535,365.61865234375,7.8003106117248535,1027.818359375,0.0,91.0650863647461,1.9428333044052124,3.432088080961191,3.432088080961191,4.014915560161114,0.8548344366234852
1326,26817280,107660,358.6414489746094,8.69225025177002,358.6414489746094,8.69225025177002,1027.818359375,0.0,89.3272705078125,2.1649863719940186,3.432088080961191,3.432088080961191,4.014915560161114,0.8548344366234852
1327,26837504,107738,362.7861328125,7.693456172943115,362.7861328125,7.693456172943115,1027.818359375,0.0,90.35958862304688,1.9162172079086304,3.432088080961191,3.432088080961191,4.014915560161114,0.8548344366234852
1328,26857728,107817,358.0367431640625,0.5021920204162598,358.0367431640625,0.5021920204162598,1027.818359375,0.0,89.1766586303711,0.12508191168308258,3.432088080961191,3.432088080961191,4.014915560161114,0.8548344366234852
1329,26877952,107896,362.4740295410156,3.0919342041015625,362.4740295410156,3.0919342041015625,1027.818359375,0.0,90.2818603515625,0.7701128125190735,3.432088080961191,3.432088080961191,4.014915560161114,0.8548344366234852
1330,26898176,107976,362.0915832519531,3.3545286655426025,362.0915832519531,3.3545286655426025,1027.818359375,0.0,90.18660736083984,0.8355165719985962,3.432088080961191,3.432088080961191,4.014915560161114,0.8548344366234852
1331,26918400,108054,359.6031799316406,4.060018062591553,359.6031799316406,4.060018062591553,1027.818359375,0.0,89.56681060791016,1.011231780052185,3.432088080961191,3.432088080961191,4.014915560161114,0.8548344366234852
1332,26938624,108133,364.7604064941406,6.695592403411865,364.7604064941406,6.695592403411865,1027.818359375,0.0,90.8513412475586,1.6676770448684692,3.432088080961191,3.432088080961191,4.014915560161114,0.8548344366234852
1333,26958848,108212,367.653076171875,6.655074596405029,367.653076171875,6.655074596405029,1027.818359375,0.0,91.57180786132812,1.6575847864151,3.432088080961191,3.432088080961191,4.014915560161114,0.8548344366234852
1334,26979072,108291,365.3399658203125,1.4621853828430176,365.3399658203125,1.4621853828430176,1027.818359375,0.0,90.99566650390625,0.36419203877449036,3.432088080961191,3.432088080961191,4.014915560161114,0.8548344366234852
1335,26999296,108370,359.8306884765625,3.2454593181610107,359.8306884765625,3.2454593181610107,1027.818359375,0.0,89.62347412109375,0.8083526492118835,3.432088080961191,3.432088080961191,4.014915560161114,0.8548344366234852
1336,27019520,108449,362.0222473144531,6.128042697906494,362.0222473144531,6.128042697906494,1027.818359375,0.0,90.1693344116211,1.5263175964355469,3.432088080961191,3.432088080961191,4.014915560161114,0.8548344366234852
1337,27039744,108527,359.6876525878906,1.4186582565307617,359.6876525878906,1.4186582565307617,1027.818359375,0.0,89.58785247802734,0.3533465564250946,3.432088080961191,3.432088080961191,4.014915560161114,0.8548344366234852
1338,27059968,108606,360.9096374511719,4.67940092086792,360.9096374511719,4.67940092086792,1027.818359375,0.0,89.89220428466797,1.1655045747756958,3.432088080961191,3.432088080961191,4.014915560161114,0.8548344366234852
1339,27080192,108685,360.65771484375,2.87631893157959,360.65771484375,2.87631893157959,1027.818359375,0.0,89.8294677734375,0.7164090871810913,3.432088080961191,3.432088080961191,4.014915560161114,0.8548344366234852
1340,27100416,108764,365.862060546875,3.08835768699646,365.862060546875,3.08835768699646,1027.818359375,0.0,91.1257095336914,0.7692190408706665,3.432088080961191,3.432088080961191,4.014915560161114,0.8548344366234852
1341,27120640,108842,361.7439270019531,3.6663355827331543,361.7439270019531,3.6663355827331543,1027.818359375,0.0,90.10000610351562,0.9131802320480347,3.432088080961191,3.432088080961191,4.014915560161114,0.8548344366234852
1342,27140864,108922,362.105712890625,2.287381410598755,362.105712890625,2.287381410598755,1027.818359375,0.0,90.19012451171875,0.5697199702262878,3.432088080961191,3.432088080961191,4.014915560161114,0.8548344366234852
1343,27161088,109001,364.5479431152344,3.801201581954956,364.5479431152344,3.801201581954956,1027.818359375,0.0,90.79840087890625,0.9467684030532837,3.432088080961191,3.432088080961191,4.014915560161114,0.8548344366234852
1344,27181312,109080,357.6055908203125,1.9006327390670776,357.6055908203125,1.9006327390670776,1027.818359375,0.0,89.06926727294922,0.4733937084674835,3.432088080961191,3.432088080961191,4.014915560161114,0.8548344366234852
1345,27201536,109159,360.3937072753906,2.869330406188965,360.3937072753906,2.869330406188965,1027.818359375,0.0,89.76371002197266,0.7146695256233215,3.432088080961191,3.432088080961191,4.014915560161114,0.8548344366234852
1346,27221760,109237,361.6918640136719,6.1461076736450195,361.6918640136719,6.1461076736450195,1027.818359375,0.0,90.0870361328125,1.5308200120925903,3.432088080961191,3.432088080961191,4.014915560161114,0.8548344366234852
1347,27241984,109315,361.4583740234375,1.535833477973938,361.4583740234375,1.535833477973938,1027.818359375,0.0,90.02889251708984,0.38253119587898254,3.432088080961191,3.432088080961191,4.014915560161114,0.8548344366234852
1348,27262208,109395,362.5492858886719,1.3511101007461548,362.5492858886719,1.3511101007461548,1027.818359375,0.0,90.30059814453125,0.3365192115306854,3.432088080961191,3.432088080961191,4.014915560161114,0.8548344366234852
1349,27282432,109474,360.6006164550781,2.9985921382904053,360.6006164550781,2.9985921382904053,1027.818359375,0.0,89.81523895263672,0.7468647956848145,3.432088080961191,3.432088080961191,4.014915560161114,0.8548344366234852
1350,27302656,109552,360.8443298339844,6.198476314544678,360.8443298339844,6.198476314544678,1027.818359375,0.0,89.87593841552734,1.543861746788025,3.432088080961191,3.432088080961191,4.014915560161114,0.8548344366234852
1351,27322880,109631,358.88720703125,4.078547477722168,358.88720703125,4.078547477722168,1027.818359375,0.0,89.38848114013672,1.0158473253250122,3.432088080961191,3.432088080961191,4.014915560161114,0.8548344366234852
1352,27343104,109710,362.1903991699219,5.68513822555542,362.1903991699219,5.68513822555542,1027.818359375,0.0,90.2112045288086,1.4160022735595703,3.432088080961191,3.432088080961191,4.014915560161114,0.8548344366234852
1353,27363328,109789,364.4053039550781,0.49914658069610596,364.4053039550781,0.49914658069610596,1027.818359375,0.0,90.76288604736328,0.12432223558425903,3.432088080961191,3.432088080961191,4.014915560161114,0.8548344366234852
1354,27383552,109867,360.4794006347656,2.5590853691101074,360.4794006347656,2.5590853691101074,1027.818359375,0.0,89.7850570678711,0.637394905090332,3.432088080961191,3.432088080961191,4.014915560161114,0.8548344366234852
1355,27403776,109946,356.5000915527344,4.628076076507568,356.5000915527344,4.628076076507568,1027.818359375,0.0,88.7939224243164,1.1527199745178223,3.432088080961191,3.432088080961191,4.014915560161114,0.8548344366234852
1356,27424000,110025,362.0152893066406,3.7091190814971924,362.0152893066406,3.7091190814971924,1027.818359375,0.0,90.16759490966797,0.9238347411155701,3.432088080961191,3.432088080961191,4.014915560161114,0.8548344366234852
1357,27444224,110104,358.870361328125,1.930114984512329,358.870361328125,1.930114984512329,1027.818359375,0.0,89.38427734375,0.4807380735874176,3.432088080961191,3.432088080961191,4.014915560161114,0.8548344366234852
1358,27464448,110183,365.7307434082031,2.943359136581421,365.7307434082031,2.943359136581421,1027.818359375,0.0,91.093017578125,0.7331092357635498,3.432088080961191,3.432088080961191,4.014915560161114,0.8548344366234852
1359,27484672,110261,361.5701599121094,5.8564453125,361.5701599121094,5.8564453125,1027.818359375,0.0,90.05672454833984,1.4586747884750366,3.432088080961191,3.432088080961191,4.014915560161114,0.8548344366234852
1360,27504896,110339,357.8373107910156,2.4711005687713623,357.8373107910156,2.4711005687713623,1027.818359375,0.0,89.12699127197266,0.6154801249504089,3.432088080961191,3.432088080961191,4.014915560161114,0.8548344366234852
1361,27525120,110417,365.0627746582031,8.434828758239746,365.0627746582031,8.434828758239746,1027.818359375,0.0,90.9266357421875,2.1008753776550293,3.432088080961191,3.432088080961191,4.014915560161114,0.8548344366234852
1362,27545344,110498,361.8404235839844,6.633239269256592,361.8404235839844,6.633239269256592,1027.818359375,0.0,90.12403106689453,1.6521480083465576,3.432088080961191,3.432088080961191,4.014915560161114,0.8548344366234852
1363,27565568,110576,360.9406433105469,0.8155103921890259,360.9406433105469,0.8155103921890259,1027.818359375,0.0,89.89993286132812,0.20312170684337616,3.432088080961191,3.432088080961191,4.014915560161114,0.8548344366234852
1364,27585792,110655,363.7274475097656,4.986255168914795,363.7274475097656,4.986255168914795,1027.818359375,0.0,90.59404754638672,1.2419277429580688,3.432088080961191,3.432088080961191,4.014915560161114,0.8548344366234852
1365,27606016,110733,364.831787109375,5.555737018585205,364.831787109375,5.555737018585205,1027.818359375,0.0,90.86910247802734,1.383773684501648,3.432088080961191,3.432088080961191,4.014915560161114,0.8548344366234852
1366,27626240,110813,360.8489074707031,0.6538350582122803,360.8489074707031,0.6538350582122803,1027.818359375,0.0,89.8770980834961,0.16285191476345062,3.432088080961191,3.432088080961191,4.014915560161114,0.8548344366234852
1367,27646464,110891,361.1014709472656,2.9324798583984375,361.1014709472656,2.9324798583984375,1027.818359375,0.0,89.93999481201172,0.7303929924964905,3.432088080961191,3.432088080961191,4.014915560161114,0.8548344366234852
1368,27666688,110971,359.9400329589844,3.098698139190674,359.9400329589844,3.098698139190674,1027.818359375,0.0,89.65071868896484,0.7717933654785156,3.432088080961191,3.432088080961191,4.014915560161114,0.8548344366234852
1369,27686912,111049,360.1195373535156,2.6276278495788574,360.1195373535156,2.6276278495788574,1027.818359375,0.0,89.6954116821289,0.654461681842804,3.432088080961191,3.432088080961191,4.014915560161114,0.8548344366234852
1370,27707136,111128,366.38623046875,5.580792427062988,366.38623046875,5.580792427062988,1027.818359375,0.0,91.25627899169922,1.3900175094604492,3.432088080961191,3.432088080961191,4.014915560161114,0.8548344366234852
1371,27727360,111207,362.9462890625,2.094937324523926,362.9462890625,2.094937324523926,1027.818359375,0.0,90.39948272705078,0.5217903852462769,3.432088080961191,3.432088080961191,4.014915560161114,0.8548344366234852
1372,27747584,111286,366.0187683105469,0.5522515773773193,366.0187683105469,0.5522515773773193,1027.818359375,0.0,91.16474151611328,0.13754767179489136,3.432088080961191,3.432088080961191,4.014915560161114,0.8548344366234852
1373,27767808,111364,365.4219665527344,2.6341898441314697,365.4219665527344,2.6341898441314697,1027.818359375,0.0,91.01610565185547,0.6561030149459839,3.432088080961191,3.432088080961191,4.014915560161114,0.8548344366234852
1374,27788032,111443,359.7715759277344,5.355339527130127,359.7715759277344,5.355339527130127,1027.818359375,0.0,89.60875701904297,1.3338640928268433,3.432088080961191,3.432088080961191,4.014915560161114,0.8548344366234852
1375,27808256,111523,359.79443359375,3.2776215076446533,359.79443359375,3.2776215076446533,1027.818359375,0.0,89.61444854736328,0.8163623213768005,3.432088080961191,3.432088080961191,4.014915560161114,0.8548344366234852
1376,27828480,111602,364.4213562011719,3.6913015842437744,364.4213562011719,3.6913015842437744,1027.818359375,0.0,90.76687622070312,0.919396698474884,3.432088080961191,3.432088080961191,4.014915560161114,0.8548344366234852
1377,27848704,111681,366.3890686035156,6.186990737915039,366.3890686035156,6.186990737915039,1027.818359375,0.0,91.25698852539062,1.5409990549087524,3.432088080961191,3.432088080961191,4.014915560161114,0.8548344366234852
1378,27868928,111759,360.117919921875,5.75057315826416,360.117919921875,5.75057315826416,1027.818359375,0.0,89.69501495361328,1.4322986602783203,3.432088080961191,3.432088080961191,4.014915560161114,0.8548344366234852
1379,27889152,111838,360.554443359375,3.707103729248047,360.554443359375,3.707103729248047,1027.818359375,0.0,89.80374145507812,0.9233343005180359,3.432088080961191,3.432088080961191,4.014915560161114,0.8548344366234852
1380,27909376,111917,357.4978942871094,1.5452566146850586,357.4978942871094,1.5452566146850586,1027.818359375,0.0,89.04244995117188,0.38488176465034485,3.432088080961191,3.432088080961191,4.014915560161114,0.8548344366234852
1381,27929600,111996,361.167724609375,3.669607639312744,361.167724609375,3.669607639312744,1027.818359375,0.0,89.95648956298828,0.9139935970306396,3.432088080961191,3.432088080961191,4.014915560161114,0.8548344366234852
1382,27949824,112075,358.76318359375,2.6425023078918457,358.76318359375,2.6425023078918457,1027.818359375,0.0,89.35759735107422,0.6581688523292542,3.432088080961191,3.432088080961191,4.014915560161114,0.8548344366234852
1383,27970048,112153,357.9573974609375,2.227398633956909,357.9573974609375,2.227398633956909,1027.818359375,0.0,89.15689086914062,0.554781436920166,3.432088080961191,3.432088080961191,4.014915560161114,0.8548344366234852
1384,27990272,112233,364.7049255371094,6.010069847106934,364.7049255371094,6.010069847106934,1027.818359375,0.0,90.8375015258789,1.496938705444336,3.432088080961191,3.432088080961191,4.014915560161114,0.8548344366234852
1385,28010496,112312,358.6320495605469,1.2829164266586304,358.6320495605469,1.2829164266586304,1027.818359375,0.0,89.3249282836914,0.3195391893386841,3.432088080961191,3.432088080961191,4.014915560161114,0.8548344366234852
1386,28030720,112391,359.7974853515625,3.8717617988586426,359.7974853515625,3.8717617988586426,1027.818359375,0.0,89.6152114868164,0.9643465876579285,3.432088080961191,3.432088080961191,4.014915560161114,0.8548344366234852
1387,28050944,112470,359.2885437011719,2.229842185974121,359.2885437011719,2.229842185974121,1027.818359375,0.0,89.48844146728516,0.5553878545761108,3.432088080961191,3.432088080961191,4.014915560161114,0.8548344366234852
1388,28071168,112549,364.53369140625,5.149786472320557,364.53369140625,5.149786472320557,1027.818359375,0.0,90.79485321044922,1.2826647758483887,3.432088080961191,3.432088080961191,4.014915560161114,0.8548344366234852
1389,28091392,112628,363.0068054199219,4.390872478485107,363.0068054199219,4.390872478485107,1027.818359375,0.0,90.41455078125,1.0936357975006104,3.432088080961191,3.432088080961191,4.014915560161114,0.8548344366234852
1390,28111616,112707,361.1855773925781,5.1681952476501465,361.1855773925781,5.1681952476501465,1027.818359375,0.0,89.9609375,1.2872488498687744,3.432088080961191,3.432088080961191,4.014915560161114,0.8548344366234852
1391,28131840,112785,360.4670715332031,0.19081361591815948,360.4670715332031,0.19081361591815948,1027.818359375,0.0,89.781982421875,0.04752597212791443,3.432088080961191,3.432088080961191,4.014915560161114,0.8548344366234852
1392,28152064,112864,361.4744567871094,0.4297528564929962,361.4744567871094,0.4297528564929962,1027.818359375,0.0,90.03289794921875,0.10703781992197037,3.432088080961191,3.432088080961191,4.014915560161114,0.8548344366234852
1393,28172288,112942,364.850830078125,1.0397385358810425,364.850830078125,1.0397385358810425,1027.818359375,0.0,90.87384796142578,0.2589700520038605,3.432088080961191,3.432088080961191,4.014915560161114,0.8548344366234852
1394,28192512,113022,365.989501953125,6.34478759765625,365.989501953125,6.34478759765625,1027.818359375,0.0,91.157470703125,1.5803035497665405,3.432088080961191,3.432088080961191,4.014915560161114,0.8548344366234852
1395,28212736,113101,356.5979919433594,6.701379299163818,356.5979919433594,6.701379299163818,1027.818359375,0.0,88.81829833984375,1.6691186428070068,3.432088080961191,3.432088080961191,4.014915560161114,0.8548344366234852
1396,28232960,113180,362.4364318847656,2.7245914936065674,362.4364318847656,2.7245914936065674,1027.818359375,0.0,90.27249908447266,0.6786191463470459,3.432088080961191,3.432088080961191,4.014915560161114,0.8548344366234852
1397,28253184,113259,360.9769592285156,2.3959434032440186,360.9769592285156,2.3959434032440186,1027.818359375,0.0,89.90898895263672,0.5967575311660767,3.432088080961191,3.432088080961191,4.014915560161114,0.8548344366234852
1398,28273408,113338,358.1336669921875,2.2220752239227295,358.1336669921875,2.2220752239227295,1027.818359375,0.0,89.20079803466797,0.5534499883651733,3.432088080961191,3.432088080961191,4.014915560161114,0.8548344366234852
1399,28293632,113417,365.8331298828125,1.871255874633789,365.8331298828125,1.871255874633789,1027.818359375,0.0,91.1185073852539,0.4660736918449402,3.432088080961191,3.432088080961191,4.014915560161114,0.8548344366234852
1400,28313856,113496,363.053466796875,2.324343204498291,363.053466796875,2.324343204498291,1027.818359375,0.0,90.42617797851562,0.5789270997047424,3.432088080961191,3.432088080961191,4.014915560161114,0.8548344366234852
1401,28334080,113575,361.4905700683594,9.125593185424805,361.4905700683594,9.125593185424805,1027.818359375,0.0,90.03689575195312,2.2729249000549316,3.432088080961191,3.432088080961191,4.014915560161114,0.8548344366234852
1402,28354304,113655,361.9373474121094,4.990521430969238,361.9373474121094,4.990521430969238,1027.818359375,0.0,90.1481704711914,1.2429908514022827,3.432088080961191,3.432088080961191,4.014915560161114,0.8548344366234852
1403,28374528,113734,356.2853698730469,5.235267162322998,356.2853698730469,5.235267162322998,1027.818359375,0.0,88.74044036865234,1.3039535284042358,3.432088080961191,3.432088080961191,4.014915560161114,0.8548344366234852
1404,28394752,113813,363.3006286621094,1.509261965751648,363.3006286621094,1.509261965751648,1027.818359375,0.0,90.48773193359375,0.3759163022041321,3.432088080961191,3.432088080961191,4.014915560161114,0.8548344366234852
1405,28414976,113892,361.907470703125,3.145616292953491,361.907470703125,3.145616292953491,1027.818359375,0.0,90.14073944091797,0.7834808230400085,3.432088080961191,3.432088080961191,4.014915560161114,0.8548344366234852
1406,28435200,113970,367.0986328125,2.697929859161377,367.0986328125,2.697929859161377,1027.818359375,0.0,91.43370819091797,0.6719765067100525,3.432088080961191,3.432088080961191,4.014915560161114,0.8548344366234852
1407,28455424,114050,359.358642578125,3.6107985973358154,359.358642578125,3.6107985973358154,1027.818359375,0.0,89.50591278076172,0.8993480205535889,3.432088080961191,3.432088080961191,4.014915560161114,0.8548344366234852
1408,28475648,114130,358.2634582519531,5.616715431213379,358.2634582519531,5.616715431213379,1027.818359375,0.0,89.23311614990234,1.3989627361297607,3.432088080961191,3.432088080961191,4.014915560161114,0.8548344366234852
1409,28495872,114209,357.3544921875,3.667987823486328,357.3544921875,3.667987823486328,1027.818359375,0.0,89.00672149658203,0.9135926365852356,3.432088080961191,3.432088080961191,4.014915560161114,0.8548344366234852
1410,28516096,114288,365.5711669921875,4.491477012634277,365.5711669921875,4.491477012634277,1027.818359375,0.0,91.05326080322266,1.1186943054199219,3.432088080961191,3.432088080961191,4.014915560161114,0.8548344366234852
1411,28536320,114367,363.7787170410156,2.1322286128997803,363.7787170410156,2.1322286128997803,1027.818359375,0.0,90.60681915283203,0.5310763716697693,3.432088080961191,3.432088080961191,4.014915560161114,0.8548344366234852
1412,28556544,114447,360.6736755371094,5.002854824066162,360.6736755371094,5.002854824066162,1027.818359375,0.0,89.83344268798828,1.2460721731185913,3.432088080961191,3.432088080961191,4.014915560161114,0.8548344366234852
1413,28576768,114526,366.5941467285156,8.144227981567383,366.5941467285156,8.144227981567383,1027.818359375,0.0,91.30806732177734,2.0284945964813232,3.432088080961191,3.432088080961191,4.014915560161114,0.8548344366234852
1414,28596992,114605,362.6848449707031,4.68750524520874,362.6848449707031,4.68750524520874,1027.818359375,0.0,90.3343734741211,1.1675225496292114,3.432088080961191,3.432088080961191,4.014915560161114,0.8548344366234852
1415,28617216,114683,361.714599609375,2.6306562423706055,361.714599609375,2.6306562423706055,1027.818359375,0.0,90.09270477294922,0.6552201509475708,3.432088080961191,3.432088080961191,4.014915560161114,0.8548344366234852
1416,28637440,114762,362.5150146484375,6.920722961425781,362.5150146484375,6.920722961425781,1027.818359375,0.0,90.29207611083984,1.7237542867660522,3.432088080961191,3.432088080961191,4.014915560161114,0.8548344366234852
1417,28657664,114840,359.2392578125,3.360548734664917,359.2392578125,3.360548734664917,1027.818359375,0.0,89.47615814208984,0.8370182514190674,3.432088080961191,3.432088080961191,4.014915560161114,0.8548344366234852
1418,28677888,114918,360.4918518066406,3.418032169342041,360.4918518066406,3.418032169342041,1027.818359375,0.0,89.78816986083984,0.8513329029083252,3.432088080961191,3.432088080961191,4.014915560161114,0.8548344366234852
1419,28698112,114996,358.8617858886719,2.337493419647217,358.8617858886719,2.337493419647217,1027.818359375,0.0,89.38214874267578,0.5822075605392456,3.432088080961191,3.432088080961191,4.014915560161114,0.8548344366234852
1420,28718336,115076,361.3219909667969,4.142591953277588,361.3219909667969,4.142591953277588,1027.818359375,0.0,89.99491119384766,1.0318021774291992,3.432088080961191,3.432088080961191,4.014915560161114,0.8548344366234852
1421,28738560,115155,356.7297058105469,3.3413994312286377,356.7297058105469,3.3413994312286377,1027.818359375,0.0,88.85110473632812,0.8322515487670898,3.432088080961191,3.432088080961191,4.014915560161114,0.8548344366234852
1422,28758784,115233,361.7721252441406,8.967395782470703,361.7721252441406,8.967395782470703,1027.818359375,0.0,90.1070327758789,2.233517646789551,3.432088080961191,3.432088080961191,4.014915560161114,0.8548344366234852
1423,28779008,115311,359.5822448730469,9.379335403442383,359.5822448730469,9.379335403442383,1027.818359375,0.0,89.56159210205078,2.3361220359802246,3.432088080961191,3.432088080961191,4.014915560161114,0.8548344366234852
1424,28799232,115390,359.7872009277344,2.341977596282959,359.7872009277344,2.341977596282959,1027.818359375,0.0,89.61264038085938,0.583319902420044,3.432088080961191,3.432088080961191,4.014915560161114,0.8548344366234852
1425,28819456,115468,364.2525634765625,6.174808502197266,364.2525634765625,6.174808502197266,1027.818359375,0.0,90.7248306274414,1.537967562675476,3.432088080961191,3.432088080961191,4.014915560161114,0.8548344366234852
1426,28839680,115548,363.5991516113281,1.75261652469635,363.5991516113281,1.75261652469635,1027.818359375,0.0,90.56210327148438,0.43652772903442383,3.432088080961191,3.432088080961191,4.014915560161114,0.8548344366234852
1427,28859904,115627,362.3149719238281,1.4088631868362427,362.3149719238281,1.4088631868362427,1027.818359375,0.0,90.24224853515625,0.3509032726287842,3.432088080961191,3.432088080961191,4.014915560161114,0.8548344366234852
1428,28880128,115705,356.8982238769531,7.7986650466918945,356.8982238769531,7.7986650466918945,1027.818359375,0.0,88.8930892944336,1.94242262840271,3.432088080961191,3.432088080961191,4.014915560161114,0.8548344366234852
1429,28900352,115784,358.6607360839844,3.7572543621063232,358.6607360839844,3.7572543621063232,1027.818359375,0.0,89.33206939697266,0.9358225464820862,3.432088080961191,3.432088080961191,4.014915560161114,0.8548344366234852
1430,28920576,115863,362.8175048828125,2.7507412433624268,362.8175048828125,2.7507412433624268,1027.818359375,0.0,90.3674087524414,0.6851276159286499,3.432088080961191,3.432088080961191,4.014915560161114,0.8548344366234852
1431,28940800,115942,362.4342956542969,7.385987281799316,362.4342956542969,7.385987281799316,1027.818359375,0.0,90.2719497680664,1.8396378755569458,3.432088080961191,3.432088080961191,4.014915560161114,0.8548344366234852
1432,28961024,116020,364.8563537597656,3.388920307159424,364.8563537597656,3.388920307159424,1027.818359375,0.0,90.8752212524414,0.8440847992897034,3.432088080961191,3.432088080961191,4.014915560161114,0.8548344366234852
1433,28981248,116099,365.4479675292969,5.324352264404297,365.4479675292969,5.324352264404297,1027.818359375,0.0,91.0225601196289,1.3261423110961914,3.432088080961191,3.432088080961191,4.014915560161114,0.8548344366234852
1434,29001472,116178,360.4607849121094,3.664673328399658,360.4607849121094,3.664673328399658,1027.818359375,0.0,89.7804183959961,0.9127616882324219,3.432088080961191,3.432088080961191,4.014915560161114,0.8548344366234852
1435,29021696,116258,360.5158996582031,2.1130528450012207,360.5158996582031,2.1130528450012207,1027.818359375,0.0,89.79415130615234,0.5262975096702576,3.432088080961191,3.432088080961191,4.014915560161114,0.8548344366234852
1436,29041920,116336,363.1097106933594,1.9020161628723145,363.1097106933594,1.9020161628723145,1027.818359375,0.0,90.440185546875,0.4737392067909241,3.432088080961191,3.432088080961191,4.014915560161114,0.8548344366234852
1437,29062144,116415,361.8423156738281,6.738475799560547,361.8423156738281,6.738475799560547,1027.818359375,0.0,90.12451934814453,1.6783595085144043,3.432088080961191,3.432088080961191,4.014915560161114,0.8548344366234852
1438,29082368,116494,361.834228515625,7.7667741775512695,361.834228515625,7.7667741775512695,1027.818359375,0.0,90.12250518798828,1.9344818592071533,3.432088080961191,3.432088080961191,4.014915560161114,0.8548344366234852
1439,29102592,116574,360.915771484375,4.543771743774414,360.915771484375,4.543771743774414,1027.818359375,0.0,89.89374542236328,1.1317228078842163,3.432088080961191,3.432088080961191,4.014915560161114,0.8548344366234852
1440,29122816,116653,363.6457214355469,2.907095193862915,363.6457214355469,2.907095193862915,1027.818359375,0.0,90.57369232177734,0.7240736484527588,3.432088080961191,3.432088080961191,4.014915560161114,0.8548344366234852
1441,29143040,116732,362.307861328125,3.8435661792755127,362.307861328125,3.8435661792755127,1027.818359375,0.0,90.240478515625,0.9573200345039368,3.432088080961191,3.432088080961191,4.014915560161114,0.8548344366234852
1442,29163264,116811,359.6731872558594,9.008870124816895,359.6731872558594,9.008870124816895,1027.818359375,0.0,89.58423614501953,2.2438511848449707,3.432088080961191,3.432088080961191,4.014915560161114,0.8548344366234852
1443,29183488,116890,358.6142272949219,7.455934047698975,358.6142272949219,7.455934047698975,1027.818359375,0.0,89.32048797607422,1.8570598363876343,3.432088080961191,3.432088080961191,4.014915560161114,0.8548344366234852
1444,29203712,116969,359.4967041015625,4.408320426940918,359.4967041015625,4.408320426940918,1027.818359375,0.0,89.540283203125,1.0979869365692139,3.432088080961191,3.432088080961191,4.014915560161114,0.8548344366234852
1445,29223936,117048,366.5593566894531,4.594699382781982,366.5593566894531,4.594699382781982,1027.818359375,0.0,91.29940032958984,1.144407033920288,3.432088080961191,3.432088080961191,4.014915560161114,0.8548344366234852
1446,29244160,117127,363.5517883300781,5.85188102722168,363.5517883300781,5.85188102722168,1027.818359375,0.0,90.55029296875,1.4575334787368774,3.432088080961191,3.432088080961191,4.014915560161114,0.8548344366234852
1447,29264384,117205,363.893310546875,0.7029640674591064,363.893310546875,0.7029640674591064,1027.818359375,0.0,90.63536834716797,0.17509040236473083,3.432088080961191,3.432088080961191,4.014915560161114,0.8548344366234852
1448,29284608,117284,363.0702209472656,1.8345081806182861,363.0702209472656,1.8345081806182861,1027.818359375,0.0,90.43035888671875,0.4569242298603058,3.432088080961191,3.432088080961191,4.014915560161114,0.8548344366234852
1449,29304832,117363,358.3107604980469,1.381631851196289,358.3107604980469,1.381631851196289,1027.818359375,0.0,89.24490356445312,0.34413018822669983,3.432088080961191,3.432088080961191,4.014915560161114,0.8548344366234852
1450,29325056,117441,361.4993591308594,4.762877941131592,361.4993591308594,4.762877941131592,1027.818359375,0.0,90.03909301757812,1.186298131942749,3.432088080961191,3.432088080961191,4.014915560161114,0.8548344366234852
1451,29345280,117519,362.4961853027344,0.8020244836807251,362.4961853027344,0.8020244836807251,1027.818359375,0.0,90.2873764038086,0.1997612565755844,3.432088080961191,3.432088080961191,4.014915560161114,0.8548344366234852
1452,29365504,117599,365.889892578125,4.739328861236572,365.889892578125,4.739328861236572,1027.818359375,0.0,91.13265228271484,1.1804301738739014,3.432088080961191,3.432088080961191,4.014915560161114,0.8548344366234852
1453,29385728,117678,364.5191955566406,2.6907832622528076,364.5191955566406,2.6907832622528076,1027.818359375,0.0,90.79125213623047,0.6701974868774414,3.432088080961191,3.432088080961191,4.014915560161114,0.8548344366234852
1454,29405952,117757,361.8514709472656,4.465723037719727,361.8514709472656,4.465723037719727,1027.818359375,0.0,90.12679290771484,1.1122807264328003,3.432088080961191,3.432088080961191,4.014915560161114,0.8548344366234852
1455,29426176,117836,360.2607727050781,6.096078872680664,360.2607727050781,6.096078872680664,1027.818359375,0.0,89.73059844970703,1.5183600187301636,3.432088080961191,3.432088080961191,4.014915560161114,0.8548344366234852
1456,29446400,117914,364.20703125,4.2938551902771,364.20703125,4.2938551902771,1027.818359375,0.0,90.7135009765625,1.069474458694458,3.432088080961191,3.432088080961191,4.014915560161114,0.8548344366234852
1457,29466624,117993,364.1585998535156,2.1195266246795654,364.1585998535156,2.1195266246795654,1027.818359375,0.0,90.7014389038086,0.5279091000556946,3.432088080961191,3.432088080961191,4.014915560161114,0.8548344366234852
1458,29486848,118073,358.346435546875,2.392544984817505,358.346435546875,2.392544984817505,1027.818359375,0.0,89.2537841796875,0.5959158539772034,3.432088080961191,3.432088080961191,4.014915560161114,0.8548344366234852
1459,29507072,118153,365.6724853515625,2.2219419479370117,365.6724853515625,2.2219419479370117,1027.818359375,0.0,91.07849884033203,0.5534285306930542,3.432088080961191,3.432088080961191,4.014915560161114,0.8548344366234852
1460,29527296,118232,361.38623046875,6.329675197601318,361.38623046875,6.329675197601318,1027.818359375,0.0,90.01091766357422,1.5765345096588135,3.432088080961191,3.432088080961191,4.014915560161114,0.8548344366234852
1461,29547520,118311,362.029296875,2.9729807376861572,362.029296875,2.9729807376861572,1027.818359375,0.0,90.17108154296875,0.7404888272285461,3.432088080961191,3.432088080961191,4.014915560161114,0.8548344366234852
1462,29567744,118391,364.3580017089844,3.8648056983947754,364.3580017089844,3.8648056983947754,1027.818359375,0.0,90.7510986328125,0.9626105427742004,3.432088080961191,3.432088080961191,4.014915560161114,0.8548344366234852
1463,29587968,118470,362.6860656738281,1.477605938911438,362.6860656738281,1.477605938911438,1027.818359375,0.0,90.33466339111328,0.36802852153778076,3.432088080961191,3.432088080961191,4.014915560161114,0.8548344366234852
1464,29608192,118549,366.8046569824219,5.54454231262207,366.8046569824219,5.54454231262207,1027.818359375,0.0,91.36048126220703,1.3809882402420044,3.432088080961191,3.432088080961191,4.014915560161114,0.8548344366234852
1465,29628416,118628,360.9117431640625,0.9111858010292053,360.9117431640625,0.9111858010292053,1027.818359375,0.0,89.89273834228516,0.22695186734199524,3.432088080961191,3.432088080961191,4.014915560161114,0.8548344366234852
1466,29648640,118707,363.5586853027344,1.8322595357894897,363.5586853027344,1.8322595357894897,1027.818359375,0.0,90.55200958251953,0.4563624858856201,3.432088080961191,3.432088080961191,4.014915560161114,0.8548344366234852
1467,29668864,118786,359.3275451660156,4.547132968902588,359.3275451660156,4.547132968902588,1027.818359375,0.0,89.49816131591797,1.132561445236206,3.432088080961191,3.432088080961191,4.014915560161114,0.8548344366234852
1468,29689088,118865,362.0237121582031,3.5709941387176514,362.0237121582031,3.5709941387176514,1027.818359375,0.0,90.1697006225586,0.8894332647323608,3.432088080961191,3.432088080961191,4.014915560161114,0.8548344366234852
1469,29709312,118944,361.9517517089844,4.9221906661987305,361.9517517089844,4.9221906661987305,1027.818359375,0.0,90.15177154541016,1.2259752750396729,3.432088080961191,3.432088080961191,4.014915560161114,0.8548344366234852
1470,29729536,119023,365.4326477050781,5.017109394073486,365.4326477050781,5.017109394073486,1027.818359375,0.0,91.01876831054688,1.2496181726455688,3.432088080961191,3.432088080961191,4.014915560161114,0.8548344366234852
1471,29749760,119103,354.97998046875,2.51554536819458,354.97998046875,2.51554536819458,1027.818359375,0.0,88.41531372070312,0.6265482306480408,3.432088080961191,3.432088080961191,4.014915560161114,0.8548344366234852
1472,29769984,119182,358.8759460449219,3.635847806930542,358.8759460449219,3.635847806930542,1027.818359375,0.0,89.38567352294922,0.9055837392807007,3.432088080961191,3.432088080961191,4.014915560161114,0.8548344366234852
1473,29790208,119261,357.5892333984375,2.022146701812744,357.5892333984375,2.022146701812744,1027.818359375,0.0,89.06519317626953,0.5036585927009583,3.432088080961191,3.432088080961191,4.014915560161114,0.8548344366234852
1474,29810432,119340,360.04541015625,0.5629279017448425,360.04541015625,0.5629279017448425,1027.818359375,0.0,89.67694091796875,0.14021018147468567,3.432088080961191,3.432088080961191,4.014915560161114,0.8548344366234852
1475,29830656,119419,362.2749938964844,1.032102346420288,362.2749938964844,1.032102346420288,1027.818359375,0.0,90.2322769165039,0.25706231594085693,3.432088080961191,3.432088080961191,4.014915560161114,0.8548344366234852
1476,29850880,119498,361.7708740234375,2.9201457500457764,361.7708740234375,2.9201457500457764,1027.818359375,0.0,90.10671997070312,0.7273231148719788,3.432088080961191,3.432088080961191,4.014915560161114,0.8548344366234852
1477,29871104,119577,363.436767578125,1.6423499584197998,363.436767578125,1.6423499584197998,1027.818359375,0.0,90.52164459228516,0.40906041860580444,3.432088080961191,3.432088080961191,4.014915560161114,0.8548344366234852
1478,29891328,119656,363.010009765625,6.3936591148376465,363.010009765625,6.3936591148376465,1027.818359375,0.0,90.41536712646484,1.5924748182296753,3.432088080961191,3.432088080961191,4.014915560161114,0.8548344366234852
1479,29911552,119735,358.66357421875,3.437194585800171,358.66357421875,3.437194585800171,1027.818359375,0.0,89.3327865600586,0.8561076521873474,3.432088080961191,3.432088080961191,4.014915560161114,0.8548344366234852
1480,29931776,119815,358.2878723144531,1.9204448461532593,358.2878723144531,1.9204448461532593,1027.818359375,0.0,89.23920440673828,0.47832825779914856,3.432088080961191,3.432088080961191,4.014915560161114,0.8548344366234852
1481,29952000,119893,361.3679504394531,1.7887818813323975,361.3679504394531,1.7887818813323975,1027.818359375,0.0,90.0063705444336,0.4455316662788391,3.432088080961191,3.432088080961191,4.014915560161114,0.8548344366234852
1482,29972224,119972,364.015380859375,1.08942449092865,364.015380859375,1.08942449092865,1027.818359375,0.0,90.66576385498047,0.27134454250335693,3.432088080961191,3.432088080961191,4.014915560161114,0.8548344366234852
1483,29992448,120050,357.2203063964844,5.965810775756836,357.2203063964844,5.965810775756836,1027.818359375,0.0,88.97330474853516,1.4859118461608887,3.432088080961191,3.432088080961191,4.014915560161114,0.8548344366234852
1484,30012672,120129,362.1545715332031,2.7444396018981934,362.1545715332031,2.7444396018981934,1027.818359375,0.0,90.2022933959961,0.6835619807243347,3.432088080961191,3.432088080961191,4.014915560161114,0.8548344366234852
1485,30032896,120209,355.5081481933594,1.6951119899749756,355.5081481933594,1.6951119899749756,1027.818359375,0.0,88.5468521118164,0.42220157384872437,3.432088080961191,3.432088080961191,4.014915560161114,0.8548344366234852
1486,30053120,120288,363.7687072753906,2.3132314682006836,363.7687072753906,2.3132314682006836,1027.818359375,0.0,90.60433197021484,0.5761580467224121,3.432088080961191,3.432088080961191,4.014915560161114,0.8548344366234852
1487,30073344,120367,366.128173828125,2.7484426498413086,366.128173828125,2.7484426498413086,1027.818359375,0.0,91.19200897216797,0.6845557689666748,3.432088080961191,3.432088080961191,4.014915560161114,0.8548344366234852
1488,30093568,120445,361.9876403808594,2.549567699432373,361.9876403808594,2.549567699432373,1027.818359375,0.0,90.16070556640625,0.6350229382514954,3.432088080961191,3.432088080961191,4.014915560161114,0.8548344366234852
1489,30113792,120525,361.1440734863281,2.6910886764526367,361.1440734863281,2.6910886764526367,1027.818359375,0.0,89.95059967041016,0.6702723503112793,3.432088080961191,3.432088080961191,4.014915560161114,0.8548344366234852
1490,30134016,120604,360.5008544921875,1.816375970840454,360.5008544921875,1.816375970840454,1027.818359375,0.0,89.79039764404297,0.452402263879776,3.432088080961191,3.432088080961191,4.014915560161114,0.8548344366234852
1491,30154240,120683,358.3603515625,7.433070659637451,358.3603515625,7.433070659637451,1027.818359375,0.0,89.25726318359375,1.8513647317886353,3.432088080961191,3.432088080961191,4.014915560161114,0.8548344366234852
1492,30174464,120761,356.0018310546875,0.3457864224910736,356.0018310546875,0.3457864224910736,1027.818359375,0.0,88.6698226928711,0.08612541854381561,3.432088080961191,3.432088080961191,4.014915560161114,0.8548344366234852
1493,30194688,120840,360.9366149902344,5.428708076477051,360.9366149902344,5.428708076477051,1027.818359375,0.0,89.89892578125,1.3521314859390259,3.432088080961191,3.432088080961191,4.014915560161114,0.8548344366234852
1494,30214912,120919,360.2605285644531,1.7506577968597412,360.2605285644531,1.7506577968597412,1027.818359375,0.0,89.73053741455078,0.43603986501693726,3.432088080961191,3.432088080961191,4.014915560161114,0.8548344366234852
1495,30235136,120998,363.53515625,4.684412479400635,363.53515625,4.684412479400635,1027.818359375,0.0,90.54615020751953,1.1667522192001343,3.432088080961191,3.432088080961191,4.014915560161114,0.8548344366234852
1496,30255360,121076,358.8493957519531,3.817878246307373,358.8493957519531,3.817878246307373,1027.818359375,0.0,89.37906646728516,0.9509230256080627,3.432088080961191,3.432088080961191,4.014915560161114,0.8548344366234852
1497,30275584,121155,360.7347717285156,5.400718688964844,360.7347717285156,5.400718688964844,1027.818359375,0.0,89.8486557006836,1.345159649848938,3.432088080961191,3.432088080961191,4.014915560161114,0.8548344366234852
1498,30295808,121235,359.5258483886719,2.9873344898223877,359.5258483886719,2.9873344898223877,1027.818359375,0.0,89.54755401611328,0.7440587878227234,3.432088080961191,3.432088080961191,4.014915560161114,0.8548344366234852
1499,30316032,121315,362.4353942871094,0.6344661116600037,362.4353942871094,0.6344661116600037,1027.818359375,0.0,90.2722396850586,0.15802788734436035,3.432088080961191,3.432088080961191,4.014915560161114,0.8548344366234852
1500,30336256,121394,357.8248291015625,0.7162303328514099,357.8248291015625,0.7162303328514099,1027.818359375,0.0,89.12387084960938,0.17839333415031433,3.432088080961191,3.432088080961191,4.014915560161114,0.8548344366234852
1501,30356480,121473,357.5067138671875,6.610497951507568,357.5067138671875,6.610497951507568,1027.818359375,0.0,89.04463958740234,1.6464869976043701,3.432088080961191,3.432088080961191,4.014915560161114,0.8548344366234852
1502,30376704,121552,363.0854797363281,3.3186159133911133,363.0854797363281,3.3186159133911133,1027.818359375,0.0,90.43415069580078,0.8265734314918518,3.432088080961191,3.432088080961191,4.014915560161114,0.8548344366234852
1503,30396928,121631,361.8163146972656,6.509009838104248,361.8163146972656,6.509009838104248,1027.818359375,0.0,90.1180419921875,1.6212068796157837,3.432088080961191,3.432088080961191,4.014915560161114,0.8548344366234852
1504,30417152,121711,361.9491271972656,3.209280252456665,361.9491271972656,3.209280252456665,1027.818359375,0.0,90.151123046875,0.7993404269218445,3.432088080961191,3.432088080961191,4.014915560161114,0.8548344366234852
1505,30437376,121790,361.8464660644531,4.537970066070557,361.8464660644531,4.537970066070557,1027.818359375,0.0,90.12554931640625,1.1302764415740967,3.432088080961191,3.432088080961191,4.014915560161114,0.8548344366234852
1506,30457600,121869,357.0234375,2.0902581214904785,357.0234375,2.0902581214904785,1027.818359375,0.0,88.92427825927734,0.5206254720687866,3.432088080961191,3.432088080961191,4.014915560161114,0.8548344366234852
1507,30477824,121949,362.6070251464844,1.7590734958648682,362.6070251464844,1.7590734958648682,1027.818359375,0.0,90.31497192382812,0.43813732266426086,3.432088080961191,3.432088080961191,4.014915560161114,0.8548344366234852
1508,30498048,122028,360.0957336425781,2.545246124267578,360.0957336425781,2.545246124267578,1027.818359375,0.0,89.68949127197266,0.6339468359947205,3.432088080961191,3.432088080961191,4.014915560161114,0.8548344366234852
1509,30518272,122107,357.7886962890625,5.8510541915893555,357.7886962890625,5.8510541915893555,1027.818359375,0.0,89.11487579345703,1.4573289155960083,3.432088080961191,3.432088080961191,4.014915560161114,0.8548344366234852
1510,30538496,122185,363.234130859375,5.141709327697754,363.234130859375,5.141709327697754,1027.818359375,0.0,90.4711685180664,1.2806553840637207,3.432088080961191,3.432088080961191,4.014915560161114,0.8548344366234852
1511,30558720,122264,362.0306701660156,1.5067024230957031,362.0306701660156,1.5067024230957031,1027.818359375,0.0,90.17144012451172,0.37527692317962646,3.432088080961191,3.432088080961191,4.014915560161114,0.8548344366234852
1512,30578944,122344,360.6090393066406,3.6885740756988525,360.6090393066406,3.6885740756988525,1027.818359375,0.0,89.81734466552734,0.9187220931053162,3.432088080961191,3.432088080961191,4.014915560161114,0.8548344366234852
1513,30599168,122422,363.9928283691406,3.8679330348968506,363.9928283691406,3.8679330348968506,1027.818359375,0.0,90.66014862060547,0.9633890986442566,3.432088080961191,3.432088080961191,4.014915560161114,0.8548344366234852
1514,30619392,122500,361.6380310058594,0.6804711222648621,361.6380310058594,0.6804711222648621,1027.818359375,0.0,90.0736312866211,0.16948415338993073,3.432088080961191,3.432088080961191,4.014915560161114,0.8548344366234852
1515,30639616,122578,358.3155822753906,0.9400195479393005,358.3155822753906,0.9400195479393005,1027.818359375,0.0,89.2461166381836,0.23413023352622986,3.432088080961191,3.432088080961191,4.014915560161114,0.8548344366234852
1516,30659840,122657,362.6026306152344,3.186642646789551,362.6026306152344,3.186642646789551,1027.818359375,0.0,90.31389617919922,0.7936995625495911,3.432088080961191,3.432088080961191,4.014915560161114,0.8548344366234852
1517,30680064,122737,361.9539794921875,3.2084121704101562,361.9539794921875,3.2084121704101562,1027.818359375,0.0,90.1523208618164,0.7991252541542053,3.432088080961191,3.432088080961191,4.014915560161114,0.8548344366234852
1518,30700288,122816,364.1468811035156,2.488278865814209,364.1468811035156,2.488278865814209,1027.818359375,0.0,90.69851684570312,0.6197593212127686,3.432088080961191,3.432088080961191,4.014915560161114,0.8548344366234852
1519,30720512,122895,358.9775390625,4.068984508514404,358.9775390625,4.068984508514404,1027.818359375,0.0,89.41097259521484,1.0134657621383667,3.432088080961191,3.432088080961191,4.014915560161114,0.8548344366234852
1520,30740736,122974,358.2227478027344,2.8983705043792725,358.2227478027344,2.8983705043792725,1027.818359375,0.0,89.22299194335938,0.7218987345695496,3.432088080961191,3.432088080961191,4.014915560161114,0.8548344366234852
1521,30760960,123054,361.5015869140625,1.3789364099502563,361.5015869140625,1.3789364099502563,1027.818359375,0.0,90.03964233398438,0.3434552550315857,3.432088080961191,3.432088080961191,4.014915560161114,0.8548344366234852
1522,30781184,123133,363.0450134277344,3.8584482669830322,363.0450134277344,3.8584482669830322,1027.818359375,0.0,90.424072265625,0.9610293507575989,3.432088080961191,3.432088080961191,4.014915560161114,0.8548344366234852
1523,30801408,123211,360.8596496582031,3.314629316329956,360.8596496582031,3.314629316329956,1027.818359375,0.0,89.87976837158203,0.8255786299705505,3.432088080961191,3.432088080961191,4.014915560161114,0.8548344366234852
1524,30821632,123290,362.6419982910156,2.5273640155792236,362.6419982910156,2.5273640155792236,1027.818359375,0.0,90.32369232177734,0.6294944882392883,3.432088080961191,3.432088080961191,4.014915560161114,0.8548344366234852
1525,30841856,123369,362.8270263671875,2.4242522716522217,362.8270263671875,2.4242522716522217,1027.818359375,0.0,90.3697738647461,0.6038084626197815,3.432088080961191,3.432088080961191,4.014915560161114,0.8548344366234852
1526,30862080,123449,360.7452697753906,8.035392761230469,360.7452697753906,8.035392761230469,1027.818359375,0.0,89.85126495361328,2.00138521194458,3.432088080961191,3.432088080961191,4.014915560161114,0.8548344366234852
1527,30882304,123527,364.1025085449219,4.422252178192139,364.1025085449219,4.422252178192139,1027.818359375,0.0,90.68746185302734,1.1014580726623535,3.432088080961191,3.432088080961191,4.014915560161114,0.8548344366234852
1528,30902528,123606,359.1307373046875,4.847772598266602,359.1307373046875,4.847772598266602,1027.818359375,0.0,89.44913482666016,1.2074381113052368,3.432088080961191,3.432088080961191,4.014915560161114,0.8548344366234852
1529,30922752,123684,361.3153381347656,5.88345193862915,361.3153381347656,5.88345193862915,1027.818359375,0.0,89.9932632446289,1.4653990268707275,3.432088080961191,3.432088080961191,4.014915560161114,0.8548344366234852
1530,30942976,123764,362.143798828125,3.7511229515075684,362.143798828125,3.7511229515075684,1027.818359375,0.0,90.1996078491211,0.9342973232269287,3.432088080961191,3.432088080961191,4.014915560161114,0.8548344366234852
1531,30963200,123843,360.9505920410156,3.7732582092285156,360.9505920410156,3.7732582092285156,1027.818359375,0.0,89.90240478515625,0.9398094415664673,3.432088080961191,3.432088080961191,4.014915560161114,0.8548344366234852
1532,30983424,123921,364.7198791503906,3.2291080951690674,364.7198791503906,3.2291080951690674,1027.818359375,0.0,90.84122467041016,0.804276704788208,3.432088080961191,3.432088080961191,4.014915560161114,0.8548344366234852
1533,31003648,124000,363.2572021484375,3.5936288833618164,363.2572021484375,3.5936288833618164,1027.818359375,0.0,90.47692108154297,0.8950729370117188,3.432088080961191,3.432088080961191,4.014915560161114,0.8548344366234852
1534,31023872,124079,363.3515319824219,4.030117034912109,363.3515319824219,4.030117034912109,1027.818359375,0.0,90.50040435791016,1.0037851333618164,3.432088080961191,3.432088080961191,4.014915560161114,0.8548344366234852
1535,31044096,124158,361.2677917480469,4.012323379516602,361.2677917480469,4.012323379516602,1027.818359375,0.0,89.98141479492188,0.9993570446968079,3.432088080961191,3.432088080961191,4.014915560161114,0.8548344366234852
1536,31064320,124237,359.2639465332031,5.277803897857666,359.2639465332031,5.277803897857666,1027.818359375,0.0,89.4823226928711,1.3145537376403809,3.432088080961191,3.432088080961191,4.014915560161114,0.8548344366234852
1537,31084544,124317,358.0167541503906,1.3207253217697144,358.0167541503906,1.3207253217697144,1027.818359375,0.0,89.17169189453125,0.3289552628993988,3.432088080961191,3.432088080961191,4.014915560161114,0.8548344366234852
1538,31104768,124395,360.2904968261719,2.0107243061065674,360.2904968261719,2.0107243061065674,1027.818359375,0.0,89.73799896240234,0.500813364982605,3.432088080961191,3.432088080961191,4.014915560161114,0.8548344366234852
1539,31124992,124475,361.3811340332031,4.246236801147461,361.3811340332031,4.246236801147461,1027.818359375,0.0,90.0096435546875,1.057613730430603,3.432088080961191,3.432088080961191,4.014915560161114,0.8548344366234852
1540,31145216,124554,363.4115295410156,0.8804250955581665,363.4115295410156,0.8804250955581665,1027.818359375,0.0,90.5153579711914,0.21929123997688293,3.432088080961191,3.432088080961191,4.014915560161114,0.8548344366234852
1541,31165440,124633,360.8782958984375,4.792348384857178,360.8782958984375,4.792348384857178,1027.818359375,0.0,89.8843994140625,1.1936368942260742,3.432088080961191,3.432088080961191,4.014915560161114,0.8548344366234852
1542,31185664,124711,358.3606872558594,7.647166728973389,358.3606872558594,7.647166728973389,1027.818359375,0.0,89.2573471069336,1.9046862125396729,3.432088080961191,3.432088080961191,4.014915560161114,0.8548344366234852
1543,31205888,124791,361.3441162109375,6.075964450836182,361.3441162109375,6.075964450836182,1027.818359375,0.0,90.00042724609375,1.5133447647094727,3.432088080961191,3.432088080961191,4.014915560161114,0.8548344366234852
1544,31226112,124870,361.6277160644531,7.520908832550049,361.6277160644531,7.520908832550049,1027.818359375,0.0,90.07107543945312,1.8732393980026245,3.432088080961191,3.432088080961191,4.014915560161114,0.8548344366234852
1545,31246336,124949,363.3602600097656,2.7620303630828857,363.3602600097656,2.7620303630828857,1027.818359375,0.0,90.5025863647461,0.687941312789917,3.432088080961191,3.432088080961191,4.014915560161114,0.8548344366234852
1546,31266560,125028,361.8300476074219,7.329958915710449,361.8300476074219,7.329958915710449,1027.818359375,0.0,90.1214599609375,1.825682282447815,3.432088080961191,3.432088080961191,4.014915560161114,0.8548344366234852
1547,31286784,125106,359.700927734375,4.099036693572998,359.700927734375,4.099036693572998,1027.818359375,0.0,89.59115600585938,1.0209561586380005,3.432088080961191,3.432088080961191,4.014915560161114,0.8548344366234852
1548,31307008,125184,364.343505859375,0.8918113708496094,364.343505859375,0.8918113708496094,1027.818359375,0.0,90.74748992919922,0.22212928533554077,3.432088080961191,3.432088080961191,4.014915560161114,0.8548344366234852
1549,31327232,125264,361.1092529296875,1.520368218421936,361.1092529296875,1.520368218421936,1027.818359375,0.0,89.94192504882812,0.37867844104766846,3.432088080961191,3.432088080961191,4.014915560161114,0.8548344366234852
1550,31347456,125343,362.9513244628906,4.4411940574646,362.9513244628906,4.4411940574646,1027.818359375,0.0,90.40072631835938,1.1061753034591675,3.432088080961191,3.432088080961191,4.014915560161114,0.8548344366234852
1551,31367680,125421,364.3002014160156,2.5431573390960693,364.3002014160156,2.5431573390960693,1027.818359375,0.0,90.73670196533203,0.6334232091903687,3.432088080961191,3.432088080961191,4.014915560161114,0.8548344366234852
1552,31387904,125499,360.9466857910156,4.3012261390686035,360.9466857910156,4.3012261390686035,1027.818359375,0.0,89.90143585205078,1.0713093280792236,3.432088080961191,3.432088080961191,4.014915560161114,0.8548344366234852
1553,31408128,125578,358.7192077636719,3.2967162132263184,358.7192077636719,3.2967162132263184,1027.818359375,0.0,89.34662628173828,0.8211160898208618,3.432088080961191,3.432088080961191,4.014915560161114,0.8548344366234852
1554,31428352,125656,357.7332458496094,0.7307061553001404,357.7332458496094,0.7307061553001404,1027.818359375,0.0,89.1010513305664,0.1820007860660553,3.432088080961191,3.432088080961191,4.014915560161114,0.8548344366234852
1555,31448576,125734,358.7818908691406,1.6056095361709595,358.7818908691406,1.6056095361709595,1027.818359375,0.0,89.36225128173828,0.3999146521091461,3.432088080961191,3.432088080961191,4.014915560161114,0.8548344366234852
1556,31468800,125813,360.0852355957031,8.259428977966309,360.0852355957031,8.259428977966309,1027.818359375,0.0,89.68688201904297,2.0571863651275635,3.432088080961191,3.432088080961191,4.014915560161114,0.8548344366234852
1557,31489024,125891,358.228515625,2.592184543609619,358.228515625,2.592184543609619,1027.818359375,0.0,89.22442626953125,0.6456385254859924,3.432088080961191,3.432088080961191,4.014915560161114,0.8548344366234852
1558,31509248,125973,361.6288146972656,8.96125602722168,361.6288146972656,8.96125602722168,1027.818359375,0.0,90.07135009765625,2.231992721557617,3.432088080961191,3.432088080961191,4.014915560161114,0.8548344366234852
1559,31529472,126051,360.5731201171875,7.476529121398926,360.5731201171875,7.476529121398926,1027.818359375,0.0,89.80838775634766,1.8621869087219238,3.432088080961191,3.432088080961191,4.014915560161114,0.8548344366234852
1560,31549696,126129,359.5475158691406,7.317525386810303,359.5475158691406,7.317525386810303,1027.818359375,0.0,89.55294036865234,1.8225866556167603,3.432088080961191,3.432088080961191,4.014915560161114,0.8548344366234852
1561,31569920,126207,362.5805358886719,1.5800800323486328,362.5805358886719,1.5800800323486328,1027.818359375,0.0,90.30838775634766,0.3935489356517792,3.432088080961191,3.432088080961191,4.014915560161114,0.8548344366234852
1562,31590144,126287,359.578369140625,7.313224792480469,359.578369140625,7.313224792480469,1027.818359375,0.0,89.56063079833984,1.821512222290039,3.432088080961191,3.432088080961191,4.014915560161114,0.8548344366234852
1563,31610368,126366,360.9770202636719,5.788748264312744,360.9770202636719,5.788748264312744,1027.818359375,0.0,89.90899658203125,1.4418103694915771,3.432088080961191,3.432088080961191,4.014915560161114,0.8548344366234852
1564,31630592,126445,358.0456237792969,1.15360426902771,358.0456237792969,1.15360426902771,1027.818359375,0.0,89.17886352539062,0.28733283281326294,3.432088080961191,3.432088080961191,4.014915560161114,0.8548344366234852
1565,31650816,126524,360.0154113769531,3.7104382514953613,360.0154113769531,3.7104382514953613,1027.818359375,0.0,89.66948699951172,0.9241657853126526,3.432088080961191,3.432088080961191,4.014915560161114,0.8548344366234852
1566,31671040,126602,362.0606384277344,3.0959553718566895,362.0606384277344,3.0959553718566895,1027.818359375,0.0,90.17890167236328,0.771112322807312,3.432088080961191,3.432088080961191,4.014915560161114,0.8548344366234852
1567,31691264,126681,361.0551452636719,3.3225061893463135,361.0551452636719,3.3225061893463135,1027.818359375,0.0,89.9284439086914,0.8275368809700012,3.432088080961191,3.432088080961191,4.014915560161114,0.8548344366234852
1568,31711488,126760,359.4226989746094,2.3105273246765137,359.4226989746094,2.3105273246765137,1027.818359375,0.0,89.5218505859375,0.57548588514328,3.432088080961191,3.432088080961191,4.014915560161114,0.8548344366234852
1569,31731712,126838,361.271240234375,8.753667831420898,361.271240234375,8.753667831420898,1027.818359375,0.0,89.9822769165039,2.180288314819336,3.432088080961191,3.432088080961191,4.014915560161114,0.8548344366234852
1570,31751936,126917,368.8739318847656,6.425235271453857,368.8739318847656,6.425235271453857,1027.818359375,0.0,91.87589263916016,1.6003410816192627,3.432088080961191,3.432088080961191,4.014915560161114,0.8548344366234852
1571,31772160,126995,365.2532043457031,7.973588466644287,365.2532043457031,7.973588466644287,1027.818359375,0.0,90.97406768798828,1.9859871864318848,3.432088080961191,3.432088080961191,4.014915560161114,0.8548344366234852
1572,31792384,127073,362.4544372558594,1.5053753852844238,362.4544372558594,1.5053753852844238,1027.818359375,0.0,90.2769775390625,0.37494590878486633,3.432088080961191,3.432088080961191,4.014915560161114,0.8548344366234852
1573,31812608,127151,362.1879577636719,1.614200234413147,362.1879577636719,1.614200234413147,1027.818359375,0.0,90.21060180664062,0.40205052495002747,3.432088080961191,3.432088080961191,4.014915560161114,0.8548344366234852
1574,31832832,127229,360.7342834472656,3.5348434448242188,360.7342834472656,3.5348434448242188,1027.818359375,0.0,89.84854125976562,0.8804277777671814,3.432088080961191,3.432088080961191,4.014915560161114,0.8548344366234852
1575,31853056,127308,365.1136169433594,4.269030570983887,365.1136169433594,4.269030570983887,1027.818359375,0.0,90.93930053710938,1.0632911920547485,3.432088080961191,3.432088080961191,4.014915560161114,0.8548344366234852
1576,31873280,127387,359.9989929199219,4.235846519470215,359.9989929199219,4.235846519470215,1027.818359375,0.0,89.66539764404297,1.0550248622894287,3.432088080961191,3.432088080961191,4.014915560161114,0.8548344366234852
1577,31893504,127466,361.9159240722656,9.067572593688965,361.9159240722656,9.067572593688965,1027.818359375,0.0,90.1428451538086,2.2584710121154785,3.432088080961191,3.432088080961191,4.014915560161114,0.8548344366234852
1578,31913728,127547,362.01513671875,4.689950466156006,362.01513671875,4.689950466156006,1027.818359375,0.0,90.16756439208984,1.1681323051452637,3.432088080961191,3.432088080961191,4.014915560161114,0.8548344366234852
1579,31933952,127626,366.7965393066406,6.0350141525268555,366.7965393066406,6.0350141525268555,1027.818359375,0.0,91.35848236083984,1.503150463104248,3.432088080961191,3.432088080961191,4.014915560161114,0.8548344366234852
1580,31954176,127707,359.5960998535156,2.2385003566741943,359.5960998535156,2.2385003566741943,1027.818359375,0.0,89.5650405883789,0.5575485229492188,3.432088080961191,3.432088080961191,4.014915560161114,0.8548344366234852
1581,31974400,127789,360.9012451171875,1.9852243661880493,360.9012451171875,1.9852243661880493,1027.818359375,0.0,89.8901138305664,0.49446219205856323,3.432088080961191,3.432088080961191,4.014915560161114,0.8548344366234852
1582,31994624,127870,363.2312316894531,2.9436070919036865,363.2312316894531,2.9436070919036865,1027.818359375,0.0,90.470458984375,0.7331704497337341,3.432088080961191,3.432088080961191,4.014915560161114,0.8548344366234852
1583,32014848,127951,363.2541809082031,7.989960670471191,363.2541809082031,7.989960670471191,1027.818359375,0.0,90.4761734008789,1.9900721311569214,3.432088080961191,3.432088080961191,4.014915560161114,0.8548344366234852
1584,32035072,128029,360.7425231933594,2.538512945175171,360.7425231933594,2.538512945175171,1027.818359375,0.0,89.8505859375,0.6322715878486633,3.432088080961191,3.432088080961191,4.014915560161114,0.8548344366234852
1585,32055296,128108,356.5143737792969,3.329496383666992,356.5143737792969,3.329496383666992,1027.818359375,0.0,88.79747772216797,0.829282820224762,3.432088080961191,3.432088080961191,4.014915560161114,0.8548344366234852
1586,32075520,128187,354.3100891113281,1.7651821374893188,354.3100891113281,1.7651821374893188,1027.818359375,0.0,88.24846649169922,0.4396582841873169,3.432088080961191,3.432088080961191,4.014915560161114,0.8548344366234852
1587,32095744,128265,363.06982421875,2.6526541709899902,363.06982421875,2.6526541709899902,1027.818359375,0.0,90.43024444580078,0.660698652267456,3.432088080961191,3.432088080961191,4.014915560161114,0.8548344366234852
1588,32115968,128344,365.7197265625,3.0087802410125732,365.7197265625,3.0087802410125732,1027.818359375,0.0,91.09026336669922,0.7494008541107178,3.432088080961191,3.432088080961191,4.014915560161114,0.8548344366234852
1589,32136192,128423,364.1065979003906,4.262821674346924,364.1065979003906,4.262821674346924,1027.818359375,0.0,90.68848419189453,1.0617491006851196,3.432088080961191,3.432088080961191,4.014915560161114,0.8548344366234852
1590,32156416,128502,365.3331298828125,2.760096788406372,365.3331298828125,2.760096788406372,1027.818359375,0.0,90.99398040771484,0.6874598264694214,3.432088080961191,3.432088080961191,4.014915560161114,0.8548344366234852
1591,32176640,128581,361.2207946777344,4.342624187469482,361.2207946777344,4.342624187469482,1027.818359375,0.0,89.9697036743164,1.081620693206787,3.432088080961191,3.432088080961191,4.014915560161114,0.8548344366234852
1592,32196864,128659,362.7607421875,1.8275182247161865,362.7607421875,1.8275182247161865,1027.818359375,0.0,90.353271484375,0.4551815986633301,3.432088080961191,3.432088080961191,4.014915560161114,0.8548344366234852
1593,32217088,128738,367.324462890625,2.3427937030792236,367.324462890625,2.3427937030792236,1027.818359375,0.0,91.48995971679688,0.5835235714912415,3.432088080961191,3.432088080961191,4.014915560161114,0.8548344366234852
1594,32237312,128817,356.7210388183594,2.013831615447998,356.7210388183594,2.013831615447998,1027.818359375,0.0,88.84894561767578,0.5015887022018433,3.432088080961191,3.432088080961191,4.014915560161114,0.8548344366234852
1595,32257536,128897,354.0183410644531,3.537055492401123,354.0183410644531,3.537055492401123,1027.818359375,0.0,88.17578125,0.8809754848480225,3.432088080961191,3.432088080961191,4.014915560161114,0.8548344366234852
1596,32277760,128975,356.303466796875,8.334977149963379,356.303466796875,8.334977149963379,1027.818359375,0.0,88.74495697021484,2.0760068893432617,3.432088080961191,3.432088080961191,4.014915560161114,0.8548344366234852
1597,32297984,129054,362.792236328125,1.2460355758666992,362.792236328125,1.2460355758666992,1027.818359375,0.0,90.3611068725586,0.31035342812538147,3.432088080961191,3.432088080961191,4.014915560161114,0.8548344366234852
1598,32318208,129133,359.185791015625,5.146294593811035,359.185791015625,5.146294593811035,1027.818359375,0.0,89.46285247802734,1.2817907333374023,3.432088080961191,3.432088080961191,4.014915560161114,0.8548344366234852
1599,32338432,129212,364.3667907714844,6.316710948944092,364.3667907714844,6.316710948944092,1027.818359375,0.0,90.75328826904297,1.573309302330017,3.432088080961191,3.432088080961191,4.014915560161114,0.8548344366234852
1600,32358656,129290,357.2145080566406,2.877005100250244,357.2145080566406,2.877005100250244,1027.818359375,0.0,88.97186279296875,0.7165761590003967,3.432088080961191,3.432088080961191,4.014915560161114,0.8548344366234852
1601,32378880,129368,363.1763610839844,2.1056697368621826,363.1763610839844,2.1056697368621826,1027.818359375,0.0,90.456787109375,0.5244651436805725,3.432088080961191,3.432088080961191,4.014915560161114,0.8548344366234852
1602,32399104,129446,360.787841796875,2.529301643371582,360.787841796875,2.529301643371582,1027.818359375,0.0,89.86187744140625,0.6299808621406555,3.432088080961191,3.432088080961191,4.014915560161114,0.8548344366234852
1603,32419328,129525,365.46435546875,2.484177589416504,365.46435546875,2.484177589416504,1027.818359375,0.0,91.02667236328125,0.6187385320663452,3.432088080961191,3.432088080961191,4.014915560161114,0.8548344366234852
1604,32439552,129603,361.8773498535156,2.3293778896331787,361.8773498535156,2.3293778896331787,1027.818359375,0.0,90.13324737548828,0.5801835060119629,3.432088080961191,3.432088080961191,4.014915560161114,0.8548344366234852
1605,32459776,129681,358.6919250488281,2.275146722793579,358.6919250488281,2.275146722793579,1027.818359375,0.0,89.33984375,0.5666716694831848,3.432088080961191,3.432088080961191,4.014915560161114,0.8548344366234852
1606,32480000,129759,361.8968505859375,1.6056116819381714,361.8968505859375,1.6056116819381714,1027.818359375,0.0,90.13809967041016,0.3999096155166626,3.432088080961191,3.432088080961191,4.014915560161114,0.8548344366234852
1607,32500224,129837,358.4622497558594,3.073866367340088,358.4622497558594,3.073866367340088,1027.818359375,0.0,89.28263092041016,0.7656078338623047,3.432088080961191,3.432088080961191,4.014915560161114,0.8548344366234852
1608,32520448,129917,363.3489990234375,3.9877517223358154,363.3489990234375,3.9877517223358154,1027.818359375,0.0,90.4997787475586,0.9932318925857544,3.432088080961191,3.432088080961191,4.014915560161114,0.8548344366234852
1609,32540672,129995,361.0935974121094,2.170200824737549,361.0935974121094,2.170200824737549,1027.818359375,0.0,89.93804168701172,0.5405338406562805,3.432088080961191,3.432088080961191,4.014915560161114,0.8548344366234852
1610,32560896,130073,362.0809020996094,2.2161269187927246,362.0809020996094,2.2161269187927246,1027.818359375,0.0,90.1839370727539,0.5519732236862183,3.432088080961191,3.432088080961191,4.014915560161114,0.8548344366234852
1611,32581120,130151,363.4092102050781,3.0207884311676025,363.4092102050781,3.0207884311676025,1027.818359375,0.0,90.51477813720703,0.7523919343948364,3.432088080961191,3.432088080961191,4.014915560161114,0.8548344366234852
1612,32601344,130230,359.6104736328125,1.2575420141220093,359.6104736328125,1.2575420141220093,1027.818359375,0.0,89.56863403320312,0.31322237849235535,3.432088080961191,3.432088080961191,4.014915560161114,0.8548344366234852
1613,32621568,130309,358.0928649902344,4.290639877319336,358.0928649902344,4.290639877319336,1027.818359375,0.0,89.19063568115234,1.068676233291626,3.432088080961191,3.432088080961191,4.014915560161114,0.8548344366234852
1614,32641792,130387,361.7979736328125,4.102441787719727,361.7979736328125,4.102441787719727,1027.818359375,0.0,90.11347198486328,1.0218005180358887,3.432088080961191,3.432088080961191,4.014915560161114,0.8548344366234852
1615,32662016,130465,365.904296875,7.296143054962158,365.904296875,7.296143054962158,1027.818359375,0.0,91.13623046875,1.8172587156295776,3.432088080961191,3.432088080961191,4.014915560161114,0.8548344366234852
1616,32682240,130543,358.7532653808594,2.6139893531799316,358.7532653808594,2.6139893531799316,1027.818359375,0.0,89.35511016845703,0.6510699391365051,3.432088080961191,3.432088080961191,4.014915560161114,0.8548344366234852
1617,32702464,130622,362.9000549316406,2.0871384143829346,362.9000549316406,2.0871384143829346,1027.818359375,0.0,90.38796997070312,0.5198496580123901,3.432088080961191,3.432088080961191,4.014915560161114,0.8548344366234852
1618,32722688,130700,358.0091247558594,3.071065664291382,358.0091247558594,3.071065664291382,1027.818359375,0.0,89.16976928710938,0.7649121284484863,3.432088080961191,3.432088080961191,4.014915560161114,0.8548344366234852
1619,32742912,130778,361.1773986816406,2.3574881553649902,361.1773986816406,2.3574881553649902,1027.818359375,0.0,89.95891571044922,0.5871843695640564,3.432088080961191,3.432088080961191,4.014915560161114,0.8548344366234852
1620,32763136,130856,365.7939453125,3.7269086837768555,365.7939453125,3.7269086837768555,1027.818359375,0.0,91.1087646484375,0.9282662868499756,3.432088080961191,3.432088080961191,4.014915560161114,0.8548344366234852
1621,32783360,130935,359.5165710449219,4.073878765106201,359.5165710449219,4.073878765106201,1027.818359375,0.0,89.54522705078125,1.0146876573562622,3.432088080961191,3.432088080961191,4.014915560161114,0.8548344366234852
1622,32803584,131014,363.7190856933594,2.97925066947937,363.7190856933594,2.97925066947937,1027.818359375,0.0,90.59197235107422,0.7420448064804077,3.432088080961191,3.432088080961191,4.014915560161114,0.8548344366234852
1623,32823808,131092,361.2665710449219,5.479370594024658,361.2665710449219,5.479370594024658,1027.818359375,0.0,89.98110961914062,1.3647550344467163,3.432088080961191,3.432088080961191,4.014915560161114,0.8548344366234852
1624,32844032,131170,360.7398986816406,1.9572811126708984,360.7398986816406,1.9572811126708984,1027.818359375,0.0,89.84993743896484,0.48750507831573486,3.432088080961191,3.432088080961191,4.014915560161114,0.8548344366234852
1625,32864256,131247,361.640380859375,8.474804878234863,361.640380859375,8.474804878234863,1027.818359375,0.0,90.07421112060547,2.1108314990997314,3.432088080961191,3.432088080961191,4.014915560161114,0.8548344366234852
1626,32884480,131325,356.4890441894531,3.7447328567504883,356.4890441894531,3.7447328567504883,1027.818359375,0.0,88.79116821289062,0.9327062964439392,3.432088080961191,3.432088080961191,4.014915560161114,0.8548344366234852
1627,32904704,131404,365.0147705078125,2.7502338886260986,365.0147705078125,2.7502338886260986,1027.818359375,0.0,90.91468048095703,0.6850091218948364,3.432088080961191,3.432088080961191,4.014915560161114,0.8548344366234852
1628,32924928,131483,359.2589416503906,2.9858365058898926,359.2589416503906,2.9858365058898926,1027.818359375,0.0,89.48107147216797,0.7436850070953369,3.432088080961191,3.432088080961191,4.014915560161114,0.8548344366234852
1629,32945152,131561,360.76220703125,4.430947303771973,360.76220703125,4.430947303771973,1027.818359375,0.0,89.8554916381836,1.1036229133605957,3.432088080961191,3.432088080961191,4.014915560161114,0.8548344366234852
1630,32965376,131639,364.3808288574219,4.478060245513916,364.3808288574219,4.478060245513916,1027.818359375,0.0,90.75677490234375,1.1153546571731567,3.432088080961191,3.432088080961191,4.014915560161114,0.8548344366234852
1631,32985600,131717,363.1747131347656,1.2579712867736816,363.1747131347656,1.2579712867736816,1027.818359375,0.0,90.45638275146484,0.3133261799812317,3.432088080961191,3.432088080961191,4.014915560161114,0.8548344366234852
1632,33005824,131796,361.1741027832031,5.0374650955200195,361.1741027832031,5.0374650955200195,1027.818359375,0.0,89.95807647705078,1.2546828985214233,3.432088080961191,3.432088080961191,4.014915560161114,0.8548344366234852
1633,33026048,131873,362.3540954589844,3.3402440547943115,362.3540954589844,3.3402440547943115,1027.818359375,0.0,90.2519760131836,0.8319612145423889,3.432088080961191,3.432088080961191,4.014915560161114,0.8548344366234852
1634,33046272,131952,364.6521301269531,2.798513650894165,364.6521301269531,2.798513650894165,1027.818359375,0.0,90.8243637084961,0.6970298290252686,3.432088080961191,3.432088080961191,4.014915560161114,0.8548344366234852
1635,33066496,132031,362.327880859375,1.3522255420684814,362.327880859375,1.3522255420684814,1027.818359375,0.0,90.2454605102539,0.33680152893066406,3.432088080961191,3.432088080961191,4.014915560161114,0.8548344366234852
1636,33086720,132111,358.3754577636719,4.042886257171631,358.3754577636719,4.042886257171631,1027.818359375,0.0,89.26101684570312,1.0069684982299805,3.432088080961191,3.432088080961191,4.014915560161114,0.8548344366234852
1637,33106944,132189,357.744384765625,4.425453186035156,357.744384765625,4.425453186035156,1027.818359375,0.0,89.10382843017578,1.102254867553711,3.432088080961191,3.432088080961191,4.014915560161114,0.8548344366234852
1638,33127168,132268,363.8948669433594,2.7775542736053467,363.8948669433594,2.7775542736053467,1027.818359375,0.0,90.6357421875,0.6918078064918518,3.432088080961191,3.432088080961191,4.014915560161114,0.8548344366234852
1639,33147392,132346,359.6166076660156,2.685309410095215,359.6166076660156,2.685309410095215,1027.818359375,0.0,89.57015228271484,0.6688372492790222,3.432088080961191,3.432088080961191,4.014915560161114,0.8548344366234852
1640,33167616,132426,360.7177429199219,8.766305923461914,360.7177429199219,8.766305923461914,1027.818359375,0.0,89.84442138671875,2.1834371089935303,3.432088080961191,3.432088080961191,4.014915560161114,0.8548344366234852
1641,33187840,132505,356.5350646972656,5.944828987121582,356.5350646972656,5.944828987121582,1027.818359375,0.0,88.8026351928711,1.4806848764419556,3.432088080961191,3.432088080961191,4.014915560161114,0.8548344366234852
1642,33208064,132583,360.672119140625,7.647623538970947,360.672119140625,7.647623538970947,1027.818359375,0.0,89.83306121826172,1.9048041105270386,3.432088080961191,3.432088080961191,4.014915560161114,0.8548344366234852
1643,33228288,132662,359.6549987792969,2.9601337909698486,359.6549987792969,2.9601337909698486,1027.818359375,0.0,89.5797119140625,0.73728346824646,3.432088080961191,3.432088080961191,4.014915560161114,0.8548344366234852
1644,33248512,132740,363.0366516113281,5.659739017486572,363.0366516113281,5.659739017486572,1027.818359375,0.0,90.4219970703125,1.409676432609558,3.432088080961191,3.432088080961191,4.014915560161114,0.8548344366234852
1645,33268736,132819,358.9662170410156,8.459268569946289,358.9662170410156,8.459268569946289,1027.818359375,0.0,89.40816497802734,2.106959581375122,3.432088080961191,3.432088080961191,4.014915560161114,0.8548344366234852
1646,33288960,132898,359.4908752441406,10.881412506103516,359.4908752441406,10.881412506103516,1027.818359375,0.0,89.5388412475586,2.710247755050659,3.432088080961191,3.432088080961191,4.014915560161114,0.8548344366234852
1647,33309184,132977,361.38916015625,5.594615459442139,361.38916015625,5.594615459442139,1027.818359375,0.0,90.01163482666016,1.3934550285339355,3.432088080961191,3.432088080961191,4.014915560161114,0.8548344366234852
1648,33329408,133056,356.7315368652344,3.931802988052368,356.7315368652344,3.931802988052368,1027.818359375,0.0,88.8515625,0.9792989492416382,3.432088080961191,3.432088080961191,4.014915560161114,0.8548344366234852
1649,33349632,133135,358.6872253417969,3.2625865936279297,358.6872253417969,3.2625865936279297,1027.818359375,0.0,89.33866119384766,0.812615692615509,3.432088080961191,3.432088080961191,4.014915560161114,0.8548344366234852
1650,33369856,133214,359.6438903808594,8.07205867767334,359.6438903808594,8.07205867767334,1027.818359375,0.0,89.57693481445312,2.0105206966400146,3.432088080961191,3.432088080961191,4.014915560161114,0.8548344366234852
1651,33390080,133292,362.5933837890625,1.3088035583496094,362.5933837890625,1.3088035583496094,1027.818359375,0.0,90.31158447265625,0.3259868621826172,3.432088080961191,3.432088080961191,4.014915560161114,0.8548344366234852
1652,33410304,133369,359.9183654785156,3.0300233364105225,359.9183654785156,3.0300233364105225,1027.818359375,0.0,89.64532470703125,0.75468909740448,3.432088080961191,3.432088080961191,4.014915560161114,0.8548344366234852
1653,33430528,133448,366.2466735839844,5.216279029846191,366.2466735839844,5.216279029846191,1027.818359375,0.0,91.22150421142578,1.2992228269577026,3.432088080961191,3.432088080961191,4.014915560161114,0.8548344366234852
1654,33450752,133527,363.3965759277344,1.3669133186340332,363.3965759277344,1.3669133186340332,1027.818359375,0.0,90.51162719726562,0.3404613733291626,3.432088080961191,3.432088080961191,4.014915560161114,0.8548344366234852
1655,33470976,133605,358.111572265625,3.711423397064209,358.111572265625,3.711423397064209,1027.818359375,0.0,89.1952896118164,0.9244081974029541,3.432088080961191,3.432088080961191,4.014915560161114,0.8548344366234852
1656,33491200,133683,362.9898376464844,9.796228408813477,362.9898376464844,9.796228408813477,1027.818359375,0.0,90.41033172607422,2.4399611949920654,3.432088080961191,3.432088080961191,4.014915560161114,0.8548344366234852
1657,33511424,133762,359.223388671875,2.25956130027771,359.223388671875,2.25956130027771,1027.818359375,0.0,89.47220611572266,0.5627896785736084,3.432088080961191,3.432088080961191,4.014915560161114,0.8548344366234852
1658,33531648,133840,362.0255432128906,4.728888988494873,362.0255432128906,4.728888988494873,1027.818359375,0.0,90.17015838623047,1.1778316497802734,3.432088080961191,3.432088080961191,4.014915560161114,0.8548344366234852
1659,33551872,133919,360.491455078125,0.7438774704933167,360.491455078125,0.7438774704933167,1027.818359375,0.0,89.78805541992188,0.18527844548225403,3.432088080961191,3.432088080961191,4.014915560161114,0.8548344366234852
1660,33572096,133997,357.1201171875,4.483866214752197,357.1201171875,4.483866214752197,1027.818359375,0.0,88.9483413696289,1.1168047189712524,3.432088080961191,3.432088080961191,4.014915560161114,0.8548344366234852
1661,33592320,134075,359.3487854003906,1.1681169271469116,359.3487854003906,1.1681169271469116,1027.818359375,0.0,89.50345611572266,0.2909449636936188,3.432088080961191,3.432088080961191,4.014915560161114,0.8548344366234852
1662,33612544,134153,365.2978515625,5.96709680557251,365.2978515625,5.96709680557251,1027.818359375,0.0,90.98519134521484,1.4862323999404907,3.432088080961191,3.432088080961191,4.014915560161114,0.8548344366234852
1663,33632768,134232,363.0496520996094,2.5156285762786865,363.0496520996094,2.5156285762786865,1027.818359375,0.0,90.42522430419922,0.6265731453895569,3.432088080961191,3.432088080961191,4.014915560161114,0.8548344366234852
1664,33652992,134310,360.7721862792969,6.118500232696533,360.7721862792969,6.118500232696533,1027.818359375,0.0,89.85797119140625,1.523938775062561,3.432088080961191,3.432088080961191,4.014915560161114,0.8548344366234852
1665,33673216,134388,363.4364318847656,1.5480396747589111,363.4364318847656,1.5480396747589111,1027.818359375,0.0,90.52156829833984,0.3855721652507782,3.432088080961191,3.432088080961191,4.014915560161114,0.8548344366234852
1666,33693440,134466,364.121826171875,9.248605728149414,364.121826171875,9.248605728149414,1027.818359375,0.0,90.69226837158203,2.3035671710968018,3.432088080961191,3.432088080961191,4.014915560161114,0.8548344366234852
1667,33713664,134546,361.8224792480469,4.84408712387085,361.8224792480469,4.84408712387085,1027.818359375,0.0,90.11956787109375,1.206521987915039,3.432088080961191,3.432088080961191,4.014915560161114,0.8548344366234852
1668,33733888,134625,363.1369323730469,4.318079471588135,363.1369323730469,4.318079471588135,1027.818359375,0.0,90.44696044921875,1.075509786605835,3.432088080961191,3.432088080961191,4.014915560161114,0.8548344366234852
1669,33754112,134703,359.4768981933594,5.122011661529541,359.4768981933594,5.122011661529541,1027.818359375,0.0,89.53536224365234,1.275743007659912,3.432088080961191,3.432088080961191,4.014915560161114,0.8548344366234852
1670,33774336,134783,362.018310546875,0.1546594500541687,362.018310546875,0.1546594500541687,1027.818359375,0.0,90.1683578491211,0.03852064907550812,3.432088080961191,3.432088080961191,4.014915560161114,0.8548344366234852
1671,33794560,134862,364.2334289550781,1.1394153833389282,364.2334289550781,1.1394153833389282,1027.818359375,0.0,90.7200698852539,0.28379467129707336,3.432088080961191,3.432088080961191,4.014915560161114,0.8548344366234852
1672,33814784,134941,362.8489685058594,0.4506469666957855,362.8489685058594,0.4506469666957855,1027.818359375,0.0,90.375244140625,0.11224337667226791,3.432088080961191,3.432088080961191,4.014915560161114,0.8548344366234852
1673,33835008,135020,363.9700012207031,3.9027159214019775,363.9700012207031,3.9027159214019775,1027.818359375,0.0,90.65445709228516,0.9720531105995178,3.432088080961191,3.432088080961191,4.014915560161114,0.8548344366234852
1674,33855232,135098,360.3225402832031,5.243618965148926,360.3225402832031,5.243618965148926,1027.818359375,0.0,89.74597930908203,1.3060345649719238,3.432088080961191,3.432088080961191,4.014915560161114,0.8548344366234852
1675,33875456,135176,364.3047790527344,6.271031856536865,364.3047790527344,6.271031856536865,1027.818359375,0.0,90.73784637451172,1.5619370937347412,3.432088080961191,3.432088080961191,4.014915560161114,0.8548344366234852
1676,33895680,135255,361.2737731933594,7.761102676391602,361.2737731933594,7.761102676391602,1027.818359375,0.0,89.98290252685547,1.9330674409866333,3.432088080961191,3.432088080961191,4.014915560161114,0.8548344366234852
1677,33915904,135333,359.8045959472656,1.5243124961853027,359.8045959472656,1.5243124961853027,1027.818359375,0.0,89.61697387695312,0.3796623945236206,3.432088080961191,3.432088080961191,4.014915560161114,0.8548344366234852
1678,33936128,135411,361.0928649902344,2.332993507385254,361.0928649902344,2.332993507385254,1027.818359375,0.0,89.9378433227539,0.5810806751251221,3.432088080961191,3.432088080961191,4.014915560161114,0.8548344366234852
1679,33956352,135490,365.8125915527344,6.050477504730225,365.8125915527344,6.050477504730225,1027.818359375,0.0,91.1134033203125,1.5070018768310547,3.432088080961191,3.432088080961191,4.014915560161114,0.8548344366234852
1680,33976576,135569,362.5866394042969,2.7404677867889404,362.5866394042969,2.7404677867889404,1027.818359375,0.0,90.30990600585938,0.6825718879699707,3.432088080961191,3.432088080961191,4.014915560161114,0.8548344366234852
1681,33996800,135647,363.9906921386719,1.8460551500320435,363.9906921386719,1.8460551500320435,1027.818359375,0.0,90.65960693359375,0.4597964882850647,3.432088080961191,3.432088080961191,4.014915560161114,0.8548344366234852
1682,34017024,135726,363.4183044433594,4.442327976226807,363.4183044433594,4.442327976226807,1027.818359375,0.0,90.51705169677734,1.1064549684524536,3.432088080961191,3.432088080961191,4.014915560161114,0.8548344366234852
1683,34037248,135803,363.0887145996094,6.190396785736084,363.0887145996094,6.190396785736084,1027.818359375,0.0,90.4349594116211,1.5418533086776733,3.432088080961191,3.432088080961191,4.014915560161114,0.8548344366234852
1684,34057472,135881,358.2255859375,0.883001983165741,358.2255859375,0.883001983165741,1027.818359375,0.0,89.22369384765625,0.2199276238679886,3.432088080961191,3.432088080961191,4.014915560161114,0.8548344366234852
1685,34077696,135960,363.0544738769531,3.2668802738189697,363.0544738769531,3.2668802738189697,1027.818359375,0.0,90.42642974853516,0.813684344291687,3.432088080961191,3.432088080961191,4.014915560161114,0.8548344366234852
1686,34097920,136039,363.2791442871094,2.2977852821350098,363.2791442871094,2.2977852821350098,1027.818359375,0.0,90.48238372802734,0.5723141431808472,3.432088080961191,3.432088080961191,4.014915560161114,0.8548344366234852
1687,34118144,136118,359.2781066894531,3.909865617752075,359.2781066894531,3.909865617752075,1027.818359375,0.0,89.48584747314453,0.9738383889198303,3.432088080961191,3.432088080961191,4.014915560161114,0.8548344366234852
1688,34138368,136196,362.6822509765625,7.433222770690918,362.6822509765625,7.433222770690918,1027.818359375,0.0,90.33373260498047,1.8514050245285034,3.432088080961191,3.432088080961191,4.014915560161114,0.8548344366234852
1689,34158592,136274,360.576416015625,1.6271166801452637,360.576416015625,1.6271166801452637,1027.818359375,0.0,89.8092269897461,0.4052690863609314,3.432088080961191,3.432088080961191,4.014915560161114,0.8548344366234852
1690,34178816,136353,362.9970703125,2.5949385166168213,362.9970703125,2.5949385166168213,1027.818359375,0.0,90.4121322631836,0.646327018737793,3.432088080961191,3.432088080961191,4.014915560161114,0.8548344366234852
1691,34199040,136431,359.4454040527344,1.649285912513733,359.4454040527344,1.649285912513733,1027.818359375,0.0,89.52751922607422,0.4107862710952759,3.432088080961191,3.432088080961191,4.014915560161114,0.8548344366234852
1692,34219264,136510,358.388671875,7.750907897949219,358.388671875,7.750907897949219,1027.818359375,0.0,89.26431274414062,1.930528163909912,3.432088080961191,3.432088080961191,4.014915560161114,0.8548344366234852
1693,34239488,136588,365.2370910644531,5.065964698791504,365.2370910644531,5.065964698791504,1027.818359375,0.0,90.97005462646484,1.2617878913879395,3.432088080961191,3.432088080961191,4.014915560161114,0.8548344366234852
1694,34259712,136666,363.7197265625,1.3271992206573486,363.7197265625,1.3271992206573486,1027.818359375,0.0,90.59212493896484,0.3305686414241791,3.432088080961191,3.432088080961191,4.014915560161114,0.8548344366234852
1695,34279936,136744,362.2490539550781,1.4243940114974976,362.2490539550781,1.4243940114974976,1027.818359375,0.0,90.22582244873047,0.3547744154930115,3.432088080961191,3.432088080961191,4.014915560161114,0.8548344366234852
1696,34300160,136823,358.8541564941406,4.699751377105713,358.8541564941406,4.699751377105713,1027.818359375,0.0,89.3802490234375,1.1705713272094727,3.432088080961191,3.432088080961191,4.014915560161114,0.8548344366234852
1697,34320384,136900,360.2468566894531,6.7311296463012695,360.2468566894531,6.7311296463012695,1027.818359375,0.0,89.72713470458984,1.6765304803848267,3.432088080961191,3.432088080961191,4.014915560161114,0.8548344366234852
1698,34340608,136978,362.0674743652344,3.11141037940979,362.0674743652344,3.11141037940979,1027.818359375,0.0,90.18060302734375,0.77496337890625,3.432088080961191,3.432088080961191,4.014915560161114,0.8548344366234852
1699,34360832,137058,358.4117736816406,3.5748469829559326,358.4117736816406,3.5748469829559326,1027.818359375,0.0,89.27007293701172,0.8903917074203491,3.432088080961191,3.432088080961191,4.014915560161114,0.8548344366234852
1700,34381056,137136,359.9588928222656,3.0741982460021973,359.9588928222656,3.0741982460021973,1027.818359375,0.0,89.6554183959961,0.7656923532485962,3.432088080961191,3.432088080961191,4.014915560161114,0.8548344366234852
1701,34401280,137214,361.3680114746094,2.5652143955230713,361.3680114746094,2.5652143955230713,1027.818359375,0.0,90.0063705444336,0.6389182806015015,3.432088080961191,3.432088080961191,4.014915560161114,0.8548344366234852
1702,34421504,137292,359.4029846191406,7.905468463897705,359.4029846191406,7.905468463897705,1027.818359375,0.0,89.51696014404297,1.9690256118774414,3.432088080961191,3.432088080961191,4.014915560161114,0.8548344366234852
1703,34441728,137370,360.3450012207031,4.963677883148193,360.3450012207031,4.963677883148193,1027.818359375,0.0,89.7515869140625,1.2363086938858032,3.432088080961191,3.432088080961191,4.014915560161114,0.8548344366234852
1704,34461952,137448,365.8509826660156,2.561535358428955,365.8509826660156,2.561535358428955,1027.818359375,0.0,91.12296295166016,0.6379998326301575,3.432088080961191,3.432088080961191,4.014915560161114,0.8548344366234852
1705,34482176,137527,362.2582092285156,1.4762814044952393,362.2582092285156,1.4762814044952393,1027.818359375,0.0,90.22811126708984,0.36770203709602356,3.432088080961191,3.432088080961191,4.014915560161114,0.8548344366234852
1706,34502400,137605,363.9898986816406,2.6810050010681152,363.9898986816406,2.6810050010681152,1027.818359375,0.0,90.65941619873047,0.667759895324707,3.432088080961191,3.432088080961191,4.014915560161114,0.8548344366234852
1707,34522624,137684,361.9881286621094,1.2331677675247192,361.9881286621094,1.2331677675247192,1027.818359375,0.0,90.16082000732422,0.3071426749229431,3.432088080961191,3.432088080961191,4.014915560161114,0.8548344366234852
1708,34542848,137762,356.9820251464844,4.132099628448486,356.9820251464844,4.132099628448486,1027.818359375,0.0,88.91394805908203,1.0291870832443237,3.432088080961191,3.432088080961191,4.014915560161114,0.8548344366234852
1709,34563072,137841,365.3428649902344,5.403085231781006,365.3428649902344,5.403085231781006,1027.818359375,0.0,90.99639892578125,1.345752477645874,3.432088080961191,3.432088080961191,4.014915560161114,0.8548344366234852
1710,34583296,137920,362.9617919921875,1.9766873121261597,362.9617919921875,1.9766873121261597,1027.818359375,0.0,90.4033432006836,0.49233633279800415,3.432088080961191,3.432088080961191,4.014915560161114,0.8548344366234852
1711,34603520,137998,356.74560546875,2.87388277053833,356.74560546875,2.87388277053833,1027.818359375,0.0,88.85506439208984,0.7158043384552002,3.432088080961191,3.432088080961191,4.014915560161114,0.8548344366234852
1712,34623744,138076,359.2170715332031,2.358361005783081,359.2170715332031,2.358361005783081,1027.818359375,0.0,89.47064208984375,0.5873988270759583,3.432088080961191,3.432088080961191,4.014915560161114,0.8548344366234852
1713,34643968,138155,364.314453125,3.650982141494751,364.314453125,3.650982141494751,1027.818359375,0.0,90.7402572631836,0.9093539714813232,3.432088080961191,3.432088080961191,4.014915560161114,0.8548344366234852
1714,34664192,138233,360.8125915527344,3.726168155670166,360.8125915527344,3.726168155670166,1027.818359375,0.0,89.86803436279297,0.9280834794044495,3.432088080961191,3.432088080961191,4.014915560161114,0.8548344366234852
1715,34684416,138311,368.1969299316406,4.519835472106934,368.1969299316406,4.519835472106934,1027.818359375,0.0,91.70726776123047,1.125762701034546,3.432088080961191,3.432088080961191,4.014915560161114,0.8548344366234852
1716,34704640,138388,364.7861328125,5.537555694580078,364.7861328125,5.537555694580078,1027.818359375,0.0,90.85773468017578,1.3792468309402466,3.432088080961191,3.432088080961191,4.014915560161114,0.8548344366234852
1717,34724864,138466,361.070068359375,5.3285746574401855,361.070068359375,5.3285746574401855,1027.818359375,0.0,89.93216705322266,1.327196478843689,3.432088080961191,3.432088080961191,4.014915560161114,0.8548344366234852
1718,34745088,138546,359.2028503417969,5.963475227355957,359.2028503417969,5.963475227355957,1027.818359375,0.0,89.46710205078125,1.48533296585083,3.432088080961191,3.432088080961191,4.014915560161114,0.8548344366234852
1719,34765312,138624,359.7269592285156,3.031306028366089,359.7269592285156,3.031306028366089,1027.818359375,0.0,89.5976333618164,0.7550106048583984,3.432088080961191,3.432088080961191,4.014915560161114,0.8548344366234852
1720,34785536,138702,358.4212951660156,2.847904682159424,358.4212951660156,2.847904682159424,1027.818359375,0.0,89.2724380493164,0.7093304395675659,3.432088080961191,3.432088080961191,4.014915560161114,0.8548344366234852
1721,34805760,138780,357.6622619628906,2.571232318878174,357.6622619628906,2.571232318878174,1027.818359375,0.0,89.0833969116211,0.6404222846031189,3.432088080961191,3.432088080961191,4.014915560161114,0.8548344366234852
1722,34825984,138858,364.1424865722656,3.7623794078826904,364.1424865722656,3.7623794078826904,1027.818359375,0.0,90.69741821289062,0.9370996952056885,3.432088080961191,3.432088080961191,4.014915560161114,0.8548344366234852
1723,34846208,138936,362.4107971191406,4.526959419250488,362.4107971191406,4.526959419250488,1027.818359375,0.0,90.26610565185547,1.1275339126586914,3.432088080961191,3.432088080961191,4.014915560161114,0.8548344366234852
1724,34866432,139015,364.188232421875,7.177006244659424,364.188232421875,7.177006244659424,1027.818359375,0.0,90.70880889892578,1.7875837087631226,3.432088080961191,3.432088080961191,4.014915560161114,0.8548344366234852
1725,34886656,139093,359.1123962402344,5.624759674072266,359.1123962402344,5.624759674072266,1027.818359375,0.0,89.44457244873047,1.4009629487991333,3.432088080961191,3.432088080961191,4.014915560161114,0.8548344366234852
1726,34906880,139171,358.7940368652344,3.7974941730499268,358.7940368652344,3.7974941730499268,1027.818359375,0.0,89.36527252197266,0.945844292640686,3.432088080961191,3.432088080961191,4.014915560161114,0.8548344366234852
1727,34927104,139250,365.2004699707031,5.886967658996582,365.2004699707031,5.886967658996582,1027.818359375,0.0,90.9609375,1.4662727117538452,3.432088080961191,3.432088080961191,4.014915560161114,0.8548344366234852
1728,34947328,139329,359.7398986816406,4.1442437171936035,359.7398986816406,4.1442437171936035,1027.818359375,0.0,89.60086059570312,1.0322116613388062,3.432088080961191,3.432088080961191,4.014915560161114,0.8548344366234852
1729,34967552,139407,356.9908752441406,6.688259124755859,356.9908752441406,6.688259124755859,1027.818359375,0.0,88.9161605834961,1.6658538579940796,3.432088080961191,3.432088080961191,4.014915560161114,0.8548344366234852
1730,34987776,139485,359.8126525878906,1.4631954431533813,359.8126525878906,1.4631954431533813,1027.818359375,0.0,89.61898040771484,0.36444011330604553,3.432088080961191,3.432088080961191,4.014915560161114,0.8548344366234852
1731,35008000,139563,354.4325866699219,3.7543723583221436,354.4325866699219,3.7543723583221436,1027.818359375,0.0,88.27896118164062,0.9351097941398621,3.432088080961191,3.432088080961191,4.014915560161114,0.8548344366234852
1732,35028224,139643,363.30908203125,5.442490577697754,363.30908203125,5.442490577697754,1027.818359375,0.0,90.48983764648438,1.355567216873169,3.432088080961191,3.432088080961191,4.014915560161114,0.8548344366234852
1733,35048448,139721,359.7929382324219,5.408273696899414,359.7929382324219,5.408273696899414,1027.818359375,0.0,89.61407470703125,1.3470468521118164,3.432088080961191,3.432088080961191,4.014915560161114,0.8548344366234852
1734,35068672,139799,364.5252990722656,1.4710801839828491,364.5252990722656,1.4710801839828491,1027.818359375,0.0,90.79277801513672,0.36640462279319763,3.432088080961191,3.432088080961191,4.014915560161114,0.8548344366234852
1735,35088896,139878,361.7100524902344,4.66533899307251,361.7100524902344,4.66533899307251,1027.818359375,0.0,90.0915756225586,1.1620014905929565,3.432088080961191,3.432088080961191,4.014915560161114,0.8548344366234852
1736,35109120,139956,360.8925476074219,6.316856861114502,360.8925476074219,6.316856861114502,1027.818359375,0.0,89.8879623413086,1.5733433961868286,3.432088080961191,3.432088080961191,4.014915560161114,0.8548344366234852
1737,35129344,140036,361.689697265625,4.948561668395996,361.689697265625,4.948561668395996,1027.818359375,0.0,90.08650970458984,1.2325434684753418,3.432088080961191,3.432088080961191,4.014915560161114,0.8548344366234852
1738,35149568,140115,362.0892028808594,3.749664068222046,362.0892028808594,3.749664068222046,1027.818359375,0.0,90.18600463867188,0.9339344501495361,3.432088080961191,3.432088080961191,4.014915560161114,0.8548344366234852
1739,35169792,140193,361.9360656738281,3.021082639694214,361.9360656738281,3.021082639694214,1027.818359375,0.0,90.14786529541016,0.7524679899215698,3.432088080961191,3.432088080961191,4.014915560161114,0.8548344366234852
1740,35190016,140271,359.9019775390625,2.4503581523895264,359.9019775390625,2.4503581523895264,1027.818359375,0.0,89.6412353515625,0.6103131175041199,3.432088080961191,3.432088080961191,4.014915560161114,0.8548344366234852
1741,35210240,140350,365.5110778808594,4.48005485534668,365.5110778808594,4.48005485534668,1027.818359375,0.0,91.03829193115234,1.115855097770691,3.432088080961191,3.432088080961191,4.014915560161114,0.8548344366234852
1742,35230464,140428,355.897216796875,6.517627239227295,355.897216796875,6.517627239227295,1027.818359375,0.0,88.64376068115234,1.6233558654785156,3.432088080961191,3.432088080961191,4.014915560161114,0.8548344366234852
1743,35250688,140506,361.4920959472656,2.619128942489624,361.4920959472656,2.619128942489624,1027.818359375,0.0,90.03729248046875,0.6523502469062805,3.432088080961191,3.432088080961191,4.014915560161114,0.8548344366234852
1744,35270912,140585,360.4051513671875,2.471837043762207,360.4051513671875,2.471837043762207,1027.818359375,0.0,89.76656341552734,0.6156599521636963,3.432088080961191,3.432088080961191,4.014915560161114,0.8548344366234852
1745,35291136,140663,363.9542541503906,3.821847915649414,363.9542541503906,3.821847915649414,1027.818359375,0.0,90.65054321289062,0.951911211013794,3.432088080961191,3.432088080961191,4.014915560161114,0.8548344366234852
1746,35311360,140742,360.4342346191406,1.5271193981170654,360.4342346191406,1.5271193981170654,1027.818359375,0.0,89.7738037109375,0.3803592324256897,3.432088080961191,3.432088080961191,4.014915560161114,0.8548344366234852
1747,35331584,140819,361.0932312011719,4.894632816314697,361.0932312011719,4.894632816314697,1027.818359375,0.0,89.93793487548828,1.2191119194030762,3.432088080961191,3.432088080961191,4.014915560161114,0.8548344366234852
1748,35351808,140897,359.4954528808594,0.66238933801651,359.4954528808594,0.66238933801651,1027.818359375,0.0,89.53997039794922,0.1649802178144455,3.432088080961191,3.432088080961191,4.014915560161114,0.8548344366234852
1749,35372032,140975,359.3018798828125,1.8308970928192139,359.3018798828125,1.8308970928192139,1027.818359375,0.0,89.49176788330078,0.45602673292160034,3.432088080961191,3.432088080961191,4.014915560161114,0.8548344366234852
1750,35392256,141054,363.7074890136719,7.252708911895752,363.7074890136719,7.252708911895752,1027.818359375,0.0,90.58907318115234,1.806441307067871,3.432088080961191,3.432088080961191,4.014915560161114,0.8548344366234852
1751,35412480,141133,362.1896667480469,1.5083991289138794,362.1896667480469,1.5083991289138794,1027.818359375,0.0,90.21102905273438,0.3756977319717407,3.432088080961191,3.432088080961191,4.014915560161114,0.8548344366234852
1752,35432704,141211,362.4898986816406,3.319148540496826,362.4898986816406,3.319148540496826,1027.818359375,0.0,90.28582000732422,0.8267037868499756,3.432088080961191,3.432088080961191,4.014915560161114,0.8548344366234852
1753,35452928,141289,360.29443359375,4.407822608947754,360.29443359375,4.407822608947754,1027.818359375,0.0,89.73898315429688,1.0978628396987915,3.432088080961191,3.432088080961191,4.014915560161114,0.8548344366234852
1754,35473152,141368,355.1064453125,3.8786203861236572,355.1064453125,3.8786203861236572,1027.818359375,0.0,88.44680786132812,0.9660505056381226,3.432088080961191,3.432088080961191,4.014915560161114,0.8548344366234852
1755,35493376,141447,360.7478332519531,3.5014891624450684,360.7478332519531,3.5014891624450684,1027.818359375,0.0,89.8519058227539,0.8721182942390442,3.432088080961191,3.432088080961191,4.014915560161114,0.8548344366234852
1756,35513600,141526,360.9111633300781,7.461669921875,360.9111633300781,7.461669921875,1027.818359375,0.0,89.8926010131836,1.8584846258163452,3.432088080961191,3.432088080961191,4.014915560161114,0.8548344366234852
1757,35533824,141604,360.048583984375,5.7538161277771,360.048583984375,5.7538161277771,1027.818359375,0.0,89.67774200439453,1.4331086874008179,3.432088080961191,3.432088080961191,4.014915560161114,0.8548344366234852
1758,35554048,141683,366.1634826660156,2.1636369228363037,366.1634826660156,2.1636369228363037,1027.818359375,0.0,91.2008056640625,0.5389019846916199,3.432088080961191,3.432088080961191,4.014915560161114,0.8548344366234852
1759,35574272,141762,362.9236145019531,3.0124330520629883,362.9236145019531,3.0124330520629883,1027.818359375,0.0,90.39383697509766,0.750311553478241,3.432088080961191,3.432088080961191,4.014915560161114,0.8548344366234852
1760,35594496,141842,363.3638916015625,4.6035332679748535,363.3638916015625,4.6035332679748535,1027.818359375,0.0,90.50350952148438,1.1466084718704224,3.432088080961191,3.432088080961191,4.014915560161114,0.8548344366234852
1761,35614720,141920,360.0552673339844,5.1427178382873535,360.0552673339844,5.1427178382873535,1027.818359375,0.0,89.67940521240234,1.2809051275253296,3.432088080961191,3.432088080961191,4.014915560161114,0.8548344366234852
1762,35634944,141997,361.1156005859375,3.0836362838745117,361.1156005859375,3.0836362838745117,1027.818359375,0.0,89.94351196289062,0.7680438756942749,3.432088080961191,3.432088080961191,4.014915560161114,0.8548344366234852
1763,35655168,142076,359.7422180175781,2.7953598499298096,359.7422180175781,2.7953598499298096,1027.818359375,0.0,89.6014404296875,0.6962436437606812,3.432088080961191,3.432088080961191,4.014915560161114,0.8548344366234852
1764,35675392,142155,368.2762451171875,2.3502190113067627,368.2762451171875,2.3502190113067627,1027.818359375,0.0,91.72702026367188,0.5853713154792786,3.432088080961191,3.432088080961191,4.014915560161114,0.8548344366234852
1765,35695616,142233,360.5669860839844,2.241948366165161,360.5669860839844,2.241948366165161,1027.818359375,0.0,89.80685424804688,0.5584043264389038,3.432088080961191,3.432088080961191,4.014915560161114,0.8548344366234852
1766,35715840,142311,361.9945373535156,4.064016342163086,361.9945373535156,4.064016342163086,1027.818359375,0.0,90.16243743896484,1.0122313499450684,3.432088080961191,3.432088080961191,4.014915560161114,0.8548344366234852
1767,35736064,142389,365.5743103027344,2.1981201171875,365.5743103027344,2.1981201171875,1027.818359375,0.0,91.05404663085938,0.5474866628646851,3.432088080961191,3.432088080961191,4.014915560161114,0.8548344366234852
1768,35756288,142468,365.3018493652344,2.712592124938965,365.3018493652344,2.712592124938965,1027.818359375,0.0,90.9861831665039,0.6756284236907959,3.432088080961191,3.432088080961191,4.014915560161114,0.8548344366234852
1769,35776512,142546,364.4146423339844,1.197676181793213,364.4146423339844,1.197676181793213,1027.818359375,0.0,90.76520538330078,0.2983039617538452,3.432088080961191,3.432088080961191,4.014915560161114,0.8548344366234852
1770,35796736,142625,358.3927001953125,4.070662498474121,358.3927001953125,4.070662498474121,1027.818359375,0.0,89.26531982421875,1.0138850212097168,3.432088080961191,3.432088080961191,4.014915560161114,0.8548344366234852
1771,35816960,142702,356.710693359375,3.802061080932617,356.710693359375,3.802061080932617,1027.818359375,0.0,88.84637451171875,0.9469826221466064,3.432088080961191,3.432088080961191,4.014915560161114,0.8548344366234852
1772,35837184,142780,362.23779296875,2.499906301498413,362.23779296875,2.499906301498413,1027.818359375,0.0,90.2230224609375,0.622651994228363,3.432088080961191,3.432088080961191,4.014915560161114,0.8548344366234852
1773,35857408,142859,359.1573181152344,4.445817470550537,359.1573181152344,4.445817470550537,1027.818359375,0.0,89.45575714111328,1.1073265075683594,3.432088080961191,3.432088080961191,4.014915560161114,0.8548344366234852
1774,35877632,142937,360.0419921875,7.275519371032715,360.0419921875,7.275519371032715,1027.818359375,0.0,89.67610931396484,1.812119483947754,3.432088080961191,3.432088080961191,4.014915560161114,0.8548344366234852
1775,35897856,143014,360.4312438964844,3.597602605819702,360.4312438964844,3.597602605819702,1027.818359375,0.0,89.7730484008789,0.8960562348365784,3.432088080961191,3.432088080961191,4.014915560161114,0.8548344366234852
1776,35918080,143093,362.8041076660156,3.4268314838409424,362.8041076660156,3.4268314838409424,1027.818359375,0.0,90.36407470703125,0.8535228967666626,3.432088080961191,3.432088080961191,4.014915560161114,0.8548344366234852
1777,35938304,143172,362.0506286621094,4.832934856414795,362.0506286621094,4.832934856414795,1027.818359375,0.0,90.17639923095703,1.2037467956542969,3.432088080961191,3.432088080961191,4.014915560161114,0.8548344366234852
1778,35958528,143250,366.3480529785156,2.151502847671509,366.3480529785156,2.151502847671509,1027.818359375,0.0,91.24676513671875,0.5358760356903076,3.432088080961191,3.432088080961191,4.014915560161114,0.8548344366234852
1779,35978752,143328,358.2047424316406,3.544337272644043,358.2047424316406,3.544337272644043,1027.818359375,0.0,89.218505859375,0.8827912211418152,3.432088080961191,3.432088080961191,4.014915560161114,0.8548344366234852
1780,35998976,143405,364.6437683105469,3.3263585567474365,364.6437683105469,3.3263585567474365,1027.818359375,0.0,90.822265625,0.8284979462623596,3.432088080961191,3.432088080961191,4.014915560161114,0.8548344366234852
1781,36019200,143483,360.0335388183594,4.624244689941406,360.0335388183594,4.624244689941406,1027.818359375,0.0,89.67401123046875,1.1517680883407593,3.432088080961191,3.432088080961191,4.014915560161114,0.8548344366234852
1782,36039424,143561,358.8359069824219,4.224921703338623,358.8359069824219,4.224921703338623,1027.818359375,0.0,89.3757095336914,1.0523072481155396,3.432088080961191,3.432088080961191,4.014915560161114,0.8548344366234852
1783,36059648,143640,359.5648498535156,2.840877056121826,359.5648498535156,2.840877056121826,1027.818359375,0.0,89.5572738647461,0.7075784206390381,3.432088080961191,3.432088080961191,4.014915560161114,0.8548344366234852
1784,36079872,143718,360.73291015625,7.619358539581299,360.73291015625,7.619358539581299,1027.818359375,0.0,89.84818267822266,1.8977646827697754,3.432088080961191,3.432088080961191,4.014915560161114,0.8548344366234852
1785,36100096,143796,360.8551940917969,1.7607195377349854,360.8551940917969,1.7607195377349854,1027.818359375,0.0,89.878662109375,0.4385477304458618,3.432088080961191,3.432088080961191,4.014915560161114,0.8548344366234852
1786,36120320,143874,362.5943298339844,9.76596736907959,362.5943298339844,9.76596736907959,1027.818359375,0.0,90.31180572509766,2.432422161102295,3.432088080961191,3.432088080961191,4.014915560161114,0.8548344366234852
1787,36140544,143952,365.1737060546875,3.9254262447357178,365.1737060546875,3.9254262447357178,1027.818359375,0.0,90.95427703857422,0.9777137041091919,3.432088080961191,3.432088080961191,4.014915560161114,0.8548344366234852
1788,36160768,144030,359.220703125,1.1033167839050293,359.220703125,1.1033167839050293,1027.818359375,0.0,89.4715576171875,0.27480649948120117,3.432088080961191,3.432088080961191,4.014915560161114,0.8548344366234852
1789,36180992,144108,357.0325012207031,4.0366411209106445,357.0325012207031,4.0366411209106445,1027.818359375,0.0,88.9265365600586,1.0054140090942383,3.432088080961191,3.432088080961191,4.014915560161114,0.8548344366234852
1790,36201216,144186,363.0257873535156,3.057143449783325,363.0257873535156,3.057143449783325,1027.818359375,0.0,90.4192886352539,0.7614416480064392,3.432088080961191,3.432088080961191,4.014915560161114,0.8548344366234852
1791,36221440,144265,359.8051452636719,4.7635321617126465,359.8051452636719,4.7635321617126465,1027.818359375,0.0,89.61710357666016,1.186461329460144,3.432088080961191,3.432088080961191,4.014915560161114,0.8548344366234852
1792,36241664,144345,361.0546875,4.648067951202393,361.0546875,4.648067951202393,1027.818359375,0.0,89.9283447265625,1.1576995849609375,3.432088080961191,3.432088080961191,4.014915560161114,0.8548344366234852
1793,36261888,144423,360.1868591308594,2.345762014389038,360.1868591308594,2.345762014389038,1027.818359375,0.0,89.7121810913086,0.5842600464820862,3.432088080961191,3.432088080961191,4.014915560161114,0.8548344366234852
1794,36282112,144501,360.8690490722656,7.471810817718506,360.8690490722656,7.471810817718506,1027.818359375,0.0,89.8821029663086,1.8610130548477173,3.432088080961191,3.432088080961191,4.014915560161114,0.8548344366234852
1795,36302336,144579,361.849853515625,5.777835369110107,361.849853515625,5.777835369110107,1027.818359375,0.0,90.12639617919922,1.4390968084335327,3.432088080961191,3.432088080961191,4.014915560161114,0.8548344366234852
1796,36322560,144659,362.8952331542969,2.450242757797241,362.8952331542969,2.450242757797241,1027.818359375,0.0,90.38675689697266,0.6102864146232605,3.432088080961191,3.432088080961191,4.014915560161114,0.8548344366234852
1797,36342784,144737,360.0246887207031,5.565036773681641,360.0246887207031,5.565036773681641,1027.818359375,0.0,89.67180633544922,1.3860887289047241,3.432088080961191,3.432088080961191,4.014915560161114,0.8548344366234852
1798,36363008,144815,360.5936279296875,6.634183406829834,360.5936279296875,6.634183406829834,1027.818359375,0.0,89.81350708007812,1.6523830890655518,3.432088080961191,3.432088080961191,4.014915560161114,0.8548344366234852
1799,36383232,144893,362.2796936035156,6.651463031768799,362.2796936035156,6.651463031768799,1027.818359375,0.0,90.23345184326172,1.656685709953308,3.432088080961191,3.432088080961191,4.014915560161114,0.8548344366234852
1800,36403456,144971,359.3261413574219,2.9275543689727783,359.3261413574219,2.9275543689727783,1027.818359375,0.0,89.49781036376953,0.7291734218597412,3.432088080961191,3.432088080961191,4.014915560161114,0.8548344366234852
1801,36423680,145050,356.9107666015625,6.948817253112793,356.9107666015625,6.948817253112793,1027.818359375,0.0,88.89620208740234,1.7307496070861816,3.432088080961191,3.432088080961191,4.014915560161114,0.8548344366234852
1802,36443904,145128,359.8221740722656,3.8476500511169434,359.8221740722656,3.8476500511169434,1027.818359375,0.0,89.6213607788086,0.958337128162384,3.432088080961191,3.432088080961191,4.014915560161114,0.8548344366234852
1803,36464128,145206,358.9960632324219,5.793089866638184,358.9960632324219,5.793089866638184,1027.818359375,0.0,89.41559600830078,1.4428913593292236,3.432088080961191,3.432088080961191,4.014915560161114,0.8548344366234852
1804,36484352,145283,363.8258361816406,1.4749661684036255,363.8258361816406,1.4749661684036255,1027.818359375,0.0,90.6185531616211,0.3673683702945709,3.432088080961191,3.432088080961191,4.014915560161114,0.8548344366234852
1805,36504576,145362,364.6779479980469,0.8806905150413513,364.6779479980469,0.8806905150413513,1027.818359375,0.0,90.8307876586914,0.21935266256332397,3.432088080961191,3.432088080961191,4.014915560161114,0.8548344366234852
1806,36524800,145440,363.6862487792969,1.7941962480545044,363.6862487792969,1.7941962480545044,1027.818359375,0.0,90.58377838134766,0.4468840956687927,3.432088080961191,3.432088080961191,4.014915560161114,0.8548344366234852
1807,36545024,145518,363.0805358886719,2.1692616939544678,363.0805358886719,2.1692616939544678,1027.818359375,0.0,90.43292236328125,0.5403019785881042,3.432088080961191,3.432088080961191,4.014915560161114,0.8548344366234852
1808,36565248,145595,360.0376892089844,3.6865413188934326,360.0376892089844,3.6865413188934326,1027.818359375,0.0,89.6750259399414,0.9182072877883911,3.432088080961191,3.432088080961191,4.014915560161114,0.8548344366234852
1809,36585472,145674,364.1607360839844,2.7740612030029297,364.1607360839844,2.7740612030029297,1027.818359375,0.0,90.70196533203125,0.6909379363059998,3.432088080961191,3.432088080961191,4.014915560161114,0.8548344366234852
1810,36605696,145753,361.4559631347656,3.2919209003448486,361.4559631347656,3.2919209003448486,1027.818359375,0.0,90.0282974243164,0.8199218511581421,3.432088080961191,3.432088080961191,4.014915560161114,0.8548344366234852
1811,36625920,145832,366.646728515625,6.892672061920166,366.646728515625,6.892672061920166,1027.818359375,0.0,91.32115936279297,1.7167658805847168,3.432088080961191,3.432088080961191,4.014915560161114,0.8548344366234852
1812,36646144,145910,359.706298828125,2.6433606147766113,359.706298828125,2.6433606147766113,1027.818359375,0.0,89.59249114990234,0.6583870053291321,3.432088080961191,3.432088080961191,4.014915560161114,0.8548344366234852
1813,36666368,145988,361.6866760253906,5.477982044219971,361.6866760253906,5.477982044219971,1027.818359375,0.0,90.08575439453125,1.3644075393676758,3.432088080961191,3.432088080961191,4.014915560161114,0.8548344366234852
1814,36686592,146067,363.0660705566406,6.274803161621094,363.0660705566406,6.274803161621094,1027.818359375,0.0,90.4293212890625,1.5628691911697388,3.432088080961191,3.432088080961191,4.014915560161114,0.8548344366234852
1815,36706816,146146,356.3284606933594,4.804879665374756,356.3284606933594,4.804879665374756,1027.818359375,0.0,88.75118255615234,1.1967566013336182,3.432088080961191,3.432088080961191,4.014915560161114,0.8548344366234852
1816,36727040,146224,360.6430969238281,4.05903959274292,360.6430969238281,4.05903959274292,1027.818359375,0.0,89.8258285522461,1.0109914541244507,3.432088080961191,3.432088080961191,4.014915560161114,0.8548344366234852
1817,36747264,146302,360.3522644042969,2.3986666202545166,360.3522644042969,2.3986666202545166,1027.818359375,0.0,89.75338745117188,0.5974403619766235,3.432088080961191,3.432088080961191,4.014915560161114,0.8548344366234852
1818,36767488,146380,361.1001892089844,4.698475360870361,361.1001892089844,4.698475360870361,1027.818359375,0.0,89.93966674804688,1.1702545881271362,3.432088080961191,3.432088080961191,4.014915560161114,0.8548344366234852
1819,36787712,146459,357.0074157714844,4.5794901847839355,357.0074157714844,4.5794901847839355,1027.818359375,0.0,88.9202880859375,1.1406219005584717,3.432088080961191,3.432088080961191,4.014915560161114,0.8548344366234852
1820,36807936,146537,364.40771484375,3.9168152809143066,364.40771484375,3.9168152809143066,1027.818359375,0.0,90.76348114013672,0.9755659103393555,3.432088080961191,3.432088080961191,4.014915560161114,0.8548344366234852
1821,36828160,146615,361.47509765625,2.773170232772827,361.47509765625,2.773170232772827,1027.818359375,0.0,90.03304290771484,0.6907168030738831,3.432088080961191,3.432088080961191,4.014915560161114,0.8548344366234852
1822,36848384,146693,364.4075622558594,3.4586174488067627,364.4075622558594,3.4586174488067627,1027.818359375,0.0,90.76343536376953,0.8614415526390076,3.432088080961191,3.432088080961191,4.014915560161114,0.8548344366234852
1823,36868608,146772,357.9789733886719,3.994464159011841,357.9789733886719,3.994464159011841,1027.818359375,0.0,89.16226196289062,0.9949045181274414,3.432088080961191,3.432088080961191,4.014915560161114,0.8548344366234852
1824,36888832,146851,365.81591796875,3.5735087394714355,365.81591796875,3.5735087394714355,1027.818359375,0.0,91.11422729492188,0.8900551795959473,3.432088080961191,3.432088080961191,4.014915560161114,0.8548344366234852
1825,36909056,146929,366.00146484375,1.918339729309082,366.00146484375,1.918339729309082,1027.818359375,0.0,91.16043853759766,0.47780460119247437,3.432088080961191,3.432088080961191,4.014915560161114,0.8548344366234852
1826,36929280,147006,360.9044189453125,1.0667452812194824,360.9044189453125,1.0667452812194824,1027.818359375,0.0,89.89090728759766,0.2656972408294678,3.432088080961191,3.432088080961191,4.014915560161114,0.8548344366234852
1827,36949504,147084,361.0767822265625,5.844541072845459,361.0767822265625,5.844541072845459,1027.818359375,0.0,89.933837890625,1.4557081460952759,3.432088080961191,3.432088080961191,4.014915560161114,0.8548344366234852
1828,36969728,147163,357.9555969238281,2.1579654216766357,357.9555969238281,2.1579654216766357,1027.818359375,0.0,89.15645599365234,0.5374883413314819,3.432088080961191,3.432088080961191,4.014915560161114,0.8548344366234852
1829,36989952,147242,365.7047424316406,3.430356025695801,365.7047424316406,3.430356025695801,1027.818359375,0.0,91.08654022216797,0.8544019460678101,3.432088080961191,3.432088080961191,4.014915560161114,0.8548344366234852
1830,37010176,147319,361.8355407714844,5.557835578918457,361.8355407714844,5.557835578918457,1027.818359375,0.0,90.12283325195312,1.3842947483062744,3.432088080961191,3.432088080961191,4.014915560161114,0.8548344366234852
1831,37030400,147397,361.3768615722656,1.982264757156372,361.3768615722656,1.982264757156372,1027.818359375,0.0,90.00859832763672,0.49372178316116333,3.432088080961191,3.432088080961191,4.014915560161114,0.8548344366234852
1832,37050624,147476,363.19140625,5.250365257263184,363.19140625,5.250365257263184,1027.818359375,0.0,90.46053314208984,1.3077170848846436,3.432088080961191,3.432088080961191,4.014915560161114,0.8548344366234852
1833,37070848,147555,359.6036071777344,1.1247596740722656,359.6036071777344,1.1247596740722656,1027.818359375,0.0,89.5669174194336,0.28014588356018066,3.432088080961191,3.432088080961191,4.014915560161114,0.8548344366234852
1834,37091072,147633,360.8741455078125,2.3715322017669678,360.8741455078125,2.3715322017669678,1027.818359375,0.0,89.88336944580078,0.5906800031661987,3.432088080961191,3.432088080961191,4.014915560161114,0.8548344366234852
1835,37111296,147712,364.0815734863281,6.65912389755249,364.0815734863281,6.65912389755249,1027.818359375,0.0,90.6822509765625,1.6585959196090698,3.432088080961191,3.432088080961191,4.014915560161114,0.8548344366234852
1836,37131520,147790,358.9916076660156,3.845991373062134,358.9916076660156,3.845991373062134,1027.818359375,0.0,89.41448974609375,0.9579228758811951,3.432088080961191,3.432088080961191,4.014915560161114,0.8548344366234852
1837,37151744,147870,364.4268798828125,4.684452533721924,364.4268798828125,4.684452533721924,1027.818359375,0.0,90.76824951171875,1.1667592525482178,3.432088080961191,3.432088080961191,4.014915560161114,0.8548344366234852
1838,37171968,147948,356.880615234375,1.0257971286773682,356.880615234375,1.0257971286773682,1027.818359375,0.0,88.8886947631836,0.25549623370170593,3.432088080961191,3.432088080961191,4.014915560161114,0.8548344366234852
1839,37192192,148026,360.27734375,4.595258712768555,360.27734375,4.595258712768555,1027.818359375,0.0,89.73473358154297,1.1445497274398804,3.432088080961191,3.432088080961191,4.014915560161114,0.8548344366234852
1840,37212416,148104,363.8163757324219,3.6923270225524902,363.8163757324219,3.6923270225524902,1027.818359375,0.0,90.6161880493164,0.9196550250053406,3.432088080961191,3.432088080961191,4.014915560161114,0.8548344366234852
1841,37232640,148184,361.90625,1.1484944820404053,361.90625,1.1484944820404053,1027.818359375,0.0,90.14044189453125,0.28605639934539795,3.432088080961191,3.432088080961191,4.014915560161114,0.8548344366234852
1842,37252864,148263,359.8572998046875,1.5534613132476807,359.8572998046875,1.5534613132476807,1027.818359375,0.0,89.63009643554688,0.3869180977344513,3.432088080961191,3.432088080961191,4.014915560161114,0.8548344366234852
1843,37273088,148341,362.0939636230469,3.1482560634613037,362.0939636230469,3.1482560634613037,1027.818359375,0.0,90.18718719482422,0.7841411828994751,3.432088080961191,3.432088080961191,4.014915560161114,0.8548344366234852
1844,37293312,148419,360.0340881347656,3.4744606018066406,360.0340881347656,3.4744606018066406,1027.818359375,0.0,89.67414093017578,0.8653854727745056,3.432088080961191,3.432088080961191,4.014915560161114,0.8548344366234852
1845,37313536,148497,363.9982604980469,6.066929817199707,363.9982604980469,6.066929817199707,1027.818359375,0.0,90.66149139404297,1.5111020803451538,3.432088080961191,3.432088080961191,4.014915560161114,0.8548344366234852
1846,37333760,148576,359.665771484375,6.321413040161133,359.665771484375,6.321413040161133,1027.818359375,0.0,89.5823974609375,1.5744850635528564,3.432088080961191,3.432088080961191,4.014915560161114,0.8548344366234852
1847,37353984,148655,359.4579772949219,3.6962671279907227,359.4579772949219,3.6962671279907227,1027.818359375,0.0,89.5306396484375,0.9206333756446838,3.432088080961191,3.432088080961191,4.014915560161114,0.8548344366234852
1848,37374208,148734,364.777099609375,3.8197717666625977,364.777099609375,3.8197717666625977,1027.818359375,0.0,90.8554916381836,0.9513933062553406,3.432088080961191,3.432088080961191,4.014915560161114,0.8548344366234852
1849,37394432,148812,364.4627990722656,3.0310373306274414,364.4627990722656,3.0310373306274414,1027.818359375,0.0,90.7771987915039,0.7549440860748291,3.432088080961191,3.432088080961191,4.014915560161114,0.8548344366234852
1850,37414656,148890,361.1646423339844,4.017693996429443,361.1646423339844,4.017693996429443,1027.818359375,0.0,89.95572662353516,1.0006895065307617,3.432088080961191,3.432088080961191,4.014915560161114,0.8548344366234852
1851,37434880,148970,362.802490234375,1.8771817684173584,362.802490234375,1.8771817684173584,1027.818359375,0.0,90.3636703491211,0.46755489706993103,3.432088080961191,3.432088080961191,4.014915560161114,0.8548344366234852
1852,37455104,149048,363.5644226074219,2.162302255630493,363.5644226074219,2.162302255630493,1027.818359375,0.0,90.55343627929688,0.5385660529136658,3.432088080961191,3.432088080961191,4.014915560161114,0.8548344366234852
1853,37475328,149126,361.4950866699219,2.6777052879333496,361.4950866699219,2.6777052879333496,1027.818359375,0.0,90.03802490234375,0.666940450668335,3.432088080961191,3.432088080961191,4.014915560161114,0.8548344366234852
1854,37495552,149205,360.1424255371094,3.1937596797943115,360.1424255371094,3.1937596797943115,1027.818359375,0.0,89.70111846923828,0.7954760193824768,3.432088080961191,3.432088080961191,4.014915560161114,0.8548344366234852
1855,37515776,149284,359.1197204589844,6.1802568435668945,359.1197204589844,6.1802568435668945,1027.818359375,0.0,89.4463882446289,1.5393226146697998,3.432088080961191,3.432088080961191,4.014915560161114,0.8548344366234852
1856,37536000,149363,363.7667236328125,4.940310478210449,363.7667236328125,4.940310478210449,1027.818359375,0.0,90.60382843017578,1.2304859161376953,3.432088080961191,3.432088080961191,4.014915560161114,0.8548344366234852
1857,37556224,149442,361.2587890625,2.619718313217163,361.2587890625,2.619718313217163,1027.818359375,0.0,89.97917938232422,0.6524967551231384,3.432088080961191,3.432088080961191,4.014915560161114,0.8548344366234852
1858,37576448,149519,362.198974609375,5.301789283752441,362.198974609375,5.301789283752441,1027.818359375,0.0,90.21334838867188,1.320523977279663,3.432088080961191,3.432088080961191,4.014915560161114,0.8548344366234852
1859,37596672,149597,361.6064147949219,6.959843158721924,361.6064147949219,6.959843158721924,1027.818359375,0.0,90.06575775146484,1.7334949970245361,3.432088080961191,3.432088080961191,4.014915560161114,0.8548344366234852
1860,37616896,149676,358.8215637207031,2.8709168434143066,358.8215637207031,2.8709168434143066,1027.818359375,0.0,89.37213897705078,0.715060293674469,3.432088080961191,3.432088080961191,4.014915560161114,0.8548344366234852
1861,37637120,149756,358.007568359375,4.686986923217773,358.007568359375,4.686986923217773,1027.818359375,0.0,89.16939544677734,1.1673928499221802,3.432088080961191,3.432088080961191,4.014915560161114,0.8548344366234852
1862,37657344,149834,358.9145812988281,3.890277147293091,358.9145812988281,3.890277147293091,1027.818359375,0.0,89.39530181884766,0.9689579606056213,3.432088080961191,3.432088080961191,4.014915560161114,0.8548344366234852
1863,37677568,149912,366.0043029785156,8.306754112243652,366.0043029785156,8.306754112243652,1027.818359375,0.0,91.1611557006836,2.0689713954925537,3.432088080961191,3.432088080961191,4.014915560161114,0.8548344366234852
1864,37697792,149990,362.3784484863281,3.195152997970581,362.3784484863281,3.195152997970581,1027.818359375,0.0,90.258056640625,0.7958204746246338,3.432088080961191,3.432088080961191,4.014915560161114,0.8548344366234852
1865,37718016,150069,361.415771484375,2.1464784145355225,361.415771484375,2.1464784145355225,1027.818359375,0.0,90.01828002929688,0.5346249938011169,3.432088080961191,3.432088080961191,4.014915560161114,0.8548344366234852
1866,37738240,150147,363.1626281738281,4.848350524902344,363.1626281738281,4.848350524902344,1027.818359375,0.0,90.453369140625,1.207584023475647,3.432088080961191,3.432088080961191,4.014915560161114,0.8548344366234852
1867,37758464,150225,362.6298828125,2.280568838119507,362.6298828125,2.280568838119507,1027.818359375,0.0,90.3206787109375,0.5680239796638489,3.432088080961191,3.432088080961191,4.014915560161114,0.8548344366234852
1868,37778688,150303,362.7536315917969,0.7725445628166199,362.7536315917969,0.7725445628166199,1027.818359375,0.0,90.35150146484375,0.19241634011268616,3.432088080961191,3.432088080961191,4.014915560161114,0.8548344366234852
1869,37798912,150382,360.1437683105469,1.4988051652908325,360.1437683105469,1.4988051652908325,1027.818359375,0.0,89.70145416259766,0.3733111023902893,3.432088080961191,3.432088080961191,4.014915560161114,0.8548344366234852
1870,37819136,150460,360.0487976074219,3.623842716217041,360.0487976074219,3.623842716217041,1027.818359375,0.0,89.67779541015625,0.9025933146476746,3.432088080961191,3.432088080961191,4.014915560161114,0.8548344366234852
1871,37839360,150538,363.4851379394531,4.753133773803711,363.4851379394531,4.753133773803711,1027.818359375,0.0,90.53369140625,1.183868646621704,3.432088080961191,3.432088080961191,4.014915560161114,0.8548344366234852
1872,37859584,150615,361.7773132324219,2.222170352935791,361.7773132324219,2.222170352935791,1027.818359375,0.0,90.10831451416016,0.5534797310829163,3.432088080961191,3.432088080961191,4.014915560161114,0.8548344366234852
1873,37879808,150693,357.0276794433594,2.7500152587890625,357.0276794433594,2.7500152587890625,1027.818359375,0.0,88.9253158569336,0.6849496960639954,3.432088080961191,3.432088080961191,4.014915560161114,0.8548344366234852
1874,37900032,150772,360.3664855957031,2.7273073196411133,360.3664855957031,2.7273073196411133,1027.818359375,0.0,89.7569351196289,0.6792949438095093,3.432088080961191,3.432088080961191,4.014915560161114,0.8548344366234852
1875,37920256,150851,361.4034118652344,1.9506975412368774,361.4034118652344,1.9506975412368774,1027.818359375,0.0,90.01519775390625,0.4858619272708893,3.432088080961191,3.432088080961191,4.014915560161114,0.8548344366234852
1876,37940480,150929,359.7037658691406,1.7234352827072144,359.7037658691406,1.7234352827072144,1027.818359375,0.0,89.59185791015625,0.42925626039505005,3.432088080961191,3.432088080961191,4.014915560161114,0.8548344366234852
1877,37960704,151006,360.0943298339844,4.236360549926758,360.0943298339844,4.236360549926758,1027.818359375,0.0,89.68914031982422,1.0551586151123047,3.432088080961191,3.432088080961191,4.014915560161114,0.8548344366234852
1878,37980928,151084,363.6278076171875,2.3599653244018555,363.6278076171875,2.3599653244018555,1027.818359375,0.0,90.5692367553711,0.5878021121025085,3.432088080961191,3.432088080961191,4.014915560161114,0.8548344366234852
1879,38001152,151163,358.421875,4.106995105743408,358.421875,4.106995105743408,1027.818359375,0.0,89.27257537841797,1.0229337215423584,3.432088080961191,3.432088080961191,4.014915560161114,0.8548344366234852
1880,38021376,151242,358.5200500488281,5.39170503616333,358.5200500488281,5.39170503616333,1027.818359375,0.0,89.29703521728516,1.3429219722747803,3.432088080961191,3.432088080961191,4.014915560161114,0.8548344366234852
1881,38041600,151320,359.2627868652344,4.326925754547119,359.2627868652344,4.326925754547119,1027.818359375,0.0,89.4820327758789,1.0777143239974976,3.432088080961191,3.432088080961191,4.014915560161114,0.8548344366234852
1882,38061824,151398,366.1036071777344,3.4879298210144043,366.1036071777344,3.4879298210144043,1027.818359375,0.0,91.18587493896484,0.8687435388565063,3.432088080961191,3.432088080961191,4.014915560161114,0.8548344366234852
1883,38082048,151477,358.7317810058594,4.42919921875,358.7317810058594,4.42919921875,1027.818359375,0.0,89.34976196289062,1.103187084197998,3.432088080961191,3.432088080961191,4.014915560161114,0.8548344366234852
1884,38102272,151555,357.882080078125,4.382694244384766,357.882080078125,4.382694244384766,1027.818359375,0.0,89.13814544677734,1.0915995836257935,3.432088080961191,3.432088080961191,4.014915560161114,0.8548344366234852
1885,38122496,151633,362.7086486816406,5.596877574920654,362.7086486816406,5.596877574920654,1027.818359375,0.0,90.34029388427734,1.3940232992172241,3.432088080961191,3.432088080961191,4.014915560161114,0.8548344366234852
1886,38142720,151711,356.3594970703125,2.9627416133880615,356.3594970703125,2.9627416133880615,1027.818359375,0.0,88.75890350341797,0.7379361391067505,3.432088080961191,3.432088080961191,4.014915560161114,0.8548344366234852
1887,38162944,151789,363.936767578125,8.59762954711914,363.936767578125,8.59762954711914,1027.818359375,0.0,90.64617919921875,2.141418218612671,3.432088080961191,3.432088080961191,4.014915560161114,0.8548344366234852
1888,38183168,151868,362.906494140625,2.688490152359009,362.906494140625,2.688490152359009,1027.818359375,0.0,90.38956451416016,0.6696280837059021,3.432088080961191,3.432088080961191,4.014915560161114,0.8548344366234852
1889,38203392,151946,361.053466796875,1.0678620338439941,361.053466796875,1.0678620338439941,1027.818359375,0.0,89.92803955078125,0.26597052812576294,3.432088080961191,3.432088080961191,4.014915560161114,0.8548344366234852
1890,38223616,152024,359.511474609375,5.853293418884277,359.511474609375,5.853293418884277,1027.818359375,0.0,89.54397583007812,1.4578849077224731,3.432088080961191,3.432088080961191,4.014915560161114,0.8548344366234852
1891,38243840,152101,358.8034362792969,3.055163860321045,358.8034362792969,3.055163860321045,1027.818359375,0.0,89.36761474609375,0.7609536647796631,3.432088080961191,3.432088080961191,4.014915560161114,0.8548344366234852
1892,38264064,152180,360.3396911621094,5.771492958068848,360.3396911621094,5.771492958068848,1027.818359375,0.0,89.750244140625,1.437513828277588,3.432088080961191,3.432088080961191,4.014915560161114,0.8548344366234852
1893,38284288,152259,363.1423034667969,5.5808258056640625,363.1423034667969,5.5808258056640625,1027.818359375,0.0,90.44830322265625,1.3900185823440552,3.432088080961191,3.432088080961191,4.014915560161114,0.8548344366234852
1894,38304512,152338,355.3680419921875,1.8653379678726196,355.3680419921875,1.8653379678726196,1027.818359375,0.0,88.511962890625,0.46460235118865967,3.432088080961191,3.432088080961191,4.014915560161114,0.8548344366234852
1895,38324736,152417,358.6806335449219,4.295126914978027,358.6806335449219,4.295126914978027,1027.818359375,0.0,89.3370361328125,1.0697921514511108,3.432088080961191,3.432088080961191,4.014915560161114,0.8548344366234852
1896,38344960,152495,362.5664978027344,1.6200716495513916,362.5664978027344,1.6200716495513916,1027.818359375,0.0,90.30489349365234,0.4035142958164215,3.432088080961191,3.432088080961191,4.014915560161114,0.8548344366234852
1897,38365184,152574,363.28173828125,1.459325909614563,363.28173828125,1.459325909614563,1027.818359375,0.0,90.4830322265625,0.36347725987434387,3.432088080961191,3.432088080961191,4.014915560161114,0.8548344366234852
1898,38385408,152653,366.162109375,2.510218620300293,366.162109375,2.510218620300293,1027.818359375,0.0,91.20044708251953,0.6252206563949585,3.432088080961191,3.432088080961191,4.014915560161114,0.8548344366234852
1899,38405632,152732,359.1748962402344,1.581723690032959,359.1748962402344,1.581723690032959,1027.818359375,0.0,89.46013641357422,0.3939622640609741,3.432088080961191,3.432088080961191,4.014915560161114,0.8548344366234852
1900,38425856,152810,356.1214294433594,4.510730743408203,356.1214294433594,4.510730743408203,1027.818359375,0.0,88.6996078491211,1.1234930753707886,3.432088080961191,3.432088080961191,4.014915560161114,0.8548344366234852
1901,38446080,152889,357.3603515625,6.403419494628906,357.3603515625,6.403419494628906,1027.818359375,0.0,89.00818634033203,1.5949057340621948,3.432088080961191,3.432088080961191,4.014915560161114,0.8548344366234852
1902,38466304,152968,359.9202880859375,2.854172945022583,359.9202880859375,2.854172945022583,1027.818359375,0.0,89.64579010009766,0.7108909487724304,3.432088080961191,3.432088080961191,4.014915560161114,0.8548344366234852
1903,38486528,153046,364.2172546386719,5.163916110992432,364.2172546386719,5.163916110992432,1027.818359375,0.0,90.71603393554688,1.2861793041229248,3.432088080961191,3.432088080961191,4.014915560161114,0.8548344366234852
1904,38506752,153123,360.3283996582031,1.1317013502120972,360.3283996582031,1.1317013502120972,1027.818359375,0.0,89.74744415283203,0.2818748652935028,3.432088080961191,3.432088080961191,4.014915560161114,0.8548344366234852
1905,38526976,153201,361.2447204589844,4.089841365814209,361.2447204589844,4.089841365814209,1027.818359375,0.0,89.97566986083984,1.0186643600463867,3.432088080961191,3.432088080961191,4.014915560161114,0.8548344366234852
1906,38547200,153280,359.8865966796875,6.1780219078063965,359.8865966796875,6.1780219078063965,1027.818359375,0.0,89.63739776611328,1.5387685298919678,3.432088080961191,3.432088080961191,4.014915560161114,0.8548344366234852
1907,38567424,153359,361.1741027832031,3.0331807136535645,361.1741027832031,3.0331807136535645,1027.818359375,0.0,89.95807647705078,0.7554783821105957,3.432088080961191,3.432088080961191,4.014915560161114,0.8548344366234852
1908,38587648,153437,362.548828125,4.997628688812256,362.548828125,4.997628688812256,1027.818359375,0.0,90.30048370361328,1.2447606325149536,3.432088080961191,3.432088080961191,4.014915560161114,0.8548344366234852
1909,38607872,153514,358.154296875,4.538095951080322,358.154296875,4.538095951080322,1027.818359375,0.0,89.2059326171875,1.1303075551986694,3.432088080961191,3.432088080961191,4.014915560161114,0.8548344366234852
1910,38628096,153592,352.9692077636719,5.742885112762451,352.9692077636719,5.742885112762451,1027.818359375,0.0,87.91448211669922,1.4303913116455078,3.432088080961191,3.432088080961191,4.014915560161114,0.8548344366234852
1911,38648320,153671,358.0434875488281,6.483835220336914,358.0434875488281,6.483835220336914,1027.818359375,0.0,89.17833709716797,1.6149399280548096,3.432088080961191,3.432088080961191,4.014915560161114,0.8548344366234852
1912,38668544,153750,364.4066467285156,5.4129815101623535,364.4066467285156,5.4129815101623535,1027.818359375,0.0,90.76322174072266,1.3482156991958618,3.432088080961191,3.432088080961191,4.014915560161114,0.8548344366234852
1913,38688768,153829,367.0770568847656,2.5024821758270264,367.0770568847656,2.5024821758270264,1027.818359375,0.0,91.4283447265625,0.6232961416244507,3.432088080961191,3.432088080961191,4.014915560161114,0.8548344366234852
1914,38708992,153907,363.2867736816406,3.1771047115325928,363.2867736816406,3.1771047115325928,1027.818359375,0.0,90.48429107666016,0.7913209199905396,3.432088080961191,3.432088080961191,4.014915560161114,0.8548344366234852
1915,38729216,153986,362.9502868652344,6.260194301605225,362.9502868652344,6.260194301605225,1027.818359375,0.0,90.40048217773438,1.5592373609542847,3.432088080961191,3.432088080961191,4.014915560161114,0.8548344366234852
1916,38749440,154065,360.5299987792969,2.488264322280884,360.5299987792969,2.488264322280884,1027.818359375,0.0,89.79764556884766,0.6197534799575806,3.432088080961191,3.432088080961191,4.014915560161114,0.8548344366234852
1917,38769664,154143,361.900634765625,5.50219202041626,361.900634765625,5.50219202041626,1027.818359375,0.0,90.13904571533203,1.370436429977417,3.432088080961191,3.432088080961191,4.014915560161114,0.8548344366234852
1918,38789888,154221,365.0135803222656,0.37962594628334045,365.0135803222656,0.37962594628334045,1027.818359375,0.0,90.91439056396484,0.09455204010009766,3.432088080961191,3.432088080961191,4.014915560161114,0.8548344366234852
1919,38810112,154300,357.7281188964844,5.904168128967285,357.7281188964844,5.904168128967285,1027.818359375,0.0,89.09979248046875,1.4705594778060913,3.432088080961191,3.432088080961191,4.014915560161114,0.8548344366234852
1920,38830336,154378,356.890625,4.430114269256592,356.890625,4.430114269256592,1027.818359375,0.0,88.89119720458984,1.1034135818481445,3.432088080961191,3.432088080961191,4.014915560161114,0.8548344366234852
1921,38850560,154456,360.7777404785156,11.739890098571777,360.7777404785156,11.739890098571777,1027.818359375,0.0,89.85936737060547,2.9240684509277344,3.432088080961191,3.432088080961191,4.014915560161114,0.8548344366234852
1922,38870784,154534,363.4718322753906,0.4869568347930908,363.4718322753906,0.4869568347930908,1027.818359375,0.0,90.53038787841797,0.12128769606351852,3.432088080961191,3.432088080961191,4.014915560161114,0.8548344366234852
1923,38891008,154611,364.263916015625,1.120888352394104,364.263916015625,1.120888352394104,1027.818359375,0.0,90.7276611328125,0.27918070554733276,3.432088080961191,3.432088080961191,4.014915560161114,0.8548344366234852
1924,38911232,154690,360.9452209472656,5.054418563842773,360.9452209472656,5.054418563842773,1027.818359375,0.0,89.90108489990234,1.2589101791381836,3.432088080961191,3.432088080961191,4.014915560161114,0.8548344366234852
1925,38931456,154769,362.8540344238281,1.8900878429412842,362.8540344238281,1.8900878429412842,1027.818359375,0.0,90.37650299072266,0.4707668721675873,3.432088080961191,3.432088080961191,4.014915560161114,0.8548344366234852
1926,38951680,154847,366.7196350097656,1.7867310047149658,366.7196350097656,1.7867310047149658,1027.818359375,0.0,91.33931732177734,0.44502758979797363,3.432088080961191,3.432088080961191,4.014915560161114,0.8548344366234852
1927,38971904,154925,362.9312438964844,4.812744617462158,362.9312438964844,4.812744617462158,1027.818359375,0.0,90.3957290649414,1.1987107992172241,3.432088080961191,3.432088080961191,4.014915560161114,0.8548344366234852
1928,38992128,155003,362.9552917480469,3.139970302581787,362.9552917480469,3.139970302581787,1027.818359375,0.0,90.4017105102539,0.7820775508880615,3.432088080961191,3.432088080961191,4.014915560161114,0.8548344366234852
1929,39012352,155082,361.941162109375,5.439542293548584,361.941162109375,5.439542293548584,1027.818359375,0.0,90.14913177490234,1.3548336029052734,3.432088080961191,3.432088080961191,4.014915560161114,0.8548344366234852
1930,39032576,155160,363.7293395996094,9.003003120422363,363.7293395996094,9.003003120422363,1027.818359375,0.0,90.5945053100586,2.24238920211792,3.432088080961191,3.432088080961191,4.014915560161114,0.8548344366234852
1931,39052800,155238,361.0848083496094,5.622069835662842,361.0848083496094,5.622069835662842,1027.818359375,0.0,89.93584442138672,1.400298833847046,3.432088080961191,3.432088080961191,4.014915560161114,0.8548344366234852
1932,39073024,155317,360.9044494628906,3.622278928756714,360.9044494628906,3.622278928756714,1027.818359375,0.0,89.89093017578125,0.9022014737129211,3.432088080961191,3.432088080961191,4.014915560161114,0.8548344366234852
1933,39093248,155395,362.4353332519531,5.387084007263184,362.4353332519531,5.387084007263184,1027.818359375,0.0,90.272216796875,1.3417646884918213,3.432088080961191,3.432088080961191,4.014915560161114,0.8548344366234852
1934,39113472,155474,361.6380920410156,3.3315601348876953,361.6380920410156,3.3315601348876953,1027.818359375,0.0,90.07364654541016,0.8297926187515259,3.432088080961191,3.432088080961191,4.014915560161114,0.8548344366234852
1935,39133696,155552,357.6304626464844,2.496798515319824,357.6304626464844,2.496798515319824,1027.818359375,0.0,89.0754623413086,0.6218799352645874,3.432088080961191,3.432088080961191,4.014915560161114,0.8548344366234852
1936,39153920,155630,362.6190490722656,3.5758931636810303,362.6190490722656,3.5758931636810303,1027.818359375,0.0,90.31798553466797,0.8906529545783997,3.432088080961191,3.432088080961191,4.014915560161114,0.8548344366234852
1937,39174144,155708,362.3338623046875,0.9463858604431152,362.3338623046875,0.9463858604431152,1027.818359375,0.0,90.2469482421875,0.2357194870710373,3.432088080961191,3.432088080961191,4.014915560161114,0.8548344366234852
1938,39194368,155788,360.1275329589844,1.9167239665985107,360.1275329589844,1.9167239665985107,1027.818359375,0.0,89.6974105834961,0.4773994982242584,3.432088080961191,3.432088080961191,4.014915560161114,0.8548344366234852
1939,39214592,155867,363.9097595214844,3.279055595397949,363.9097595214844,3.279055595397949,1027.818359375,0.0,90.63945770263672,0.8167184591293335,3.432088080961191,3.432088080961191,4.014915560161114,0.8548344366234852
1940,39234816,155945,358.2479553222656,4.4920334815979,358.2479553222656,4.4920334815979,1027.818359375,0.0,89.22925567626953,1.118837833404541,3.432088080961191,3.432088080961191,4.014915560161114,0.8548344366234852
1941,39255040,156023,363.4244079589844,3.7650716304779053,363.4244079589844,3.7650716304779053,1027.818359375,0.0,90.5185546875,0.9377689361572266,3.432088080961191,3.432088080961191,4.014915560161114,0.8548344366234852
1942,39275264,156102,360.494384765625,5.428904056549072,360.494384765625,5.428904056549072,1027.818359375,0.0,89.78878021240234,1.3521863222122192,3.432088080961191,3.432088080961191,4.014915560161114,0.8548344366234852
1943,39295488,156181,363.3564453125,1.6342474222183228,363.3564453125,1.6342474222183228,1027.818359375,0.0,90.50164794921875,0.40704217553138733,3.432088080961191,3.432088080961191,4.014915560161114,0.8548344366234852
1944,39315712,156259,359.3941650390625,2.063584566116333,359.3941650390625,2.063584566116333,1027.818359375,0.0,89.5147476196289,0.5139783620834351,3.432088080961191,3.432088080961191,4.014915560161114,0.8548344366234852
1945,39335936,156338,361.4749450683594,5.857700347900391,361.4749450683594,5.857700347900391,1027.818359375,0.0,90.03302001953125,1.4589849710464478,3.432088080961191,3.432088080961191,4.014915560161114,0.8548344366234852
1946,39356160,156417,362.7985534667969,5.268026351928711,362.7985534667969,5.268026351928711,1027.818359375,0.0,90.36267852783203,1.312111496925354,3.432088080961191,3.432088080961191,4.014915560161114,0.8548344366234852
1947,39376384,156496,361.6053466796875,1.237357258796692,361.6053466796875,1.237357258796692,1027.818359375,0.0,90.06549072265625,0.3081872761249542,3.432088080961191,3.432088080961191,4.014915560161114,0.8548344366234852
1948,39396608,156575,358.823974609375,5.689920902252197,358.823974609375,5.689920902252197,1027.818359375,0.0,89.37273406982422,1.4171950817108154,3.432088080961191,3.432088080961191,4.014915560161114,0.8548344366234852
1949,39416832,156653,360.8010559082031,0.962482213973999,360.8010559082031,0.962482213973999,1027.818359375,0.0,89.86517333984375,0.239725723862648,3.432088080961191,3.432088080961191,4.014915560161114,0.8548344366234852
1950,39437056,156731,362.6708984375,2.7348151206970215,362.6708984375,2.7348151206970215,1027.818359375,0.0,90.33090209960938,0.6811634302139282,3.432088080961191,3.432088080961191,4.014915560161114,0.8548344366234852
1951,39457280,156810,366.356689453125,6.4037885665893555,366.356689453125,6.4037885665893555,1027.818359375,0.0,91.24890899658203,1.5950038433074951,3.432088080961191,3.432088080961191,4.014915560161114,0.8548344366234852
1952,39477504,156889,362.4185485839844,2.582139492034912,362.4185485839844,2.582139492034912,1027.818359375,0.0,90.26803588867188,0.6431317925453186,3.432088080961191,3.432088080961191,4.014915560161114,0.8548344366234852
1953,39497728,156968,363.8809509277344,3.4113025665283203,363.8809509277344,3.4113025665283203,1027.818359375,0.0,90.63227081298828,0.8496579527854919,3.432088080961191,3.432088080961191,4.014915560161114,0.8548344366234852
1954,39517952,157046,362.6795349121094,5.332370758056641,362.6795349121094,5.332370758056641,1027.818359375,0.0,90.33304595947266,1.3281381130218506,3.432088080961191,3.432088080961191,4.014915560161114,0.8548344366234852
1955,39538176,157124,362.8670349121094,5.4923882484436035,362.8670349121094,5.4923882484436035,1027.818359375,0.0,90.3797378540039,1.3679966926574707,3.432088080961191,3.432088080961191,4.014915560161114,0.8548344366234852
1956,39558400,157202,358.7349548339844,10.743963241577148,358.7349548339844,10.743963241577148,1027.818359375,0.0,89.35054779052734,2.676011562347412,3.432088080961191,3.432088080961191,4.014915560161114,0.8548344366234852
1957,39578624,157281,363.2646789550781,6.218592643737793,363.2646789550781,6.218592643737793,1027.818359375,0.0,90.47879028320312,1.5488731861114502,3.432088080961191,3.432088080961191,4.014915560161114,0.8548344366234852
1958,39598848,157360,361.1782531738281,0.8845979571342468,361.1782531738281,0.8845979571342468,1027.818359375,0.0,89.9591293334961,0.22032830119132996,3.432088080961191,3.432088080961191,4.014915560161114,0.8548344366234852
1959,39619072,157438,362.4166259765625,1.1949114799499512,362.4166259765625,1.1949114799499512,1027.818359375,0.0,90.2675552368164,0.29761770367622375,3.432088080961191,3.432088080961191,4.014915560161114,0.8548344366234852
1960,39639296,157517,360.3001708984375,10.016311645507812,360.3001708984375,10.016311645507812,1027.818359375,0.0,89.74040985107422,2.4947750568389893,3.432088080961191,3.432088080961191,4.014915560161114,0.8548344366234852
1961,39659520,157595,362.4386291503906,3.9100615978240967,362.4386291503906,3.9100615978240967,1027.818359375,0.0,90.27304077148438,0.9738823771476746,3.432088080961191,3.432088080961191,4.014915560161114,0.8548344366234852
1962,39679744,157674,361.9405212402344,4.175085067749023,361.9405212402344,4.175085067749023,1027.818359375,0.0,90.14897918701172,1.0398927927017212,3.432088080961191,3.432088080961191,4.014915560161114,0.8548344366234852
1963,39699968,157752,362.2879638671875,2.5692381858825684,362.2879638671875,2.5692381858825684,1027.818359375,0.0,90.23551177978516,0.639920175075531,3.432088080961191,3.432088080961191,4.014915560161114,0.8548344366234852
1964,39720192,157831,365.9234313964844,4.6045966148376465,365.9234313964844,4.6045966148376465,1027.818359375,0.0,91.1409912109375,1.146868348121643,3.432088080961191,3.432088080961191,4.014915560161114,0.8548344366234852
1965,39740416,157909,359.14599609375,2.7623634338378906,359.14599609375,2.7623634338378906,1027.818359375,0.0,89.45293426513672,0.6880258917808533,3.432088080961191,3.432088080961191,4.014915560161114,0.8548344366234852
1966,39760640,157989,362.6473693847656,1.3771637678146362,362.6473693847656,1.3771637678146362,1027.818359375,0.0,90.32504272460938,0.34301120042800903,3.432088080961191,3.432088080961191,4.014915560161114,0.8548344366234852
1967,39780864,158067,360.2939147949219,8.88109016418457,360.2939147949219,8.88109016418457,1027.818359375,0.0,89.73885345458984,2.2120249271392822,3.432088080961191,3.432088080961191,4.014915560161114,0.8548344366234852
1968,39801088,158146,358.8485412597656,5.474441051483154,358.8485412597656,5.474441051483154,1027.818359375,0.0,89.37886810302734,1.3635241985321045,3.432088080961191,3.432088080961191,4.014915560161114,0.8548344366234852
1969,39821312,158224,361.9901123046875,4.258387088775635,361.9901123046875,4.258387088775635,1027.818359375,0.0,90.16132354736328,1.0606417655944824,3.432088080961191,3.432088080961191,4.014915560161114,0.8548344366234852
1970,39841536,158303,362.4283142089844,9.731504440307617,362.4283142089844,9.731504440307617,1027.818359375,0.0,90.27046966552734,2.423835277557373,3.432088080961191,3.432088080961191,4.014915560161114,0.8548344366234852
1971,39861760,158383,359.5248718261719,2.0679287910461426,359.5248718261719,2.0679287910461426,1027.818359375,0.0,89.54730224609375,0.5150565505027771,3.432088080961191,3.432088080961191,4.014915560161114,0.8548344366234852
1972,39881984,158461,364.4142761230469,1.3042895793914795,364.4142761230469,1.3042895793914795,1027.818359375,0.0,90.7651138305664,0.3248589336872101,3.432088080961191,3.432088080961191,4.014915560161114,0.8548344366234852
1973,39902208,158540,362.0376281738281,5.8671674728393555,362.0376281738281,5.8671674728393555,1027.818359375,0.0,90.17315673828125,1.4613397121429443,3.432088080961191,3.432088080961191,4.014915560161114,0.8548344366234852
1974,39922432,158618,363.6614074707031,1.9455081224441528,363.6614074707031,1.9455081224441528,1027.818359375,0.0,90.57759857177734,0.48456859588623047,3.432088080961191,3.432088080961191,4.014915560161114,0.8548344366234852
1975,39942656,158697,362.0368957519531,3.496547222137451,362.0368957519531,3.496547222137451,1027.818359375,0.0,90.17298126220703,0.870887279510498,3.432088080961191,3.432088080961191,4.014915560161114,0.8548344366234852
1976,39962880,158775,366.4273376464844,2.0712947845458984,366.4273376464844,2.0712947845458984,1027.818359375,0.0,91.26651000976562,0.5159037113189697,3.432088080961191,3.432088080961191,4.014915560161114,0.8548344366234852
1977,39983104,158854,362.8004455566406,9.513017654418945,362.8004455566406,9.513017654418945,1027.818359375,0.0,90.3631591796875,2.369422197341919,3.432088080961191,3.432088080961191,4.014915560161114,0.8548344366234852
1978,40003328,158933,359.5662536621094,2.3321163654327393,359.5662536621094,2.3321163654327393,1027.818359375,0.0,89.5576171875,0.5808630585670471,3.432088080961191,3.432088080961191,4.014915560161114,0.8548344366234852
1979,40023552,159012,361.54345703125,4.010850429534912,361.54345703125,4.010850429534912,1027.818359375,0.0,90.0500717163086,0.9989887475967407,3.432088080961191,3.432088080961191,4.014915560161114,0.8548344366234852
1980,40043776,159092,356.7786560058594,3.487244129180908,356.7786560058594,3.487244129180908,1027.818359375,0.0,88.8633041381836,0.8685713410377502,3.432088080961191,3.432088080961191,4.014915560161114,0.8548344366234852
1981,40064000,159170,358.8243103027344,0.9964702129364014,358.8243103027344,0.9964702129364014,1027.818359375,0.0,89.372802734375,0.2481928914785385,3.432088080961191,3.432088080961191,4.014915560161114,0.8548344366234852
1982,40084224,159248,358.0274658203125,6.689034938812256,358.0274658203125,6.689034938812256,1027.818359375,0.0,89.17434692382812,1.6660475730895996,3.432088080961191,3.432088080961191,4.014915560161114,0.8548344366234852
1983,40104448,159327,370.9173278808594,1.1395974159240723,370.9173278808594,1.1395974159240723,1027.818359375,0.0,92.38483428955078,0.2838415801525116,3.432088080961191,3.432088080961191,4.014915560161114,0.8548344366234852
1984,40124672,159407,363.08544921875,4.316771030426025,363.08544921875,4.316771030426025,1027.818359375,0.0,90.43414306640625,1.075182318687439,3.432088080961191,3.432088080961191,4.014915560161114,0.8548344366234852
1985,40144896,159486,361.8162841796875,6.98154354095459,361.8162841796875,6.98154354095459,1027.818359375,0.0,90.1180191040039,1.7389024496078491,3.432088080961191,3.432088080961191,4.014915560161114,0.8548344366234852
1986,40165120,159565,362.1600646972656,4.3222856521606445,362.1600646972656,4.3222856521606445,1027.818359375,0.0,90.20366668701172,1.0765575170516968,3.432088080961191,3.432088080961191,4.014915560161114,0.8548344366234852
1987,40185344,159643,361.4373779296875,2.1152915954589844,361.4373779296875,2.1152915954589844,1027.818359375,0.0,90.02365112304688,0.5268616080284119,3.432088080961191,3.432088080961191,4.014915560161114,0.8548344366234852
1988,40205568,159722,360.0214538574219,5.692622661590576,360.0214538574219,5.692622661590576,1027.818359375,0.0,89.67098999023438,1.417871117591858,3.432088080961191,3.432088080961191,4.014915560161114,0.8548344366234852
1989,40225792,159800,360.232177734375,6.13089656829834,360.232177734375,6.13089656829834,1027.818359375,0.0,89.7234878540039,1.5270326137542725,3.432088080961191,3.432088080961191,4.014915560161114,0.8548344366234852
1990,40246016,159879,359.1860046386719,2.4698712825775146,359.1860046386719,2.4698712825775146,1027.818359375,0.0,89.46289825439453,0.6151738166809082,3.432088080961191,3.432088080961191,4.014915560161114,0.8548344366234852
1991,40266240,159958,365.3885192871094,2.2746634483337402,365.3885192871094,2.2746634483337402,1027.818359375,0.0,91.00775909423828,0.5665547847747803,3.432088080961191,3.432088080961191,4.014915560161114,0.8548344366234852
1992,40286464,160037,360.5867614746094,6.619569778442383,360.5867614746094,6.619569778442383,1027.818359375,0.0,89.8117904663086,1.6487431526184082,3.432088080961191,3.432088080961191,4.014915560161114,0.8548344366234852
1993,40306688,160117,360.2351989746094,0.9986199140548706,360.2351989746094,0.9986199140548706,1027.818359375,0.0,89.72423553466797,0.24872709810733795,3.432088080961191,3.432088080961191,4.014915560161114,0.8548344366234852
1994,40326912,160196,365.3161926269531,2.5787594318389893,365.3161926269531,2.5787594318389893,1027.818359375,0.0,90.98975372314453,0.6422951817512512,3.432088080961191,3.432088080961191,4.014915560161114,0.8548344366234852
1995,40347136,160274,363.015625,1.779227375984192,363.015625,1.779227375984192,1027.818359375,0.0,90.416748046875,0.44315820932388306,3.432088080961191,3.432088080961191,4.014915560161114,0.8548344366234852
1996,40367360,160353,359.5075378417969,2.0376813411712646,359.5075378417969,2.0376813411712646,1027.818359375,0.0,89.5429916381836,0.5075256824493408,3.432088080961191,3.432088080961191,4.014915560161114,0.8548344366234852
1997,40387584,160432,361.5982971191406,5.872041702270508,361.5982971191406,5.872041702270508,1027.818359375,0.0,90.0637435913086,1.46255362033844,3.432088080961191,3.432088080961191,4.014915560161114,0.8548344366234852
1998,40407808,160512,360.4759826660156,4.723985195159912,360.4759826660156,4.723985195159912,1027.818359375,0.0,89.7842025756836,1.1766082048416138,3.432088080961191,3.432088080961191,4.014915560161114,0.8548344366234852
1999,40428032,160591,361.001708984375,3.287195920944214,361.001708984375,3.287195920944214,1027.818359375,0.0,89.9151382446289,0.818743884563446,3.432088080961191,3.432088080961191,4.014915560161114,0.8548344366234852
2000,40448256,160669,363.0162353515625,4.19860315322876,363.0162353515625,4.19860315322876,1027.818359375,0.0,90.41690063476562,1.0457499027252197,3.432088080961191,3.432088080961191,4.014915560161114,0.8548344366234852
2001,40468480,160747,358.645751953125,5.475344657897949,358.645751953125,5.475344657897949,1027.818359375,0.0,89.3283462524414,1.3637518882751465,3.432088080961191,3.432088080961191,4.014915560161114,0.8548344366234852
2002,40488704,160825,359.7908020019531,1.804374098777771,359.7908020019531,1.804374098777771,1027.818359375,0.0,89.61353302001953,0.4494149088859558,3.432088080961191,3.432088080961191,4.014915560161114,0.8548344366234852
2003,40508928,160905,361.1739196777344,7.894843101501465,361.1739196777344,7.894843101501465,1027.818359375,0.0,89.9580307006836,1.9663786888122559,3.432088080961191,3.432088080961191,4.014915560161114,0.8548344366234852
2004,40529152,160983,359.9485778808594,6.060481071472168,359.9485778808594,6.060481071472168,1027.818359375,0.0,89.65283203125,1.509492039680481,3.432088080961191,3.432088080961191,4.014915560161114,0.8548344366234852
2005,40549376,161062,360.4407043457031,7.631031036376953,360.4407043457031,7.631031036376953,1027.818359375,0.0,89.7754135131836,1.900673270225525,3.432088080961191,3.432088080961191,4.014915560161114,0.8548344366234852
2006,40569600,161140,363.7193298339844,1.9186043739318848,363.7193298339844,1.9186043739318848,1027.818359375,0.0,90.59201049804688,0.4778655767440796,3.432088080961191,3.432088080961191,4.014915560161114,0.8548344366234852
2007,40589824,161219,366.7566833496094,4.819731712341309,366.7566833496094,4.819731712341309,1027.818359375,0.0,91.3485336303711,1.2004536390304565,3.432088080961191,3.432088080961191,4.014915560161114,0.8548344366234852
2008,40610048,161298,355.7158508300781,2.839064836502075,355.7158508300781,2.839064836502075,1027.818359375,0.0,88.59859466552734,0.7071331143379211,3.432088080961191,3.432088080961191,4.014915560161114,0.8548344366234852
2009,40630272,161376,357.6207580566406,1.7865537405014038,357.6207580566406,1.7865537405014038,1027.818359375,0.0,89.07305145263672,0.44497931003570557,3.432088080961191,3.432088080961191,4.014915560161114,0.8548344366234852
2010,40650496,161456,362.6927795410156,7.559490203857422,362.6927795410156,7.559490203857422,1027.818359375,0.0,90.33635711669922,1.8828520774841309,3.432088080961191,3.432088080961191,4.014915560161114,0.8548344366234852
2011,40670720,161535,364.2945861816406,4.750472068786621,364.2945861816406,4.750472068786621,1027.818359375,0.0,90.73531341552734,1.183202862739563,3.432088080961191,3.432088080961191,4.014915560161114,0.8548344366234852
2012,40690944,161614,365.6053466796875,4.403499603271484,365.6053466796875,4.403499603271484,1027.818359375,0.0,91.06177520751953,1.0967817306518555,3.432088080961191,3.432088080961191,4.014915560161114,0.8548344366234852
2013,40711168,161693,362.65869140625,1.1448686122894287,362.65869140625,1.1448686122894287,1027.818359375,0.0,90.32785034179688,0.2851569354534149,3.432088080961191,3.432088080961191,4.014915560161114,0.8548344366234852
2014,40731392,161772,363.2574768066406,2.4449667930603027,363.2574768066406,2.4449667930603027,1027.818359375,0.0,90.47698974609375,0.6089679598808289,3.432088080961191,3.432088080961191,4.014915560161114,0.8548344366234852
2015,40751616,161851,366.8232116699219,1.204158067703247,366.8232116699219,1.204158067703247,1027.818359375,0.0,91.3651123046875,0.299921452999115,3.432088080961191,3.432088080961191,4.014915560161114,0.8548344366234852
2016,40771840,161930,359.7377014160156,3.0281498432159424,359.7377014160156,3.0281498432159424,1027.818359375,0.0,89.6003189086914,0.7542240023612976,3.432088080961191,3.432088080961191,4.014915560161114,0.8548344366234852
2017,40792064,162009,362.8369140625,3.05037260055542,362.8369140625,3.05037260055542,1027.818359375,0.0,90.37224578857422,0.7597626447677612,3.432088080961191,3.432088080961191,4.014915560161114,0.8548344366234852
2018,40812288,162088,360.4234619140625,3.132340669631958,360.4234619140625,3.132340669631958,1027.818359375,0.0,89.7711181640625,0.7801790237426758,3.432088080961191,3.432088080961191,4.014915560161114,0.8548344366234852
2019,40832512,162166,364.6053161621094,3.7913599014282227,364.6053161621094,3.7913599014282227,1027.818359375,0.0,90.81270599365234,0.9443155527114868,3.432088080961191,3.432088080961191,4.014915560161114,0.8548344366234852
2020,40852736,162244,361.9620056152344,3.3332056999206543,361.9620056152344,3.3332056999206543,1027.818359375,0.0,90.1543197631836,0.8302030563354492,3.432088080961191,3.432088080961191,4.014915560161114,0.8548344366234852
2021,40872960,162323,363.4394836425781,5.162875652313232,363.4394836425781,5.162875652313232,1027.818359375,0.0,90.52233123779297,1.2859255075454712,3.432088080961191,3.432088080961191,4.014915560161114,0.8548344366234852
2022,40893184,162402,360.0755615234375,2.178387403488159,360.0755615234375,2.178387403488159,1027.818359375,0.0,89.6844711303711,0.5425780415534973,3.432088080961191,3.432088080961191,4.014915560161114,0.8548344366234852
2023,40913408,162481,364.1302795410156,4.622318744659424,364.1302795410156,4.622318744659424,1027.818359375,0.0,90.69437408447266,1.1512869596481323,3.432088080961191,3.432088080961191,4.014915560161114,0.8548344366234852
2024,40933632,162560,364.025146484375,4.062206745147705,364.025146484375,4.062206745147705,1027.818359375,0.0,90.66820526123047,1.011776089668274,3.432088080961191,3.432088080961191,4.014915560161114,0.8548344366234852
2025,40953856,162640,364.3250427246094,4.125514984130859,364.3250427246094,4.125514984130859,1027.818359375,0.0,90.74288940429688,1.0275449752807617,3.432088080961191,3.432088080961191,4.014915560161114,0.8548344366234852
2026,40974080,162720,360.8721923828125,3.437809467315674,360.8721923828125,3.437809467315674,1027.818359375,0.0,89.88288116455078,0.8562573194503784,3.432088080961191,3.432088080961191,4.014915560161114,0.8548344366234852
2027,40994304,162798,360.1973571777344,4.388344764709473,360.1973571777344,4.388344764709473,1027.818359375,0.0,89.71480560302734,1.0930140018463135,3.432088080961191,3.432088080961191,4.014915560161114,0.8548344366234852
2028,41014528,162876,363.2579040527344,2.7687642574310303,363.2579040527344,2.7687642574310303,1027.818359375,0.0,90.47708892822266,0.6896198391914368,3.432088080961191,3.432088080961191,4.014915560161114,0.8548344366234852
2029,41034752,162955,368.40185546875,3.2254221439361572,368.40185546875,3.2254221439361572,1027.818359375,0.0,91.7583236694336,0.8033571243286133,3.432088080961191,3.432088080961191,4.014915560161114,0.8548344366234852
2030,41054976,163035,359.3335266113281,1.7597547769546509,359.3335266113281,1.7597547769546509,1027.818359375,0.0,89.4996566772461,0.43830201029777527,3.432088080961191,3.432088080961191,4.014915560161114,0.8548344366234852
2031,41075200,163114,361.0345764160156,8.834659576416016,361.0345764160156,8.834659576416016,1027.818359375,0.0,89.92333221435547,2.2004599571228027,3.432088080961191,3.432088080961191,4.014915560161114,0.8548344366234852
2032,41095424,163192,361.2655334472656,3.1224422454833984,361.2655334472656,3.1224422454833984,1027.818359375,0.0,89.9808578491211,0.7777136564254761,3.432088080961191,3.432088080961191,4.014915560161114,0.8548344366234852
2033,41115648,163271,365.6087951660156,5.14225435256958,365.6087951660156,5.14225435256958,1027.818359375,0.0,91.0626449584961,1.280787706375122,3.432088080961191,3.432088080961191,4.014915560161114,0.8548344366234852
2034,41135872,163350,361.698974609375,2.3560638427734375,361.698974609375,2.3560638427734375,1027.818359375,0.0,90.08880615234375,0.5868262052536011,3.432088080961191,3.432088080961191,4.014915560161114,0.8548344366234852
2035,41156096,163429,365.6939392089844,0.7122744917869568,365.6939392089844,0.7122744917869568,1027.818359375,0.0,91.08385467529297,0.17740660905838013,3.432088080961191,3.432088080961191,4.014915560161114,0.8548344366234852
2036,41176320,163509,356.2699890136719,3.9650509357452393,356.2699890136719,3.9650509357452393,1027.818359375,0.0,88.73660278320312,0.9875800013542175,3.432088080961191,3.432088080961191,4.014915560161114,0.8548344366234852
2037,41196544,163587,360.6402282714844,8.201306343078613,360.6402282714844,8.201306343078613,1027.818359375,0.0,89.82511138916016,2.0427119731903076,3.432088080961191,3.432088080961191,4.014915560161114,0.8548344366234852
2038,41216768,163666,357.069091796875,0.9718525409698486,357.069091796875,0.9718525409698486,1027.818359375,0.0,88.93563842773438,0.24206213653087616,3.432088080961191,3.432088080961191,4.014915560161114,0.8548344366234852
2039,41236992,163745,359.9848327636719,3.7775962352752686,359.9848327636719,3.7775962352752686,1027.818359375,0.0,89.661865234375,0.940891444683075,3.432088080961191,3.432088080961191,4.014915560161114,0.8548344366234852
2040,41257216,163823,364.3120422363281,4.070744514465332,364.3120422363281,4.070744514465332,1027.818359375,0.0,90.73965454101562,1.013906717300415,3.432088080961191,3.432088080961191,4.014915560161114,0.8548344366234852
2041,41277440,163901,365.458740234375,4.635190010070801,365.458740234375,4.635190010070801,1027.818359375,0.0,91.0252685546875,1.1544911861419678,3.432088080961191,3.432088080961191,4.014915560161114,0.8548344366234852
2042,41297664,163980,356.9485778808594,2.8952441215515137,356.9485778808594,2.8952441215515137,1027.818359375,0.0,88.9056167602539,0.7211212515830994,3.432088080961191,3.432088080961191,4.014915560161114,0.8548344366234852
2043,41317888,164059,363.3553771972656,3.415346384048462,363.3553771972656,3.415346384048462,1027.818359375,0.0,90.50137329101562,0.8506622910499573,3.432088080961191,3.432088080961191,4.014915560161114,0.8548344366234852
2044,41338112,164138,354.9956359863281,4.761468887329102,354.9956359863281,4.761468887329102,1027.818359375,0.0,88.41919708251953,1.185949444770813,3.432088080961191,3.432088080961191,4.014915560161114,0.8548344366234852
2045,41358336,164217,361.3790283203125,2.342503786087036,361.3790283203125,2.342503786087036,1027.818359375,0.0,90.00912475585938,0.5834465026855469,3.432088080961191,3.432088080961191,4.014915560161114,0.8548344366234852
2046,41378560,164295,361.6272888183594,1.8595713376998901,361.6272888183594,1.8595713376998901,1027.818359375,0.0,90.07095336914062,0.4631638526916504,3.432088080961191,3.432088080961191,4.014915560161114,0.8548344366234852
2047,41398784,164373,362.6846008300781,4.8638410568237305,362.6846008300781,4.8638410568237305,1027.818359375,0.0,90.33431243896484,1.211440920829773,3.432088080961191,3.432088080961191,4.014915560161114,0.8548344366234852
2048,41419008,164452,360.9453125,1.658300757408142,360.9453125,1.658300757408142,1027.818359375,0.0,89.9011001586914,0.41303297877311707,3.432088080961191,3.432088080961191,4.014915560161114,0.8548344366234852
2049,41439232,164531,361.3977966308594,5.445612907409668,361.3977966308594,5.445612907409668,1027.818359375,0.0,90.0137939453125,1.3563463687896729,3.432088080961191,3.432088080961191,4.014915560161114,0.8548344366234852
2050,41459456,164610,364.2624816894531,8.221017837524414,364.2624816894531,8.221017837524414,1027.818359375,0.0,90.7273178100586,2.0476157665252686,3.432088080961191,3.432088080961191,4.014915560161114,0.8548344366234852
2051,41479680,164688,365.0699768066406,4.735631465911865,365.0699768066406,4.735631465911865,1027.818359375,0.0,90.92843627929688,1.1795114278793335,3.432088080961191,3.432088080961191,4.014915560161114,0.8548344366234852
2052,41499904,164766,361.230224609375,10.429763793945312,361.230224609375,10.429763793945312,1027.818359375,0.0,89.9720687866211,2.5977554321289062,3.432088080961191,3.432088080961191,4.014915560161114,0.8548344366234852
2053,41520128,164845,363.5809020996094,0.356998085975647,363.5809020996094,0.356998085975647,1027.818359375,0.0,90.55754852294922,0.08892074227333069,3.432088080961191,3.432088080961191,4.014915560161114,0.8548344366234852
2054,41540352,164923,359.0951232910156,1.9681645631790161,359.0951232910156,1.9681645631790161,1027.818359375,0.0,89.44026947021484,0.49020978808403015,3.432088080961191,3.432088080961191,4.014915560161114,0.8548344366234852
2055,41560576,165002,360.5691833496094,4.388894557952881,360.5691833496094,4.388894557952881,1027.818359375,0.0,89.80741119384766,1.093146800994873,3.432088080961191,3.432088080961191,4.014915560161114,0.8548344366234852
2056,41580800,165081,358.865966796875,3.7631607055664062,358.865966796875,3.7631607055664062,1027.818359375,0.0,89.38318634033203,0.9372966289520264,3.432088080961191,3.432088080961191,4.014915560161114,0.8548344366234852
2057,41601024,165160,360.0426940917969,7.5062575340271,360.0426940917969,7.5062575340271,1027.818359375,0.0,89.67627716064453,1.8695935010910034,3.432088080961191,3.432088080961191,4.014915560161114,0.8548344366234852
2058,41621248,165239,362.375,2.5971946716308594,362.375,2.5971946716308594,1027.818359375,0.0,90.2572021484375,0.6468833088874817,3.432088080961191,3.432088080961191,4.014915560161114,0.8548344366234852
2059,41641472,165317,360.860107421875,1.3290406465530396,360.860107421875,1.3290406465530396,1027.818359375,0.0,89.87987518310547,0.3310292363166809,3.432088080961191,3.432088080961191,4.014915560161114,0.8548344366234852
2060,41661696,165396,363.113525390625,2.130094289779663,363.113525390625,2.130094289779663,1027.818359375,0.0,90.4411392211914,0.5305450558662415,3.432088080961191,3.432088080961191,4.014915560161114,0.8548344366234852
2061,41681920,165475,357.436279296875,5.19404411315918,357.436279296875,5.19404411315918,1027.818359375,0.0,89.027099609375,1.2936911582946777,3.432088080961191,3.432088080961191,4.014915560161114,0.8548344366234852
2062,41702144,165555,359.9534912109375,3.0051236152648926,359.9534912109375,3.0051236152648926,1027.818359375,0.0,89.65406036376953,0.7484874725341797,3.432088080961191,3.432088080961191,4.014915560161114,0.8548344366234852
2063,41722368,165633,361.557373046875,1.7446240186691284,361.557373046875,1.7446240186691284,1027.818359375,0.0,90.05355072021484,0.43453648686408997,3.432088080961191,3.432088080961191,4.014915560161114,0.8548344366234852
2064,41742592,165711,363.7093505859375,3.627258539199829,363.7093505859375,3.627258539199829,1027.818359375,0.0,90.58953857421875,0.9034469723701477,3.432088080961191,3.432088080961191,4.014915560161114,0.8548344366234852
2065,41762816,165790,362.1080017089844,6.594294548034668,362.1080017089844,6.594294548034668,1027.818359375,0.0,90.19068145751953,1.6424490213394165,3.432088080961191,3.432088080961191,4.014915560161114,0.8548344366234852
2066,41783040,165868,364.5241394042969,5.884112358093262,364.5241394042969,5.884112358093262,1027.818359375,0.0,90.79248046875,1.46556556224823,3.432088080961191,3.432088080961191,4.014915560161114,0.8548344366234852
2067,41803264,165947,358.7571716308594,0.7121194005012512,358.7571716308594,0.7121194005012512,1027.818359375,0.0,89.3560791015625,0.17736871540546417,3.432088080961191,3.432088080961191,4.014915560161114,0.8548344366234852
2068,41823488,166026,366.1938781738281,5.937878131866455,366.1938781738281,5.937878131866455,1027.818359375,0.0,91.20836639404297,1.478955864906311,3.432088080961191,3.432088080961191,4.014915560161114,0.8548344366234852
2069,41843712,166104,361.0650939941406,3.92474627494812,361.0650939941406,3.92474627494812,1027.818359375,0.0,89.93093872070312,0.9775396585464478,3.432088080961191,3.432088080961191,4.014915560161114,0.8548344366234852
2070,41863936,166183,357.1705322265625,3.2548396587371826,357.1705322265625,3.2548396587371826,1027.818359375,0.0,88.96090698242188,0.8106885552406311,3.432088080961191,3.432088080961191,4.014915560161114,0.8548344366234852
2071,41884160,166262,358.9916076660156,3.8252360820770264,358.9916076660156,3.8252360820770264,1027.818359375,0.0,89.41448974609375,0.9527586698532104,3.432088080961191,3.432088080961191,4.014915560161114,0.8548344366234852
2072,41904384,166340,360.4364318847656,7.774871826171875,360.4364318847656,7.774871826171875,1027.818359375,0.0,89.77435302734375,1.9364945888519287,3.432088080961191,3.432088080961191,4.014915560161114,0.8548344366234852
2073,41924608,166418,358.2864990234375,2.199491262435913,358.2864990234375,2.199491262435913,1027.818359375,0.0,89.2388687133789,0.5478318929672241,3.432088080961191,3.432088080961191,4.014915560161114,0.8548344366234852
2074,41944832,166497,362.8138427734375,2.1867313385009766,362.8138427734375,2.1867313385009766,1027.818359375,0.0,90.36649322509766,0.54465252161026,3.432088080961191,3.432088080961191,4.014915560161114,0.8548344366234852
2075,41965056,166576,366.0168151855469,2.1027841567993164,366.0168151855469,2.1027841567993164,1027.818359375,0.0,91.16426849365234,0.5237389206886292,3.432088080961191,3.432088080961191,4.014915560161114,0.8548344366234852
2076,41985280,166656,358.7887268066406,2.9771337509155273,358.7887268066406,2.9771337509155273,1027.818359375,0.0,89.36395263671875,0.7415171265602112,3.432088080961191,3.432088080961191,4.014915560161114,0.8548344366234852
2077,42005504,166735,366.245849609375,2.588935136795044,366.245849609375,2.588935136795044,1027.818359375,0.0,91.2213134765625,0.6448256969451904,3.432088080961191,3.432088080961191,4.014915560161114,0.8548344366234852
2078,42025728,166814,359.0707702636719,3.6281039714813232,359.0707702636719,3.6281039714813232,1027.818359375,0.0,89.4342041015625,0.9036549925804138,3.432088080961191,3.432088080961191,4.014915560161114,0.8548344366234852
2079,42045952,166893,358.4099426269531,3.2286057472229004,358.4099426269531,3.2286057472229004,1027.818359375,0.0,89.26961517333984,0.8041536808013916,3.432088080961191,3.432088080961191,4.014915560161114,0.8548344366234852
2080,42066176,166972,362.6402893066406,0.9436261057853699,362.6402893066406,0.9436261057853699,1027.818359375,0.0,90.3232650756836,0.2350303828716278,3.432088080961191,3.432088080961191,4.014915560161114,0.8548344366234852
2081,42086400,167051,359.666015625,3.176701784133911,359.666015625,3.176701784133911,1027.818359375,0.0,89.58245849609375,0.7912240028381348,3.432088080961191,3.432088080961191,4.014915560161114,0.8548344366234852
2082,42106624,167130,360.6705627441406,2.194672107696533,360.6705627441406,2.194672107696533,1027.818359375,0.0,89.8326644897461,0.5466251373291016,3.432088080961191,3.432088080961191,4.014915560161114,0.8548344366234852
2083,42126848,167208,368.2119140625,4.284962177276611,368.2119140625,4.284962177276611,1027.818359375,0.0,91.71099853515625,1.0672601461410522,3.432088080961191,3.432088080961191,4.014915560161114,0.8548344366234852
2084,42147072,167287,359.220703125,2.785351514816284,359.220703125,2.785351514816284,1027.818359375,0.0,89.47154998779297,0.6937500238418579,3.432088080961191,3.432088080961191,4.014915560161114,0.8548344366234852
2085,42167296,167365,362.912109375,1.9532053470611572,362.912109375,1.9532053470611572,1027.818359375,0.0,90.3909683227539,0.48648813366889954,3.432088080961191,3.432088080961191,4.014915560161114,0.8548344366234852
2086,42187520,167444,363.6385192871094,2.3154947757720947,363.6385192871094,2.3154947757720947,1027.818359375,0.0,90.5718994140625,0.5767209529876709,3.432088080961191,3.432088080961191,4.014915560161114,0.8548344366234852
2087,42207744,167523,364.4521179199219,3.6434144973754883,364.4521179199219,3.6434144973754883,1027.818359375,0.0,90.7745361328125,0.907470166683197,3.432088080961191,3.432088080961191,4.014915560161114,0.8548344366234852
2088,42227968,167601,358.0469055175781,3.647770881652832,358.0469055175781,3.647770881652832,1027.818359375,0.0,89.17919921875,0.9085553288459778,3.432088080961191,3.432088080961191,4.014915560161114,0.8548344366234852
2089,42248192,167680,360.4685363769531,6.904491424560547,360.4685363769531,6.904491424560547,1027.818359375,0.0,89.7823486328125,1.7197121381759644,3.432088080961191,3.432088080961191,4.014915560161114,0.8548344366234852
2090,42268416,167759,364.9142150878906,3.378234386444092,364.9142150878906,3.378234386444092,1027.818359375,0.0,90.88964080810547,0.8414193391799927,3.432088080961191,3.432088080961191,4.014915560161114,0.8548344366234852
2091,42288640,167837,359.9788818359375,4.846128463745117,359.9788818359375,4.846128463745117,1027.818359375,0.0,89.66039276123047,1.207032322883606,3.432088080961191,3.432088080961191,4.014915560161114,0.8548344366234852
2092,42308864,167916,362.378173828125,3.744097948074341,362.378173828125,3.744097948074341,1027.818359375,0.0,90.25798797607422,0.9325478076934814,3.432088080961191,3.432088080961191,4.014915560161114,0.8548344366234852
2093,42329088,167995,361.4155578613281,2.5089712142944336,361.4155578613281,2.5089712142944336,1027.818359375,0.0,90.01822662353516,0.6249081492424011,3.432088080961191,3.432088080961191,4.014915560161114,0.8548344366234852
2094,42349312,168075,361.425048828125,4.477060317993164,361.425048828125,4.477060317993164,1027.818359375,0.0,90.02057647705078,1.1151022911071777,3.432088080961191,3.432088080961191,4.014915560161114,0.8548344366234852
2095,42369536,168154,361.4471740722656,4.728646755218506,361.4471740722656,4.728646755218506,1027.818359375,0.0,90.0261001586914,1.17777419090271,3.432088080961191,3.432088080961191,4.014915560161114,0.8548344366234852
2096,42389760,168233,359.9143981933594,6.0495991706848145,359.9143981933594,6.0495991706848145,1027.818359375,0.0,89.64431762695312,1.506782054901123,3.432088080961191,3.432088080961191,4.014915560161114,0.8548344366234852
2097,42409984,168312,363.14208984375,4.81383752822876,363.14208984375,4.81383752822876,1027.818359375,0.0,90.4482650756836,1.1989885568618774,3.432088080961191,3.432088080961191,4.014915560161114,0.8548344366234852
2098,42430208,168391,359.3193054199219,3.547686815261841,359.3193054199219,3.547686815261841,1027.818359375,0.0,89.49610137939453,0.8836277723312378,3.432088080961191,3.432088080961191,4.014915560161114,0.8548344366234852
2099,42450432,168470,359.4006042480469,2.585937023162842,359.4006042480469,2.585937023162842,1027.818359375,0.0,89.51634979248047,0.6440784335136414,3.432088080961191,3.432088080961191,4.014915560161114,0.8548344366234852
2100,42470656,168549,362.8116760253906,3.4510080814361572,362.8116760253906,3.4510080814361572,1027.818359375,0.0,90.365966796875,0.8595465421676636,3.432088080961191,3.432088080961191,4.014915560161114,0.8548344366234852
2101,42490880,168628,357.8699645996094,7.211239337921143,357.8699645996094,7.211239337921143,1027.818359375,0.0,89.1351089477539,1.7961112260818481,3.432088080961191,3.432088080961191,4.014915560161114,0.8548344366234852
2102,42511104,168707,360.4296875,8.413073539733887,360.4296875,8.413073539733887,1027.818359375,0.0,89.77266693115234,2.0954558849334717,3.432088080961191,3.432088080961191,4.014915560161114,0.8548344366234852
2103,42531328,168787,360.57666015625,0.7076036930084229,360.57666015625,0.7076036930084229,1027.818359375,0.0,89.80926513671875,0.1762433797121048,3.432088080961191,3.432088080961191,4.014915560161114,0.8548344366234852
2104,42551552,168867,362.88818359375,3.883665084838867,362.88818359375,3.883665084838867,1027.818359375,0.0,90.385009765625,0.9673095345497131,3.432088080961191,3.432088080961191,4.014915560161114,0.8548344366234852
2105,42571776,168945,358.1082458496094,10.249117851257324,358.1082458496094,10.249117851257324,1027.818359375,0.0,89.19446563720703,2.552764415740967,3.432088080961191,3.432088080961191,4.014915560161114,0.8548344366234852
2106,42592000,169023,359.8389587402344,2.624384641647339,359.8389587402344,2.624384641647339,1027.818359375,0.0,89.62552642822266,0.6536610126495361,3.432088080961191,3.432088080961191,4.014915560161114,0.8548344366234852
2107,42612224,169103,362.7137756347656,6.071598529815674,362.7137756347656,6.071598529815674,1027.818359375,0.0,90.34158325195312,1.5122607946395874,3.432088080961191,3.432088080961191,4.014915560161114,0.8548344366234852
2108,42632448,169183,366.4856872558594,3.076571464538574,366.4856872558594,3.076571464538574,1027.818359375,0.0,91.28103637695312,0.7662832140922546,3.432088080961191,3.432088080961191,4.014915560161114,0.8548344366234852
2109,42652672,169262,367.9808349609375,6.014239311218262,367.9808349609375,6.014239311218262,1027.818359375,0.0,91.6534423828125,1.4979690313339233,3.432088080961191,3.432088080961191,4.014915560161114,0.8548344366234852
2110,42672896,169340,358.9560546875,3.8014345169067383,358.9560546875,3.8014345169067383,1027.818359375,0.0,89.40563201904297,0.9468274712562561,3.432088080961191,3.432088080961191,4.014915560161114,0.8548344366234852
2111,42693120,169420,360.9244079589844,5.966914176940918,360.9244079589844,5.966914176940918,1027.818359375,0.0,89.89588165283203,1.486188292503357,3.432088080961191,3.432088080961191,4.014915560161114,0.8548344366234852
2112,42713344,169499,361.523681640625,9.770782470703125,361.523681640625,9.770782470703125,1027.818359375,0.0,90.04515838623047,2.4336187839508057,3.432088080961191,3.432088080961191,4.014915560161114,0.8548344366234852
2113,42733568,169579,361.0433044433594,4.308568000793457,361.0433044433594,4.308568000793457,1027.818359375,0.0,89.92549896240234,1.073141098022461,3.432088080961191,3.432088080961191,4.014915560161114,0.8548344366234852
2114,42753792,169659,356.828125,1.169119954109192,356.828125,1.169119954109192,1027.818359375,0.0,88.8756332397461,0.2911943197250366,3.432088080961191,3.432088080961191,4.014915560161114,0.8548344366234852
2115,42774016,169738,360.4436950683594,0.4279751181602478,360.4436950683594,0.4279751181602478,1027.818359375,0.0,89.77615356445312,0.10659754276275635,3.432088080961191,3.432088080961191,4.014915560161114,0.8548344366234852
2116,42794240,169818,359.1778564453125,2.4788341522216797,359.1778564453125,2.4788341522216797,1027.818359375,0.0,89.46087646484375,0.6174050569534302,3.432088080961191,3.432088080961191,4.014915560161114,0.8548344366234852
2117,42814464,169899,361.626220703125,1.9092357158660889,361.626220703125,1.9092357158660889,1027.818359375,0.0,90.0707015991211,0.4755343496799469,3.432088080961191,3.432088080961191,4.014915560161114,0.8548344366234852
2118,42834688,169978,364.3376770019531,1.4648220539093018,364.3376770019531,1.4648220539093018,1027.818359375,0.0,90.74604034423828,0.36484405398368835,3.432088080961191,3.432088080961191,4.014915560161114,0.8548344366234852
2119,42854912,170059,367.3951416015625,1.544204831123352,367.3951416015625,1.544204831123352,1027.818359375,0.0,91.50756072998047,0.3846186399459839,3.432088080961191,3.432088080961191,4.014915560161114,0.8548344366234852
2120,42875136,170141,361.9972229003906,2.6182048320770264,361.9972229003906,2.6182048320770264,1027.818359375,0.0,90.1631088256836,0.6521204113960266,3.432088080961191,3.432088080961191,4.014915560161114,0.8548344366234852
2121,42895360,170222,358.6763610839844,6.856950283050537,358.6763610839844,6.856950283050537,1027.818359375,0.0,89.3359603881836,1.7078672647476196,3.432088080961191,3.432088080961191,4.014915560161114,0.8548344366234852
2122,42915584,170303,362.4720458984375,4.042099952697754,362.4720458984375,4.042099952697754,1027.818359375,0.0,90.2813491821289,1.0067756175994873,3.432088080961191,3.432088080961191,4.014915560161114,0.8548344366234852
2123,42935808,170381,357.1712951660156,6.7808966636657715,357.1712951660156,6.7808966636657715,1027.818359375,0.0,88.96109771728516,1.6889243125915527,3.432088080961191,3.432088080961191,4.014915560161114,0.8548344366234852
2124,42956032,170460,359.5131530761719,3.5824472904205322,359.5131530761719,3.5824472904205322,1027.818359375,0.0,89.54438018798828,0.8922842144966125,3.432088080961191,3.432088080961191,4.014915560161114,0.8548344366234852
2125,42976256,170539,359.410888671875,2.753074884414673,359.410888671875,2.753074884414673,1027.818359375,0.0,89.5189208984375,0.6857119202613831,3.432088080961191,3.432088080961191,4.014915560161114,0.8548344366234852
2126,42996480,170619,359.1051940917969,4.883360385894775,359.1051940917969,4.883360385894775,1027.818359375,0.0,89.4427719116211,1.216306209564209,3.432088080961191,3.432088080961191,4.014915560161114,0.8548344366234852
2127,43016704,170698,361.8796081542969,4.067668914794922,361.8796081542969,4.067668914794922,1027.818359375,0.0,90.13379669189453,1.013137936592102,3.432088080961191,3.432088080961191,4.014915560161114,0.8548344366234852
2128,43036928,170776,364.9608154296875,4.070852756500244,364.9608154296875,4.070852756500244,1027.818359375,0.0,90.9012451171875,1.0139334201812744,3.432088080961191,3.432088080961191,4.014915560161114,0.8548344366234852
2129,43057152,170855,359.6612243652344,1.436814546585083,359.6612243652344,1.436814546585083,1027.818359375,0.0,89.58126068115234,0.35786911845207214,3.432088080961191,3.432088080961191,4.014915560161114,0.8548344366234852
2130,43077376,170935,356.0489501953125,2.1816678047180176,356.0489501953125,2.1816678047180176,1027.818359375,0.0,88.68155670166016,0.5433911681175232,3.432088080961191,3.432088080961191,4.014915560161114,0.8548344366234852
2131,43097600,171015,362.0469055175781,2.5940778255462646,362.0469055175781,2.5940778255462646,1027.818359375,0.0,90.17547607421875,0.6461093425750732,3.432088080961191,3.432088080961191,4.014915560161114,0.8548344366234852
2132,43117824,171094,362.0013427734375,1.2241929769515991,362.0013427734375,1.2241929769515991,1027.818359375,0.0,90.16412353515625,0.30491194128990173,3.432088080961191,3.432088080961191,4.014915560161114,0.8548344366234852
2133,43138048,171173,360.7089538574219,1.870982050895691,360.7089538574219,1.870982050895691,1027.818359375,0.0,89.84222412109375,0.4660084843635559,3.432088080961191,3.432088080961191,4.014915560161114,0.8548344366234852
2134,43158272,171253,364.192138671875,4.931874752044678,364.192138671875,4.931874752044678,1027.818359375,0.0,90.70978546142578,1.2283868789672852,3.432088080961191,3.432088080961191,4.014915560161114,0.8548344366234852
2135,43178496,171333,361.6467590332031,4.084904193878174,361.6467590332031,4.084904193878174,1027.818359375,0.0,90.0758056640625,1.0174317359924316,3.432088080961191,3.432088080961191,4.014915560161114,0.8548344366234852
2136,43198720,171412,356.9560241699219,4.638876438140869,356.9560241699219,4.638876438140869,1027.818359375,0.0,88.907470703125,1.1554107666015625,3.432088080961191,3.432088080961191,4.014915560161114,0.8548344366234852
2137,43218944,171491,360.2743835449219,2.491499662399292,360.2743835449219,2.491499662399292,1027.818359375,0.0,89.7339859008789,0.6205599904060364,3.432088080961191,3.432088080961191,4.014915560161114,0.8548344366234852
2138,43239168,171571,357.1018371582031,4.975307941436768,357.1018371582031,4.975307941436768,1027.818359375,0.0,88.94379425048828,1.2392035722732544,3.432088080961191,3.432088080961191,4.014915560161114,0.8548344366234852
2139,43259392,171651,363.9595947265625,6.753331184387207,363.9595947265625,6.753331184387207,1027.818359375,0.0,90.65186309814453,1.6820622682571411,3.432088080961191,3.432088080961191,4.014915560161114,0.8548344366234852
2140,43279616,171731,362.0781555175781,5.369846343994141,362.0781555175781,5.369846343994141,1027.818359375,0.0,90.18325805664062,1.337475299835205,3.432088080961191,3.432088080961191,4.014915560161114,0.8548344366234852
2141,43299840,171811,361.6988220214844,1.3607327938079834,361.6988220214844,1.3607327938079834,1027.818359375,0.0,90.0887680053711,0.33891674876213074,3.432088080961191,3.432088080961191,4.014915560161114,0.8548344366234852
2142,43320064,171890,357.6834716796875,1.3311545848846436,357.6834716796875,1.3311545848846436,1027.818359375,0.0,89.08866119384766,0.33154985308647156,3.432088080961191,3.432088080961191,4.014915560161114,0.8548344366234852
2143,43340288,171971,360.8395080566406,6.018130779266357,360.8395080566406,6.018130779266357,1027.818359375,0.0,89.874755859375,1.498942494392395,3.432088080961191,3.432088080961191,4.014915560161114,0.8548344366234852
2144,43360512,172051,362.7295227050781,7.832581996917725,362.7295227050781,7.832581996917725,1027.818359375,0.0,90.34548950195312,1.9508651494979858,3.432088080961191,3.432088080961191,4.014915560161114,0.8548344366234852
2145,43380736,172130,360.690185546875,1.643884539604187,360.690185546875,1.643884539604187,1027.818359375,0.0,89.8375473022461,0.40944311022758484,3.432088080961191,3.432088080961191,4.014915560161114,0.8548344366234852
2146,43400960,172211,359.0092468261719,1.6341731548309326,359.0092468261719,1.6341731548309326,1027.818359375,0.0,89.41887664794922,0.4070211350917816,3.432088080961191,3.432088080961191,4.014915560161114,0.8548344366234852
2147,43421184,172291,365.5173034667969,3.0822010040283203,365.5173034667969,3.0822010040283203,1027.818359375,0.0,91.03984832763672,0.7676903605461121,3.432088080961191,3.432088080961191,4.014915560161114,0.8548344366234852
2148,43441408,172371,360.2692565917969,2.9444141387939453,360.2692565917969,2.9444141387939453,1027.818359375,0.0,89.73270416259766,0.7333703637123108,3.432088080961191,3.432088080961191,4.014915560161114,0.8548344366234852
2149,43461632,172451,357.381103515625,1.9724498987197876,357.381103515625,1.9724498987197876,1027.818359375,0.0,89.01335906982422,0.49127987027168274,3.432088080961191,3.432088080961191,4.014915560161114,0.8548344366234852
2150,43481856,172531,367.6488342285156,3.020547389984131,367.6488342285156,3.020547389984131,1027.818359375,0.0,91.57074737548828,0.752331018447876,3.432088080961191,3.432088080961191,4.014915560161114,0.8548344366234852
2151,43502080,172610,362.4604797363281,1.5477219820022583,362.4604797363281,1.5477219820022583,1027.818359375,0.0,90.27848052978516,0.38549405336380005,3.432088080961191,3.432088080961191,4.014915560161114,0.8548344366234852
2152,43522304,172691,358.5274353027344,1.1816726922988892,358.5274353027344,1.1816726922988892,1027.818359375,0.0,89.29886627197266,0.2943223714828491,3.432088080961191,3.432088080961191,4.014915560161114,0.8548344366234852
2153,43542528,172772,361.244873046875,3.380230188369751,361.244873046875,3.380230188369751,1027.818359375,0.0,89.9757080078125,0.8419161438941956,3.432088080961191,3.432088080961191,4.014915560161114,0.8548344366234852
2154,43562752,172852,364.9670715332031,2.021512269973755,364.9670715332031,2.021512269973755,1027.818359375,0.0,90.90280151367188,0.5035001039505005,3.432088080961191,3.432088080961191,4.014915560161114,0.8548344366234852
2155,43582976,172931,359.8210144042969,4.863546848297119,359.8210144042969,4.863546848297119,1027.818359375,0.0,89.62106323242188,1.2113702297210693,3.432088080961191,3.432088080961191,4.014915560161114,0.8548344366234852
2156,43603200,173011,358.9172058105469,7.683101654052734,358.9172058105469,7.683101654052734,1027.818359375,0.0,89.39595794677734,1.9136407375335693,3.432088080961191,3.432088080961191,4.014915560161114,0.8548344366234852
2157,43623424,173090,363.185302734375,2.738431692123413,363.185302734375,2.738431692123413,1027.818359375,0.0,90.45902252197266,0.6820616126060486,3.432088080961191,3.432088080961191,4.014915560161114,0.8548344366234852
2158,43643648,173170,365.7052917480469,3.962085485458374,365.7052917480469,3.962085485458374,1027.818359375,0.0,91.086669921875,0.9868401288986206,3.432088080961191,3.432088080961191,4.014915560161114,0.8548344366234852
2159,43663872,173250,357.95263671875,3.2679755687713623,357.95263671875,3.2679755687713623,1027.818359375,0.0,89.15570831298828,0.8139582872390747,3.432088080961191,3.432088080961191,4.014915560161114,0.8548344366234852
2160,43684096,173329,364.7904357910156,3.1639835834503174,364.7904357910156,3.1639835834503174,1027.818359375,0.0,90.85880279541016,0.7880579233169556,3.432088080961191,3.432088080961191,4.014915560161114,0.8548344366234852
2161,43704320,173409,358.462890625,0.5241448879241943,358.462890625,0.5241448879241943,1027.818359375,0.0,89.28279876708984,0.1305479258298874,3.432088080961191,3.432088080961191,4.014915560161114,0.8548344366234852
2162,43724544,173489,359.848876953125,9.41760540008545,359.848876953125,9.41760540008545,1027.818359375,0.0,89.62801361083984,2.3456532955169678,3.432088080961191,3.432088080961191,4.014915560161114,0.8548344366234852
2163,43744768,173569,358.2461853027344,7.831979274749756,358.2461853027344,7.831979274749756,1027.818359375,0.0,89.22882080078125,1.9507218599319458,3.432088080961191,3.432088080961191,4.014915560161114,0.8548344366234852
2164,43764992,173649,357.5380859375,3.5499579906463623,357.5380859375,3.5499579906463623,1027.818359375,0.0,89.05245971679688,0.8841971755027771,3.432088080961191,3.432088080961191,4.014915560161114,0.8548344366234852
2165,43785216,173730,357.9502868652344,3.2763514518737793,357.9502868652344,3.2763514518737793,1027.818359375,0.0,89.15512084960938,0.8160430788993835,3.432088080961191,3.432088080961191,4.014915560161114,0.8548344366234852
2166,43805440,173810,357.9501953125,2.248227119445801,357.9501953125,2.248227119445801,1027.818359375,0.0,89.15509796142578,0.5599643588066101,3.432088080961191,3.432088080961191,4.014915560161114,0.8548344366234852
2167,43825664,173890,363.0122985839844,3.5654163360595703,363.0122985839844,3.5654163360595703,1027.818359375,0.0,90.41592407226562,0.8880425095558167,3.432088080961191,3.432088080961191,4.014915560161114,0.8548344366234852
2168,43845888,173970,363.2948303222656,1.5504003763198853,363.2948303222656,1.5504003763198853,1027.818359375,0.0,90.48629760742188,0.3861611485481262,3.432088080961191,3.432088080961191,4.014915560161114,0.8548344366234852
2169,43866112,174050,362.903564453125,3.8763887882232666,362.903564453125,3.8763887882232666,1027.818359375,0.0,90.38883209228516,0.9654994606971741,3.432088080961191,3.432088080961191,4.014915560161114,0.8548344366234852
2170,43886336,174130,362.5089111328125,2.8071177005767822,362.5089111328125,2.8071177005767822,1027.818359375,0.0,90.2905502319336,0.6991736888885498,3.432088080961191,3.432088080961191,4.014915560161114,0.8548344366234852
2171,43906560,174210,359.8572998046875,5.945408344268799,359.8572998046875,5.945408344268799,1027.818359375,0.0,89.6301040649414,1.4808311462402344,3.432088080961191,3.432088080961191,4.014915560161114,0.8548344366234852
2172,43926784,174291,365.4646301269531,2.751830816268921,365.4646301269531,2.751830816268921,1027.818359375,0.0,91.0267333984375,0.6854024529457092,3.432088080961191,3.432088080961191,4.014915560161114,0.8548344366234852
2173,43947008,174371,360.0694885253906,1.9012199640274048,360.0694885253906,1.9012199640274048,1027.818359375,0.0,89.6829605102539,0.4735400378704071,3.432088080961191,3.432088080961191,4.014915560161114,0.8548344366234852
2174,43967232,174451,364.7314758300781,1.2502741813659668,364.7314758300781,1.2502741813659668,1027.818359375,0.0,90.84412384033203,0.3114051818847656,3.432088080961191,3.432088080961191,4.014915560161114,0.8548344366234852
2175,43987456,174532,362.9761657714844,1.6798381805419922,362.9761657714844,1.6798381805419922,1027.818359375,0.0,90.40692138671875,0.41839948296546936,3.432088080961191,3.432088080961191,4.014915560161114,0.8548344366234852
2176,44007680,174612,363.2162170410156,5.047749042510986,363.2162170410156,5.047749042510986,1027.818359375,0.0,90.46671295166016,1.2572492361068726,3.432088080961191,3.432088080961191,4.014915560161114,0.8548344366234852
2177,44027904,174691,361.4119567871094,2.734189987182617,361.4119567871094,2.734189987182617,1027.818359375,0.0,90.01732635498047,0.6810081005096436,3.432088080961191,3.432088080961191,4.014915560161114,0.8548344366234852
2178,44048128,174771,361.2181091308594,2.4510810375213623,361.2181091308594,2.4510810375213623,1027.818359375,0.0,89.96903228759766,0.6104938387870789,3.432088080961191,3.432088080961191,4.014915560161114,0.8548344366234852
2179,44068352,174850,361.3264465332031,0.9629044532775879,361.3264465332031,0.9629044532775879,1027.818359375,0.0,89.99602508544922,0.23982945084571838,3.432088080961191,3.432088080961191,4.014915560161114,0.8548344366234852
2180,44088576,174931,363.3441467285156,6.386970520019531,363.3441467285156,6.386970520019531,1027.818359375,0.0,90.49858856201172,1.590813159942627,3.432088080961191,3.432088080961191,4.014915560161114,0.8548344366234852
2181,44108800,175011,361.3623962402344,3.353097438812256,361.3623962402344,3.353097438812256,1027.818359375,0.0,90.00497436523438,0.8351631164550781,3.432088080961191,3.432088080961191,4.014915560161114,0.8548344366234852
2182,44129024,175090,361.22314453125,4.579392910003662,361.22314453125,4.579392910003662,1027.818359375,0.0,89.97029876708984,1.1405954360961914,3.432088080961191,3.432088080961191,4.014915560161114,0.8548344366234852
2183,44149248,175169,362.7143249511719,3.823657512664795,362.7143249511719,3.823657512664795,1027.818359375,0.0,90.34170532226562,0.9523617625236511,3.432088080961191,3.432088080961191,4.014915560161114,0.8548344366234852
2184,44169472,175250,362.8158264160156,2.3576550483703613,362.8158264160156,2.3576550483703613,1027.818359375,0.0,90.36698150634766,0.5872202515602112,3.432088080961191,3.432088080961191,4.014915560161114,0.8548344366234852
2185,44189696,175331,362.38330078125,3.1434388160705566,362.38330078125,3.1434388160705566,1027.818359375,0.0,90.2592544555664,0.7829411625862122,3.432088080961191,3.432088080961191,4.014915560161114,0.8548344366234852
2186,44209920,175411,363.8418884277344,4.471104621887207,363.8418884277344,4.471104621887207,1027.818359375,0.0,90.6225357055664,1.113622784614563,3.432088080961191,3.432088080961191,4.014915560161114,0.8548344366234852
2187,44230144,175491,364.4825439453125,2.9359827041625977,364.4825439453125,2.9359827041625977,1027.818359375,0.0,90.78211212158203,0.7312678098678589,3.432088080961191,3.432088080961191,4.014915560161114,0.8548344366234852
2188,44250368,175571,358.0713806152344,5.64995813369751,358.0713806152344,5.64995813369751,1027.818359375,0.0,89.1852798461914,1.4072413444519043,3.432088080961191,3.432088080961191,4.014915560161114,0.8548344366234852
2189,44270592,175652,360.4017028808594,2.1875967979431152,360.4017028808594,2.1875967979431152,1027.818359375,0.0,89.76569366455078,0.5448645353317261,3.432088080961191,3.432088080961191,4.014915560161114,0.8548344366234852
2190,44290816,175731,362.299560546875,6.2072319984436035,362.299560546875,6.2072319984436035,1027.818359375,0.0,90.2384033203125,1.54604172706604,3.432088080961191,3.432088080961191,4.014915560161114,0.8548344366234852
2191,44311040,175812,363.7709655761719,4.0611572265625,363.7709655761719,4.0611572265625,1027.818359375,0.0,90.6048812866211,1.0115153789520264,3.432088080961191,3.432088080961191,4.014915560161114,0.8548344366234852
2192,44331264,175891,363.0726623535156,3.1676459312438965,363.0726623535156,3.1676459312438965,1027.818359375,0.0,90.43096160888672,0.7889729142189026,3.432088080961191,3.432088080961191,4.014915560161114,0.8548344366234852
2193,44351488,175972,361.2210388183594,3.7961807250976562,361.2210388183594,3.7961807250976562,1027.818359375,0.0,89.96977996826172,0.9455177187919617,3.432088080961191,3.432088080961191,4.014915560161114,0.8548344366234852
2194,44371712,176052,357.6842041015625,4.209717750549316,357.6842041015625,4.209717750549316,1027.818359375,0.0,89.0888442993164,1.0485190153121948,3.432088080961191,3.432088080961191,4.014915560161114,0.8548344366234852
2195,44391936,176132,360.6897888183594,3.9977731704711914,360.6897888183594,3.9977731704711914,1027.818359375,0.0,89.83745574951172,0.9957313537597656,3.432088080961191,3.432088080961191,4.014915560161114,0.8548344366234852
2196,44412160,176211,359.65869140625,8.64243221282959,359.65869140625,8.64243221282959,1027.818359375,0.0,89.58062744140625,2.1525843143463135,3.432088080961191,3.432088080961191,4.014915560161114,0.8548344366234852
2197,44432384,176291,358.8063049316406,4.490722179412842,358.8063049316406,4.490722179412842,1027.818359375,0.0,89.36832427978516,1.1185095310211182,3.432088080961191,3.432088080961191,4.014915560161114,0.8548344366234852
2198,44452608,176371,359.0509033203125,3.119076728820801,359.0509033203125,3.119076728820801,1027.818359375,0.0,89.42926025390625,0.7768723368644714,3.432088080961191,3.432088080961191,4.014915560161114,0.8548344366234852
2199,44472832,176451,362.8294982910156,6.970684051513672,362.8294982910156,6.970684051513672,1027.818359375,0.0,90.37039947509766,1.7361987829208374,3.432088080961191,3.432088080961191,4.014915560161114,0.8548344366234852
2200,44493056,176529,358.9800109863281,4.6948747634887695,358.9800109863281,4.6948747634887695,1027.818359375,0.0,89.4115982055664,1.1693586111068726,3.432088080961191,3.432088080961191,4.014915560161114,0.8548344366234852
2201,44513280,176609,361.1363220214844,4.096848487854004,361.1363220214844,4.096848487854004,1027.818359375,0.0,89.94866943359375,1.0204054117202759,3.432088080961191,3.432088080961191,4.014915560161114,0.8548344366234852
2202,44533504,176688,358.3719787597656,3.7349445819854736,358.3719787597656,3.7349445819854736,1027.818359375,0.0,89.26016235351562,0.9302668571472168,3.432088080961191,3.432088080961191,4.014915560161114,0.8548344366234852
2203,44553728,176767,362.2864074707031,2.2016537189483643,362.2864074707031,2.2016537189483643,1027.818359375,0.0,90.2351303100586,0.5483713746070862,3.432088080961191,3.432088080961191,4.014915560161114,0.8548344366234852
2204,44573952,176847,358.2918395996094,6.234450340270996,358.2918395996094,6.234450340270996,1027.818359375,0.0,89.24018096923828,1.5528223514556885,3.432088080961191,3.432088080961191,4.014915560161114,0.8548344366234852
2205,44594176,176927,359.252197265625,1.6731362342834473,359.252197265625,1.6731362342834473,1027.818359375,0.0,89.4793930053711,0.41672906279563904,3.432088080961191,3.432088080961191,4.014915560161114,0.8548344366234852
2206,44614400,177006,361.0690612792969,2.5010509490966797,361.0690612792969,2.5010509490966797,1027.818359375,0.0,89.9319076538086,0.6229353547096252,3.432088080961191,3.432088080961191,4.014915560161114,0.8548344366234852
2207,44634624,177086,362.484619140625,2.673811674118042,362.484619140625,2.673811674118042,1027.818359375,0.0,90.28449249267578,0.6659681797027588,3.432088080961191,3.432088080961191,4.014915560161114,0.8548344366234852
2208,44654848,177165,360.4335632324219,1.4565595388412476,360.4335632324219,1.4565595388412476,1027.818359375,0.0,89.77362823486328,0.36278513073921204,3.432088080961191,3.432088080961191,4.014915560161114,0.8548344366234852
2209,44675072,177245,362.1862487792969,0.47897017002105713,362.1862487792969,0.47897017002105713,1027.818359375,0.0,90.21017456054688,0.11929962784051895,3.432088080961191,3.432088080961191,4.014915560161114,0.8548344366234852
2210,44695296,177325,358.639892578125,7.471258163452148,358.639892578125,7.471258163452148,1027.818359375,0.0,89.3268814086914,1.8608782291412354,3.432088080961191,3.432088080961191,4.014915560161114,0.8548344366234852
2211,44715520,177406,363.136474609375,7.2111992835998535,363.136474609375,7.2111992835998535,1027.818359375,0.0,90.44686126708984,1.7961018085479736,3.432088080961191,3.432088080961191,4.014915560161114,0.8548344366234852
2212,44735744,177485,362.5058898925781,6.30436897277832,362.5058898925781,6.30436897277832,1027.818359375,0.0,90.289794921875,1.570237159729004,3.432088080961191,3.432088080961191,4.014915560161114,0.8548344366234852
2213,44755968,177565,365.4612731933594,2.6309828758239746,365.4612731933594,2.6309828758239746,1027.818359375,0.0,91.02588653564453,0.6553023457527161,3.432088080961191,3.432088080961191,4.014915560161114,0.8548344366234852
2214,44776192,177643,359.4898376464844,1.7280654907226562,359.4898376464844,1.7280654907226562,1027.818359375,0.0,89.53857421875,0.430414080619812,3.432088080961191,3.432088080961191,4.014915560161114,0.8548344366234852
2215,44796416,177723,364.5607604980469,1.76994788646698,364.5607604980469,1.76994788646698,1027.818359375,0.0,90.80159759521484,0.4408456087112427,3.432088080961191,3.432088080961191,4.014915560161114,0.8548344366234852
2216,44816640,177803,364.9554138183594,9.700682640075684,364.9554138183594,9.700682640075684,1027.818359375,0.0,90.89989471435547,2.416160821914673,3.432088080961191,3.432088080961191,4.014915560161114,0.8548344366234852
2217,44836864,177882,360.7519226074219,2.711416006088257,360.7519226074219,2.711416006088257,1027.818359375,0.0,89.8529281616211,0.6753341555595398,3.432088080961191,3.432088080961191,4.014915560161114,0.8548344366234852
2218,44857088,177961,360.5675048828125,3.2214229106903076,360.5675048828125,3.2214229106903076,1027.818359375,0.0,89.80699920654297,0.8023653626441956,3.432088080961191,3.432088080961191,4.014915560161114,0.8548344366234852
2219,44877312,178041,365.2916564941406,3.4158947467803955,365.2916564941406,3.4158947467803955,1027.818359375,0.0,90.98365020751953,0.8508009314537048,3.432088080961191,3.432088080961191,4.014915560161114,0.8548344366234852
2220,44897536,178122,358.3402404785156,0.5796657204627991,358.3402404785156,0.5796657204627991,1027.818359375,0.0,89.25225067138672,0.14437781274318695,3.432088080961191,3.432088080961191,4.014915560161114,0.8548344366234852
2221,44917760,178201,362.826904296875,1.7564610242843628,362.826904296875,1.7564610242843628,1027.818359375,0.0,90.3697509765625,0.43748271465301514,3.432088080961191,3.432088080961191,4.014915560161114,0.8548344366234852
2222,44937984,178281,363.6209411621094,7.142263889312744,363.6209411621094,7.142263889312744,1027.818359375,0.0,90.56751251220703,1.778931975364685,3.432088080961191,3.432088080961191,4.014915560161114,0.8548344366234852
2223,44958208,178361,365.8406066894531,5.635412693023682,365.8406066894531,5.635412693023682,1027.818359375,0.0,91.1203842163086,1.403623104095459,3.432088080961191,3.432088080961191,4.014915560161114,0.8548344366234852
2224,44978432,178440,364.1622619628906,1.4507049322128296,364.1622619628906,1.4507049322128296,1027.818359375,0.0,90.70235443115234,0.3613296449184418,3.432088080961191,3.432088080961191,4.014915560161114,0.8548344366234852
2225,44998656,178520,364.343994140625,3.5940768718719482,364.343994140625,3.5940768718719482,1027.818359375,0.0,90.74761199951172,0.8951815962791443,3.432088080961191,3.432088080961191,4.014915560161114,0.8548344366234852
2226,45018880,178600,364.8843078613281,8.701530456542969,364.8843078613281,8.701530456542969,1027.818359375,0.0,90.8822021484375,2.1673033237457275,3.432088080961191,3.432088080961191,4.014915560161114,0.8548344366234852
2227,45039104,178679,362.8720703125,1.7638360261917114,362.8720703125,1.7638360261917114,1027.818359375,0.0,90.38098907470703,0.43932074308395386,3.432088080961191,3.432088080961191,4.014915560161114,0.8548344366234852
2228,45059328,178758,360.0223388671875,3.2639026641845703,360.0223388671875,3.2639026641845703,1027.818359375,0.0,89.67121124267578,0.8129435777664185,3.432088080961191,3.432088080961191,4.014915560161114,0.8548344366234852
2229,45079552,178837,360.2456970214844,4.8357391357421875,360.2456970214844,4.8357391357421875,1027.818359375,0.0,89.72683715820312,1.2044440507888794,3.432088080961191,3.432088080961191,4.014915560161114,0.8548344366234852
2230,45099776,178917,360.8110656738281,3.023926019668579,360.8110656738281,3.023926019668579,1027.818359375,0.0,89.8676528930664,0.7531741857528687,3.432088080961191,3.432088080961191,4.014915560161114,0.8548344366234852
2231,45120000,178997,363.6695861816406,2.9135756492614746,363.6695861816406,2.9135756492614746,1027.818359375,0.0,90.57962799072266,0.7256878018379211,3.432088080961191,3.432088080961191,4.014915560161114,0.8548344366234852
2232,45140224,179076,360.7090759277344,4.018362522125244,360.7090759277344,4.018362522125244,1027.818359375,0.0,89.84225463867188,1.0008600950241089,3.432088080961191,3.432088080961191,4.014915560161114,0.8548344366234852
2233,45160448,179156,359.5048522949219,2.172518014907837,359.5048522949219,2.172518014907837,1027.818359375,0.0,89.54232025146484,0.5411145687103271,3.432088080961191,3.432088080961191,4.014915560161114,0.8548344366234852
2234,45180672,179237,358.30908203125,5.693702220916748,358.30908203125,5.693702220916748,1027.818359375,0.0,89.24447631835938,1.4181363582611084,3.432088080961191,3.432088080961191,4.014915560161114,0.8548344366234852
2235,45200896,179317,357.4057312011719,5.179967880249023,357.4057312011719,5.179967880249023,1027.818359375,0.0,89.01949310302734,1.2901803255081177,3.432088080961191,3.432088080961191,4.014915560161114,0.8548344366234852
2236,45221120,179396,360.883056640625,2.5836799144744873,360.883056640625,2.5836799144744873,1027.818359375,0.0,89.8855972290039,0.6435203552246094,3.432088080961191,3.432088080961191,4.014915560161114,0.8548344366234852
2237,45241344,179475,362.7447814941406,5.350006580352783,362.7447814941406,5.350006580352783,1027.818359375,0.0,90.34929656982422,1.3325356245040894,3.432088080961191,3.432088080961191,4.014915560161114,0.8548344366234852
2238,45261568,179555,358.721923828125,5.977510452270508,358.721923828125,5.977510452270508,1027.818359375,0.0,89.3473129272461,1.4888243675231934,3.432088080961191,3.432088080961191,4.014915560161114,0.8548344366234852
2239,45281792,179635,359.26416015625,3.937969446182251,359.26416015625,3.937969446182251,1027.818359375,0.0,89.48236846923828,0.9808329939842224,3.432088080961191,3.432088080961191,4.014915560161114,0.8548344366234852
2240,45302016,179714,360.6357421875,4.263356685638428,360.6357421875,4.263356685638428,1027.818359375,0.0,89.8239974975586,1.0618780851364136,3.432088080961191,3.432088080961191,4.014915560161114,0.8548344366234852
2241,45322240,179793,361.8030700683594,2.374711275100708,361.8030700683594,2.374711275100708,1027.818359375,0.0,90.11474609375,0.5914733409881592,3.432088080961191,3.432088080961191,4.014915560161114,0.8548344366234852
2242,45342464,179873,357.51318359375,0.3874976933002472,357.51318359375,0.3874976933002472,1027.818359375,0.0,89.04625701904297,0.09651122242212296,3.432088080961191,3.432088080961191,4.014915560161114,0.8548344366234852
2243,45362688,179953,362.044189453125,5.351212978363037,362.044189453125,5.351212978363037,1027.818359375,0.0,90.17479705810547,1.3328361511230469,3.432088080961191,3.432088080961191,4.014915560161114,0.8548344366234852
2244,45382912,180033,362.3790283203125,2.0293631553649902,362.3790283203125,2.0293631553649902,1027.818359375,0.0,90.25818634033203,0.5054543018341064,3.432088080961191,3.432088080961191,4.014915560161114,0.8548344366234852
2245,45403136,180113,364.8973693847656,3.46819806098938,364.8973693847656,3.46819806098938,1027.818359375,0.0,90.88544464111328,0.8638327121734619,3.432088080961191,3.432088080961191,4.014915560161114,0.8548344366234852
2246,45423360,180193,361.8419189453125,2.892651081085205,361.8419189453125,2.892651081085205,1027.818359375,0.0,90.12442016601562,0.7204740047454834,3.432088080961191,3.432088080961191,4.014915560161114,0.8548344366234852
2247,45443584,180273,358.064453125,5.578549861907959,358.064453125,5.578549861907959,1027.818359375,0.0,89.18355560302734,1.3894554376602173,3.432088080961191,3.432088080961191,4.014915560161114,0.8548344366234852
2248,45463808,180353,363.1482238769531,4.972958564758301,363.1482238769531,4.972958564758301,1027.818359375,0.0,90.44979095458984,1.2386196851730347,3.432088080961191,3.432088080961191,4.014915560161114,0.8548344366234852
2249,45484032,180432,360.0982971191406,3.3655731678009033,360.0982971191406,3.3655731678009033,1027.818359375,0.0,89.69012451171875,0.838269054889679,3.432088080961191,3.432088080961191,4.014915560161114,0.8548344366234852
2250,45504256,180512,361.9969787597656,3.870556592941284,361.9969787597656,3.870556592941284,1027.818359375,0.0,90.16303253173828,0.9640452861785889,3.432088080961191,3.432088080961191,4.014915560161114,0.8548344366234852
2251,45524480,180591,362.7788391113281,6.6069655418396,362.7788391113281,6.6069655418396,1027.818359375,0.0,90.35778045654297,1.6456050872802734,3.432088080961191,3.432088080961191,4.014915560161114,0.8548344366234852
2252,45544704,180671,365.2588806152344,3.7031795978546143,365.2588806152344,3.7031795978546143,1027.818359375,0.0,90.9754867553711,0.9223558306694031,3.432088080961191,3.432088080961191,4.014915560161114,0.8548344366234852
2253,45564928,180751,361.2499084472656,3.798440456390381,361.2499084472656,3.798440456390381,1027.818359375,0.0,89.97696685791016,0.9460815787315369,3.432088080961191,3.432088080961191,4.014915560161114,0.8548344366234852
2254,45585152,180830,359.5843505859375,1.5679526329040527,359.5843505859375,1.5679526329040527,1027.818359375,0.0,89.5621109008789,0.39053088426589966,3.432088080961191,3.432088080961191,4.014915560161114,0.8548344366234852
2255,45605376,180909,358.339599609375,6.403892993927002,358.339599609375,6.403892993927002,1027.818359375,0.0,89.25208282470703,1.5950214862823486,3.432088080961191,3.432088080961191,4.014915560161114,0.8548344366234852
2256,45625600,180990,363.9203796386719,0.9063156843185425,363.9203796386719,0.9063156843185425,1027.818359375,0.0,90.64209747314453,0.22573983669281006,3.432088080961191,3.432088080961191,4.014915560161114,0.8548344366234852
2257,45645824,181070,357.9319763183594,4.3150224685668945,357.9319763183594,4.3150224685668945,1027.818359375,0.0,89.15056610107422,1.0747472047805786,3.432088080961191,3.432088080961191,4.014915560161114,0.8548344366234852
2258,45666048,181150,363.1681213378906,4.18362283706665,363.1681213378906,4.18362283706665,1027.818359375,0.0,90.4547348022461,1.0420200824737549,3.432088080961191,3.432088080961191,4.014915560161114,0.8548344366234852
2259,45686272,181230,361.399658203125,2.142134428024292,361.399658203125,2.142134428024292,1027.818359375,0.0,90.0142593383789,0.5335421562194824,3.432088080961191,3.432088080961191,4.014915560161114,0.8548344366234852
2260,45706496,181309,359.2347106933594,2.769749164581299,359.2347106933594,2.769749164581299,1027.818359375,0.0,89.47503662109375,0.6898648142814636,3.432088080961191,3.432088080961191,4.014915560161114,0.8548344366234852
2261,45726720,181389,360.4583435058594,4.1730146408081055,360.4583435058594,4.1730146408081055,1027.818359375,0.0,89.7798080444336,1.0393773317337036,3.432088080961191,3.432088080961191,4.014915560161114,0.8548344366234852
2262,45746944,181469,363.7587890625,5.730198860168457,363.7587890625,5.730198860168457,1027.818359375,0.0,90.60186767578125,1.4272253513336182,3.432088080961191,3.432088080961191,4.014915560161114,0.8548344366234852
2263,45767168,181549,366.5533142089844,6.33160924911499,366.5533142089844,6.33160924911499,1027.818359375,0.0,91.29788970947266,1.5770225524902344,3.432088080961191,3.432088080961191,4.014915560161114,0.8548344366234852
2264,45787392,181628,362.3670959472656,3.1492440700531006,362.3670959472656,3.1492440700531006,1027.818359375,0.0,90.25521850585938,0.7843855023384094,3.432088080961191,3.432088080961191,4.014915560161114,0.8548344366234852
2265,45807616,181709,359.5047912597656,1.1631447076797485,359.5047912597656,1.1631447076797485,1027.818359375,0.0,89.54232025146484,0.28970596194267273,3.432088080961191,3.432088080961191,4.014915560161114,0.8548344366234852
2266,45827840,181789,364.4625549316406,6.992578506469727,364.4625549316406,6.992578506469727,1027.818359375,0.0,90.77713775634766,1.7416473627090454,3.432088080961191,3.432088080961191,4.014915560161114,0.8548344366234852
2267,45848064,181868,359.3858337402344,3.893723964691162,359.3858337402344,3.893723964691162,1027.818359375,0.0,89.5126724243164,0.9698161482810974,3.432088080961191,3.432088080961191,4.014915560161114,0.8548344366234852
2268,45868288,181946,363.5472717285156,7.337480545043945,363.5472717285156,7.337480545043945,1027.818359375,0.0,90.5491714477539,1.827555537223816,3.432088080961191,3.432088080961191,4.014915560161114,0.8548344366234852
2269,45888512,182026,360.46875,1.1447720527648926,360.46875,1.1447720527648926,1027.818359375,0.0,89.78240203857422,0.28512728214263916,3.432088080961191,3.432088080961191,4.014915560161114,0.8548344366234852
2270,45908736,182106,365.1126708984375,7.425362586975098,365.1126708984375,7.425362586975098,1027.818359375,0.0,90.9390640258789,1.8494454622268677,3.432088080961191,3.432088080961191,4.014915560161114,0.8548344366234852
2271,45928960,182185,361.8008117675781,4.752126693725586,361.8008117675781,4.752126693725586,1027.818359375,0.0,90.11417388916016,1.1836154460906982,3.432088080961191,3.432088080961191,4.014915560161114,0.8548344366234852
2272,45949184,182264,357.3363342285156,4.517101287841797,357.3363342285156,4.517101287841797,1027.818359375,0.0,89.00220489501953,1.1250808238983154,3.432088080961191,3.432088080961191,4.014915560161114,0.8548344366234852
2273,45969408,182343,364.4876708984375,8.518416404724121,364.4876708984375,8.518416404724121,1027.818359375,0.0,90.78338623046875,2.1216883659362793,3.432088080961191,3.432088080961191,4.014915560161114,0.8548344366234852
2274,45989632,182422,364.3123779296875,4.6295671463012695,364.3123779296875,4.6295671463012695,1027.818359375,0.0,90.73973846435547,1.1530905961990356,3.432088080961191,3.432088080961191,4.014915560161114,0.8548344366234852
2275,46009856,182503,357.9927062988281,1.6895995140075684,357.9927062988281,1.6895995140075684,1027.818359375,0.0,89.16568756103516,0.4208262264728546,3.432088080961191,3.432088080961191,4.014915560161114,0.8548344366234852
2276,46030080,182583,363.40478515625,4.187537670135498,363.40478515625,4.187537670135498,1027.818359375,0.0,90.51367950439453,1.0429925918579102,3.432088080961191,3.432088080961191,4.014915560161114,0.8548344366234852
2277,46050304,182663,360.4901123046875,2.858302354812622,360.4901123046875,2.858302354812622,1027.818359375,0.0,89.7877197265625,0.7119214534759521,3.432088080961191,3.432088080961191,4.014915560161114,0.8548344366234852
2278,46070528,182743,360.6571960449219,6.455748081207275,360.6571960449219,6.455748081207275,1027.818359375,0.0,89.8293228149414,1.6079413890838623,3.432088080961191,3.432088080961191,4.014915560161114,0.8548344366234852
2279,46090752,182823,364.6828918457031,4.523237705230713,364.6828918457031,4.523237705230713,1027.818359375,0.0,90.8320083618164,1.1266111135482788,3.432088080961191,3.432088080961191,4.014915560161114,0.8548344366234852
2280,46110976,182902,361.127685546875,0.6211672425270081,361.127685546875,0.6211672425270081,1027.818359375,0.0,89.94652557373047,0.15471357107162476,3.432088080961191,3.432088080961191,4.014915560161114,0.8548344366234852
2281,46131200,182981,365.56494140625,0.8543150424957275,365.56494140625,0.8543150424957275,1027.818359375,0.0,91.05171966552734,0.21278895437717438,3.432088080961191,3.432088080961191,4.014915560161114,0.8548344366234852
2282,46151424,183061,358.8173828125,4.347926139831543,358.8173828125,4.347926139831543,1027.818359375,0.0,89.37109375,1.0829458236694336,3.432088080961191,3.432088080961191,4.014915560161114,0.8548344366234852
2283,46171648,183141,359.726318359375,4.249415397644043,359.726318359375,4.249415397644043,1027.818359375,0.0,89.59748077392578,1.0584094524383545,3.432088080961191,3.432088080961191,4.014915560161114,0.8548344366234852
2284,46191872,183220,364.5559997558594,4.129398822784424,364.5559997558594,4.129398822784424,1027.818359375,0.0,90.8004150390625,1.0285155773162842,3.432088080961191,3.432088080961191,4.014915560161114,0.8548344366234852
2285,46212096,183299,359.7586975097656,2.3006644248962402,359.7586975097656,2.3006644248962402,1027.818359375,0.0,89.60555267333984,0.5730294585227966,3.432088080961191,3.432088080961191,4.014915560161114,0.8548344366234852
2286,46232320,183378,366.40087890625,2.760167360305786,366.40087890625,2.760167360305786,1027.818359375,0.0,91.25992584228516,0.6874804496765137,3.432088080961191,3.432088080961191,4.014915560161114,0.8548344366234852
2287,46252544,183457,357.9554138183594,2.035362958908081,357.9554138183594,2.035362958908081,1027.818359375,0.0,89.15640258789062,0.5069547295570374,3.432088080961191,3.432088080961191,4.014915560161114,0.8548344366234852
2288,46272768,183537,358.1122131347656,4.350075721740723,358.1122131347656,4.350075721740723,1027.818359375,0.0,89.1954574584961,1.0834804773330688,3.432088080961191,3.432088080961191,4.014915560161114,0.8548344366234852
2289,46292992,183617,362.5016174316406,6.426464080810547,362.5016174316406,6.426464080810547,1027.818359375,0.0,90.28872680664062,1.6006475687026978,3.432088080961191,3.432088080961191,4.014915560161114,0.8548344366234852
2290,46313216,183696,362.9930114746094,4.048072814941406,362.9930114746094,4.048072814941406,1027.818359375,0.0,90.4111099243164,1.0082577466964722,3.432088080961191,3.432088080961191,4.014915560161114,0.8548344366234852
2291,46333440,183775,358.4425964355469,1.6407744884490967,358.4425964355469,1.6407744884490967,1027.818359375,0.0,89.27774047851562,0.4086655378341675,3.432088080961191,3.432088080961191,4.014915560161114,0.8548344366234852
2292,46353664,183855,363.6758117675781,4.372139930725098,363.6758117675781,4.372139930725098,1027.818359375,0.0,90.5811767578125,1.088974952697754,3.432088080961191,3.432088080961191,4.014915560161114,0.8548344366234852
2293,46373888,183934,368.273681640625,4.2601637840271,368.273681640625,4.2601637840271,1027.818359375,0.0,91.72638702392578,1.0610806941986084,3.432088080961191,3.432088080961191,4.014915560161114,0.8548344366234852
2294,46394112,184013,370.0950622558594,5.852811336517334,370.0950622558594,5.852811336517334,1027.818359375,0.0,92.1800308227539,1.4577667713165283,3.432088080961191,3.432088080961191,4.014915560161114,0.8548344366234852
2295,46414336,184092,365.5011291503906,4.360215187072754,365.5011291503906,4.360215187072754,1027.818359375,0.0,91.03582763671875,1.086000680923462,3.432088080961191,3.432088080961191,4.014915560161114,0.8548344366234852
2296,46434560,184171,361.9659423828125,4.514917373657227,361.9659423828125,4.514917373657227,1027.818359375,0.0,90.15530395507812,1.124535083770752,3.432088080961191,3.432088080961191,4.014915560161114,0.8548344366234852
2297,46454784,184250,365.9244079589844,1.0028870105743408,365.9244079589844,1.0028870105743408,1027.818359375,0.0,91.1412353515625,0.24978852272033691,3.432088080961191,3.432088080961191,4.014915560161114,0.8548344366234852
2298,46475008,184330,358.7126159667969,2.8520753383636475,358.7126159667969,2.8520753383636475,1027.818359375,0.0,89.34500122070312,0.7103725075721741,3.432088080961191,3.432088080961191,4.014915560161114,0.8548344366234852
2299,46495232,184408,359.4327087402344,2.629822015762329,359.4327087402344,2.629822015762329,1027.818359375,0.0,89.52433013916016,0.6550099849700928,3.432088080961191,3.432088080961191,4.014915560161114,0.8548344366234852
2300,46515456,184487,363.6949768066406,3.357959747314453,363.6949768066406,3.357959747314453,1027.818359375,0.0,90.5859603881836,0.8363741636276245,3.432088080961191,3.432088080961191,4.014915560161114,0.8548344366234852
2301,46535680,184567,365.8232421875,4.5600905418396,365.8232421875,4.5600905418396,1027.818359375,0.0,91.11605072021484,1.1357882022857666,3.432088080961191,3.432088080961191,4.014915560161114,0.8548344366234852
2302,46555904,184647,360.6481018066406,5.930943965911865,360.6481018066406,5.930943965911865,1027.818359375,0.0,89.82706451416016,1.4772248268127441,3.432088080961191,3.432088080961191,4.014915560161114,0.8548344366234852
2303,46576128,184727,364.57763671875,6.6474738121032715,364.57763671875,6.6474738121032715,1027.818359375,0.0,90.8058090209961,1.6556917428970337,3.432088080961191,3.432088080961191,4.014915560161114,0.8548344366234852
2304,46596352,184806,357.8724060058594,3.9758834838867188,357.8724060058594,3.9758834838867188,1027.818359375,0.0,89.1357192993164,0.9902757406234741,3.432088080961191,3.432088080961191,4.014915560161114,0.8548344366234852
2305,46616576,184884,362.7442321777344,5.180110931396484,362.7442321777344,5.180110931396484,1027.818359375,0.0,90.34915161132812,1.290218710899353,3.432088080961191,3.432088080961191,4.014915560161114,0.8548344366234852
2306,46636800,184964,363.6891784667969,1.9283136129379272,363.6891784667969,1.9283136129379272,1027.818359375,0.0,90.58451080322266,0.48028963804244995,3.432088080961191,3.432088080961191,4.014915560161114,0.8548344366234852
2307,46657024,185043,368.1106872558594,3.072486639022827,368.1106872558594,3.072486639022827,1027.818359375,0.0,91.685791015625,0.7652671337127686,3.432088080961191,3.432088080961191,4.014915560161114,0.8548344366234852
2308,46677248,185123,363.4087829589844,3.9482221603393555,363.4087829589844,3.9482221603393555,1027.818359375,0.0,90.51467895507812,0.9833928346633911,3.432088080961191,3.432088080961191,4.014915560161114,0.8548344366234852
2309,46697472,185201,358.1936340332031,1.3591058254241943,358.1936340332031,1.3591058254241943,1027.818359375,0.0,89.21573638916016,0.33851316571235657,3.432088080961191,3.432088080961191,4.014915560161114,0.8548344366234852
2310,46717696,185280,358.7532653808594,3.4443981647491455,358.7532653808594,3.4443981647491455,1027.818359375,0.0,89.35511016845703,0.8578994274139404,3.432088080961191,3.432088080961191,4.014915560161114,0.8548344366234852
2311,46737920,185360,366.8150634765625,5.255041599273682,366.8150634765625,5.255041599273682,1027.818359375,0.0,91.36307525634766,1.3088780641555786,3.432088080961191,3.432088080961191,4.014915560161114,0.8548344366234852
2312,46758144,185438,362.4203796386719,7.215794086456299,362.4203796386719,7.215794086456299,1027.818359375,0.0,90.26849365234375,1.797245979309082,3.432088080961191,3.432088080961191,4.014915560161114,0.8548344366234852
2313,46778368,185517,362.6514587402344,6.68709135055542,362.6514587402344,6.68709135055542,1027.818359375,0.0,90.3260498046875,1.6655629873275757,3.432088080961191,3.432088080961191,4.014915560161114,0.8548344366234852
2314,46798592,185596,360.4544372558594,4.669933319091797,360.4544372558594,4.669933319091797,1027.818359375,0.0,89.7788314819336,1.163149118423462,3.432088080961191,3.432088080961191,4.014915560161114,0.8548344366234852
2315,46818816,185676,361.89990234375,2.6738924980163574,361.89990234375,2.6738924980163574,1027.818359375,0.0,90.13885498046875,0.6659883856773376,3.432088080961191,3.432088080961191,4.014915560161114,0.8548344366234852
2316,46839040,185756,361.5415954589844,1.1812047958374023,361.5415954589844,1.1812047958374023,1027.818359375,0.0,90.04961395263672,0.2942069172859192,3.432088080961191,3.432088080961191,4.014915560161114,0.8548344366234852
2317,46859264,185835,357.4172058105469,1.572686791419983,357.4172058105469,1.572686791419983,1027.818359375,0.0,89.0223388671875,0.3917134404182434,3.432088080961191,3.432088080961191,4.014915560161114,0.8548344366234852
2318,46879488,185915,364.115478515625,4.884757041931152,364.115478515625,4.884757041931152,1027.818359375,0.0,90.6906967163086,1.2166529893875122,3.432088080961191,3.432088080961191,4.014915560161114,0.8548344366234852
2319,46899712,185994,359.0516662597656,6.199618339538574,359.0516662597656,6.199618339538574,1027.818359375,0.0,89.429443359375,1.544144868850708,3.432088080961191,3.432088080961191,4.014915560161114,0.8548344366234852
2320,46919936,186074,362.6813049316406,3.86087703704834,362.6813049316406,3.86087703704834,1027.818359375,0.0,90.3334732055664,0.9616314768791199,3.432088080961191,3.432088080961191,4.014915560161114,0.8548344366234852
2321,46940160,186153,361.2166442871094,1.1342244148254395,361.2166442871094,1.1342244148254395,1027.818359375,0.0,89.96868133544922,0.28250497579574585,3.432088080961191,3.432088080961191,4.014915560161114,0.8548344366234852
2322,46960384,186232,364.5665588378906,8.826797485351562,364.5665588378906,8.826797485351562,1027.818359375,0.0,90.80304718017578,2.1985013484954834,3.432088080961191,3.432088080961191,4.014915560161114,0.8548344366234852
2323,46980608,186310,357.6640625,6.106740951538086,357.6640625,6.106740951538086,1027.818359375,0.0,89.08383178710938,1.521011233329773,3.432088080961191,3.432088080961191,4.014915560161114,0.8548344366234852
2324,47000832,186390,361.1397705078125,5.674866199493408,361.1397705078125,5.674866199493408,1027.818359375,0.0,89.94953155517578,1.4134494066238403,3.432088080961191,3.432088080961191,4.014915560161114,0.8548344366234852
2325,47021056,186470,361.2446594238281,5.612934589385986,361.2446594238281,5.612934589385986,1027.818359375,0.0,89.97565460205078,1.3980207443237305,3.432088080961191,3.432088080961191,4.014915560161114,0.8548344366234852
2326,47041280,186549,366.1491394042969,8.243253707885742,366.1491394042969,8.243253707885742,1027.818359375,0.0,91.19721221923828,2.053159475326538,3.432088080961191,3.432088080961191,4.014915560161114,0.8548344366234852
2327,47061504,186629,363.6741027832031,2.8018958568573,363.6741027832031,2.8018958568573,1027.818359375,0.0,90.58074951171875,0.6978740096092224,3.432088080961191,3.432088080961191,4.014915560161114,0.8548344366234852
2328,47081728,186708,358.0513610839844,1.897127389907837,358.0513610839844,1.897127389907837,1027.818359375,0.0,89.18029022216797,0.4725216031074524,3.432088080961191,3.432088080961191,4.014915560161114,0.8548344366234852
2329,47101952,186787,363.753173828125,4.5936713218688965,363.753173828125,4.5936713218688965,1027.818359375,0.0,90.60045623779297,1.1441526412963867,3.432088080961191,3.432088080961191,4.014915560161114,0.8548344366234852
2330,47122176,186866,360.0067138671875,0.4918838441371918,360.0067138671875,0.4918838441371918,1027.818359375,0.0,89.66732025146484,0.12250956147909164,3.432088080961191,3.432088080961191,4.014915560161114,0.8548344366234852
2331,47142400,186945,359.4875793457031,1.841976284980774,359.4875793457031,1.841976284980774,1027.818359375,0.0,89.53802490234375,0.4587880074977875,3.432088080961191,3.432088080961191,4.014915560161114,0.8548344366234852
2332,47162624,187023,358.1578674316406,3.2461652755737305,358.1578674316406,3.2461652755737305,1027.818359375,0.0,89.20682525634766,0.8085245490074158,3.432088080961191,3.432088080961191,4.014915560161114,0.8548344366234852
2333,47182848,187102,365.8316955566406,1.03915536403656,365.8316955566406,1.03915536403656,1027.818359375,0.0,91.1181640625,0.2588226795196533,3.432088080961191,3.432088080961191,4.014915560161114,0.8548344366234852
2334,47203072,187183,358.587890625,1.7264643907546997,358.587890625,1.7264643907546997,1027.818359375,0.0,89.31393432617188,0.4300120770931244,3.432088080961191,3.432088080961191,4.014915560161114,0.8548344366234852
2335,47223296,187262,362.6741638183594,0.8054584264755249,362.6741638183594,0.8054584264755249,1027.818359375,0.0,90.33169555664062,0.2006128430366516,3.432088080961191,3.432088080961191,4.014915560161114,0.8548344366234852
2336,47243520,187341,361.6839599609375,2.960700273513794,361.6839599609375,2.960700273513794,1027.818359375,0.0,90.08507537841797,0.7374240159988403,3.432088080961191,3.432088080961191,4.014915560161114,0.8548344366234852
2337,47263744,187419,361.2291259765625,9.30311393737793,361.2291259765625,9.30311393737793,1027.818359375,0.0,89.97179412841797,2.317135810852051,3.432088080961191,3.432088080961191,4.014915560161114,0.8548344366234852
2338,47283968,187499,362.5418395996094,2.8243963718414307,362.5418395996094,2.8243963718414307,1027.818359375,0.0,90.2987289428711,0.7034762501716614,3.432088080961191,3.432088080961191,4.014915560161114,0.8548344366234852
2339,47304192,187578,363.717529296875,4.262392520904541,363.717529296875,4.262392520904541,1027.818359375,0.0,90.5915756225586,1.0616390705108643,3.432088080961191,3.432088080961191,4.014915560161114,0.8548344366234852
2340,47324416,187658,360.55810546875,6.690714359283447,360.55810546875,6.690714359283447,1027.818359375,0.0,89.80465698242188,1.6664655208587646,3.432088080961191,3.432088080961191,4.014915560161114,0.8548344366234852
2341,47344640,187737,359.378173828125,2.506716728210449,359.378173828125,2.506716728210449,1027.818359375,0.0,89.5107650756836,0.6243526339530945,3.432088080961191,3.432088080961191,4.014915560161114,0.8548344366234852
2342,47364864,187817,359.4892883300781,8.893208503723145,359.4892883300781,8.893208503723145,1027.818359375,0.0,89.53844451904297,2.21504282951355,3.432088080961191,3.432088080961191,4.014915560161114,0.8548344366234852
2343,47385088,187897,362.609619140625,2.8181307315826416,362.609619140625,2.8181307315826416,1027.818359375,0.0,90.31562042236328,0.7019151449203491,3.432088080961191,3.432088080961191,4.014915560161114,0.8548344366234852
2344,47405312,187976,362.3024597167969,3.835158348083496,362.3024597167969,3.835158348083496,1027.818359375,0.0,90.23912811279297,0.9552298188209534,3.432088080961191,3.432088080961191,4.014915560161114,0.8548344366234852
2345,47425536,188054,363.947265625,3.667832851409912,363.947265625,3.667832851409912,1027.818359375,0.0,90.64879608154297,0.9135557413101196,3.432088080961191,3.432088080961191,4.014915560161114,0.8548344366234852
2346,47445760,188133,363.8959655761719,2.4372403621673584,363.8959655761719,2.4372403621673584,1027.818359375,0.0,90.63601684570312,0.6070473790168762,3.432088080961191,3.432088080961191,4.014915560161114,0.8548344366234852
2347,47465984,188214,360.766357421875,2.79245924949646,360.766357421875,2.79245924949646,1027.818359375,0.0,89.85651397705078,0.6955255270004272,3.432088080961191,3.432088080961191,4.014915560161114,0.8548344366234852
2348,47486208,188294,362.2579040527344,2.3275811672210693,362.2579040527344,2.3275811672210693,1027.818359375,0.0,90.22801971435547,0.5797353982925415,3.432088080961191,3.432088080961191,4.014915560161114,0.8548344366234852
2349,47506432,188374,360.0235595703125,1.6955840587615967,360.0235595703125,1.6955840587615967,1027.818359375,0.0,89.6715087890625,0.42232125997543335,3.432088080961191,3.432088080961191,4.014915560161114,0.8548344366234852
2350,47526656,188453,360.5587158203125,3.78559947013855,360.5587158203125,3.78559947013855,1027.818359375,0.0,89.8048095703125,0.9428836107254028,3.432088080961191,3.432088080961191,4.014915560161114,0.8548344366234852
2351,47546880,188532,362.5279846191406,1.2814353704452515,362.5279846191406,1.2814353704452515,1027.818359375,0.0,90.2953109741211,0.3191673755645752,3.432088080961191,3.432088080961191,4.014915560161114,0.8548344366234852
2352,47567104,188612,362.8779296875,3.6383137702941895,362.8779296875,3.6383137702941895,1027.818359375,0.0,90.3824462890625,0.90619957447052,3.432088080961191,3.432088080961191,4.014915560161114,0.8548344366234852
2353,47587328,188692,363.522705078125,2.965780735015869,363.522705078125,2.965780735015869,1027.818359375,0.0,90.54306030273438,0.7386909127235413,3.432088080961191,3.432088080961191,4.014915560161114,0.8548344366234852
2354,47607552,188771,356.6751403808594,3.4305031299591064,356.6751403808594,3.4305031299591064,1027.818359375,0.0,88.8375015258789,0.8544403910636902,3.432088080961191,3.432088080961191,4.014915560161114,0.8548344366234852
2355,47627776,188850,360.6809997558594,3.9291653633117676,360.6809997558594,3.9291653633117676,1027.818359375,0.0,89.83526611328125,0.9786444306373596,3.432088080961191,3.432088080961191,4.014915560161114,0.8548344366234852
2356,47648000,188930,363.5350646972656,5.396118640899658,363.5350646972656,5.396118640899658,1027.818359375,0.0,90.54613494873047,1.344016432762146,3.432088080961191,3.432088080961191,4.014915560161114,0.8548344366234852
2357,47668224,189010,361.0457763671875,1.6435472965240479,361.0457763671875,1.6435472965240479,1027.818359375,0.0,89.9261245727539,0.40936383605003357,3.432088080961191,3.432088080961191,4.014915560161114,0.8548344366234852
2358,47688448,189088,363.1634826660156,3.5178942680358887,363.1634826660156,3.5178942680358887,1027.818359375,0.0,90.45358276367188,0.8762058615684509,3.432088080961191,3.432088080961191,4.014915560161114,0.8548344366234852
2359,47708672,189167,363.9064025878906,1.3406405448913574,363.9064025878906,1.3406405448913574,1027.818359375,0.0,90.63861846923828,0.3339166045188904,3.432088080961191,3.432088080961191,4.014915560161114,0.8548344366234852
2360,47728896,189247,359.814453125,5.508816242218018,359.814453125,5.508816242218018,1027.818359375,0.0,89.61942291259766,1.3720901012420654,3.432088080961191,3.432088080961191,4.014915560161114,0.8548344366234852
2361,47749120,189327,360.755126953125,2.1019794940948486,360.755126953125,2.1019794940948486,1027.818359375,0.0,89.85372161865234,0.5235450267791748,3.432088080961191,3.432088080961191,4.014915560161114,0.8548344366234852
2362,47769344,189407,360.4981384277344,5.643075466156006,360.4981384277344,5.643075466156006,1027.818359375,0.0,89.78971099853516,1.4055309295654297,3.432088080961191,3.432088080961191,4.014915560161114,0.8548344366234852
2363,47789568,189486,360.4822998046875,3.189324378967285,360.4822998046875,3.189324378967285,1027.818359375,0.0,89.7857666015625,0.7943674325942993,3.432088080961191,3.432088080961191,4.014915560161114,0.8548344366234852
2364,47809792,189565,360.89453125,5.244890213012695,360.89453125,5.244890213012695,1027.818359375,0.0,89.8884506225586,1.3063535690307617,3.432088080961191,3.432088080961191,4.014915560161114,0.8548344366234852
2365,47830016,189645,361.88037109375,5.980757713317871,361.88037109375,5.980757713317871,1027.818359375,0.0,90.13399505615234,1.4896336793899536,3.432088080961191,3.432088080961191,4.014915560161114,0.8548344366234852
2366,47850240,189725,360.4664611816406,3.1477341651916504,360.4664611816406,3.1477341651916504,1027.818359375,0.0,89.7818374633789,0.784010648727417,3.432088080961191,3.432088080961191,4.014915560161114,0.8548344366234852
2367,47870464,189804,356.9420471191406,2.6749114990234375,356.9420471191406,2.6749114990234375,1027.818359375,0.0,88.90399932861328,0.6662478446960449,3.432088080961191,3.432088080961191,4.014915560161114,0.8548344366234852
2368,47890688,189883,362.9447326660156,2.499452829360962,362.9447326660156,2.499452829360962,1027.818359375,0.0,90.39910125732422,0.6225447058677673,3.432088080961191,3.432088080961191,4.014915560161114,0.8548344366234852
2369,47910912,189962,363.7692565917969,3.3694169521331787,363.7692565917969,3.3694169521331787,1027.818359375,0.0,90.60445404052734,0.839223325252533,3.432088080961191,3.432088080961191,4.014915560161114,0.8548344366234852
2370,47931136,190042,357.8538818359375,10.13978099822998,357.8538818359375,10.13978099822998,1027.818359375,0.0,89.13111114501953,2.5255279541015625,3.432088080961191,3.432088080961191,4.014915560161114,0.8548344366234852
2371,47951360,190121,362.1289367675781,3.959383487701416,362.1289367675781,3.959383487701416,1027.818359375,0.0,90.19591522216797,0.9861681461334229,3.432088080961191,3.432088080961191,4.014915560161114,0.8548344366234852
2372,47971584,190200,364.7156066894531,4.162424564361572,364.7156066894531,4.162424564361572,1027.818359375,0.0,90.84017181396484,1.0367441177368164,3.432088080961191,3.432088080961191,4.014915560161114,0.8548344366234852
2373,47991808,190280,364.9479064941406,3.8886239528656006,364.9479064941406,3.8886239528656006,1027.818359375,0.0,90.89803314208984,0.9685466885566711,3.432088080961191,3.432088080961191,4.014915560161114,0.8548344366234852
2374,48012032,190360,358.8464050292969,5.14739990234375,358.8464050292969,5.14739990234375,1027.818359375,0.0,89.3783187866211,1.2820683717727661,3.432088080961191,3.432088080961191,4.014915560161114,0.8548344366234852
2375,48032256,190439,363.3039855957031,3.8008508682250977,363.3039855957031,3.8008508682250977,1027.818359375,0.0,90.48856353759766,0.9466844201087952,3.432088080961191,3.432088080961191,4.014915560161114,0.8548344366234852
2376,48052480,190518,361.9000244140625,2.2362310886383057,361.9000244140625,2.2362310886383057,1027.818359375,0.0,90.13887786865234,0.5569817423820496,3.432088080961191,3.432088080961191,4.014915560161114,0.8548344366234852
2377,48072704,190597,360.3236389160156,2.871344566345215,360.3236389160156,2.871344566345215,1027.818359375,0.0,89.74626922607422,0.7151697278022766,3.432088080961191,3.432088080961191,4.014915560161114,0.8548344366234852
2378,48092928,190677,360.7460021972656,2.850104808807373,360.7460021972656,2.850104808807373,1027.818359375,0.0,89.8514633178711,0.7098851203918457,3.432088080961191,3.432088080961191,4.014915560161114,0.8548344366234852
2379,48113152,190757,359.3985900878906,1.4205498695373535,359.3985900878906,1.4205498695373535,1027.818359375,0.0,89.5158462524414,0.35381820797920227,3.432088080961191,3.432088080961191,4.014915560161114,0.8548344366234852
2380,48133376,190836,363.1246032714844,4.795173168182373,363.1246032714844,4.795173168182373,1027.818359375,0.0,90.44388580322266,1.1943386793136597,3.432088080961191,3.432088080961191,4.014915560161114,0.8548344366234852
2381,48153600,190915,359.6340637207031,7.875087738037109,359.6340637207031,7.875087738037109,1027.818359375,0.0,89.57450103759766,1.9614629745483398,3.432088080961191,3.432088080961191,4.014915560161114,0.8548344366234852
2382,48173824,190994,358.9772644042969,1.133732795715332,358.9772644042969,1.133732795715332,1027.818359375,0.0,89.4109115600586,0.28238266706466675,3.432088080961191,3.432088080961191,4.014915560161114,0.8548344366234852
2383,48194048,191073,358.9254455566406,4.180263996124268,358.9254455566406,4.180263996124268,1027.818359375,0.0,89.39801025390625,1.0411837100982666,3.432088080961191,3.432088080961191,4.014915560161114,0.8548344366234852
2384,48214272,191152,359.9309997558594,2.1666948795318604,359.9309997558594,2.1666948795318604,1027.818359375,0.0,89.64844512939453,0.5396618247032166,3.432088080961191,3.432088080961191,4.014915560161114,0.8548344366234852
2385,48234496,191231,361.8654479980469,3.2754950523376465,361.8654479980469,3.2754950523376465,1027.818359375,0.0,90.1302719116211,0.8158336877822876,3.432088080961191,3.432088080961191,4.014915560161114,0.8548344366234852
2386,48254720,191310,361.3785705566406,3.796947479248047,361.3785705566406,3.796947479248047,1027.818359375,0.0,90.0090103149414,0.9457089900970459,3.432088080961191,3.432088080961191,4.014915560161114,0.8548344366234852
2387,48274944,191390,359.1846618652344,3.859039783477783,359.1846618652344,3.859039783477783,1027.818359375,0.0,89.46256256103516,0.9611743092536926,3.432088080961191,3.432088080961191,4.014915560161114,0.8548344366234852
2388,48295168,191469,364.5124206542969,6.700514316558838,364.5124206542969,6.700514316558838,1027.818359375,0.0,90.78955078125,1.6689016819000244,3.432088080961191,3.432088080961191,4.014915560161114,0.8548344366234852
2389,48315392,191548,363.49609375,5.3923211097717285,363.49609375,5.3923211097717285,1027.818359375,0.0,90.53641510009766,1.3430708646774292,3.432088080961191,3.432088080961191,4.014915560161114,0.8548344366234852
2390,48335616,191626,360.164794921875,2.3923141956329346,360.164794921875,2.3923141956329346,1027.818359375,0.0,89.70669555664062,0.5958550572395325,3.432088080961191,3.432088080961191,4.014915560161114,0.8548344366234852
2391,48355840,191705,360.2808837890625,1.1530096530914307,360.2808837890625,1.1530096530914307,1027.818359375,0.0,89.7356185913086,0.2871774435043335,3.432088080961191,3.432088080961191,4.014915560161114,0.8548344366234852
2392,48376064,191785,360.90771484375,2.214012622833252,360.90771484375,2.214012622833252,1027.818359375,0.0,89.8917236328125,0.5514476895332336,3.432088080961191,3.432088080961191,4.014915560161114,0.8548344366234852
2393,48396288,191864,358.9227294921875,2.312370538711548,358.9227294921875,2.312370538711548,1027.818359375,0.0,89.39733123779297,0.575944721698761,3.432088080961191,3.432088080961191,4.014915560161114,0.8548344366234852
2394,48416512,191943,363.6667175292969,2.3630149364471436,363.6667175292969,2.3630149364471436,1027.818359375,0.0,90.57891845703125,0.5885606408119202,3.432088080961191,3.432088080961191,4.014915560161114,0.8548344366234852
2395,48436736,192022,358.0895080566406,0.5138052701950073,358.0895080566406,0.5138052701950073,1027.818359375,0.0,89.1897964477539,0.1279730200767517,3.432088080961191,3.432088080961191,4.014915560161114,0.8548344366234852
2396,48456960,192101,364.6427917480469,1.6129800081253052,364.6427917480469,1.6129800081253052,1027.818359375,0.0,90.82202911376953,0.401749849319458,3.432088080961191,3.432088080961191,4.014915560161114,0.8548344366234852
2397,48477184,192180,361.6023864746094,1.6422278881072998,361.6023864746094,1.6422278881072998,1027.818359375,0.0,90.06475067138672,0.4090309143066406,3.432088080961191,3.432088080961191,4.014915560161114,0.8548344366234852
2398,48497408,192259,360.548095703125,2.328345537185669,360.548095703125,2.328345537185669,1027.818359375,0.0,89.80215454101562,0.5799235701560974,3.432088080961191,3.432088080961191,4.014915560161114,0.8548344366234852
2399,48517632,192338,363.7387390136719,3.1241793632507324,363.7387390136719,3.1241793632507324,1027.818359375,0.0,90.59686279296875,0.7781448364257812,3.432088080961191,3.432088080961191,4.014915560161114,0.8548344366234852
2400,48537856,192416,362.8092041015625,4.433679580688477,362.8092041015625,4.433679580688477,1027.818359375,0.0,90.3653335571289,1.1043025255203247,3.432088080961191,3.432088080961191,4.014915560161114,0.8548344366234852
2401,48558080,192495,364.48193359375,6.582022190093994,364.48193359375,6.582022190093994,1027.818359375,0.0,90.7819595336914,1.6393969058990479,3.432088080961191,3.432088080961191,4.014915560161114,0.8548344366234852
2402,48578304,192574,359.0299987792969,2.2677431106567383,359.0299987792969,2.2677431106567383,1027.818359375,0.0,89.42404174804688,0.5648313760757446,3.432088080961191,3.432088080961191,4.014915560161114,0.8548344366234852
2403,48598528,192653,362.234619140625,0.5264604091644287,362.234619140625,0.5264604091644287,1027.818359375,0.0,90.22222900390625,0.13112682104110718,3.432088080961191,3.432088080961191,4.014915560161114,0.8548344366234852
2404,48618752,192731,356.6435241699219,2.0065853595733643,356.6435241699219,2.0065853595733643,1027.818359375,0.0,88.82964324951172,0.4997844099998474,3.432088080961191,3.432088080961191,4.014915560161114,0.8548344366234852
2405,48638976,192811,363.6444091796875,4.80264139175415,363.6444091796875,4.80264139175415,1027.818359375,0.0,90.5733642578125,1.1961984634399414,3.432088080961191,3.432088080961191,4.014915560161114,0.8548344366234852
2406,48659200,192895,360.1011047363281,4.283158779144287,360.1011047363281,4.283158779144287,1027.818359375,0.0,89.69083404541016,1.0668103694915771,3.432088080961191,3.432088080961191,4.014915560161114,0.8548344366234852
2407,48679424,192983,360.028564453125,2.414567470550537,360.028564453125,2.414567470550537,1027.818359375,0.0,89.67276763916016,0.6013995409011841,3.432088080961191,3.432088080961191,4.014915560161114,0.8548344366234852
2408,48699648,193068,359.1423034667969,3.3520939350128174,359.1423034667969,3.3520939350128174,1027.818359375,0.0,89.4520263671875,0.8349119424819946,3.432088080961191,3.432088080961191,4.014915560161114,0.8548344366234852
2409,48719872,193149,364.241455078125,4.055642127990723,364.241455078125,4.055642127990723,1027.818359375,0.0,90.7220687866211,1.0101428031921387,3.432088080961191,3.432088080961191,4.014915560161114,0.8548344366234852
2410,48740096,193230,361.3841247558594,9.257051467895508,361.3841247558594,9.257051467895508,1027.818359375,0.0,90.0103988647461,2.3056604862213135,3.432088080961191,3.432088080961191,4.014915560161114,0.8548344366234852
2411,48760320,193311,361.8163146972656,1.6878386735916138,361.8163146972656,1.6878386735916138,1027.818359375,0.0,90.1180419921875,0.42039233446121216,3.432088080961191,3.432088080961191,4.014915560161114,0.8548344366234852
2412,48780544,193392,365.3741760253906,1.9397845268249512,365.3741760253906,1.9397845268249512,1027.818359375,0.0,91.00421142578125,0.4831458628177643,3.432088080961191,3.432088080961191,4.014915560161114,0.8548344366234852
2413,48800768,193472,364.552734375,3.3855340480804443,364.552734375,3.3855340480804443,1027.818359375,0.0,90.79959869384766,0.8432431221008301,3.432088080961191,3.432088080961191,4.014915560161114,0.8548344366234852
2414,48820992,193552,357.7534484863281,5.4012346267700195,357.7534484863281,5.4012346267700195,1027.818359375,0.0,89.1061019897461,1.345292329788208,3.432088080961191,3.432088080961191,4.014915560161114,0.8548344366234852
2415,48841216,193632,359.7585754394531,11.081185340881348,359.7585754394531,11.081185340881348,1027.818359375,0.0,89.60552215576172,2.760006904602051,3.432088080961191,3.432088080961191,4.014915560161114,0.8548344366234852
2416,48861440,193712,365.2718811035156,5.102776527404785,365.2718811035156,5.102776527404785,1027.818359375,0.0,90.97872161865234,1.2709547281265259,3.432088080961191,3.432088080961191,4.014915560161114,0.8548344366234852
2417,48881664,193791,362.98486328125,2.9895927906036377,362.98486328125,2.9895927906036377,1027.818359375,0.0,90.40908813476562,0.7446256875991821,3.432088080961191,3.432088080961191,4.014915560161114,0.8548344366234852
2418,48901888,193872,359.7873229980469,6.846398830413818,359.7873229980469,6.846398830413818,1027.818359375,0.0,89.61267852783203,1.705239176750183,3.432088080961191,3.432088080961191,4.014915560161114,0.8548344366234852
2419,48922112,193952,362.9803771972656,4.611987590789795,362.9803771972656,4.611987590789795,1027.818359375,0.0,90.4079818725586,1.148711919784546,3.432088080961191,3.432088080961191,4.014915560161114,0.8548344366234852
2420,48942336,194033,360.9330749511719,1.959276795387268,360.9330749511719,1.959276795387268,1027.818359375,0.0,89.8980484008789,0.4880017042160034,3.432088080961191,3.432088080961191,4.014915560161114,0.8548344366234852
2421,48962560,194113,360.9022216796875,2.1634583473205566,360.9022216796875,2.1634583473205566,1027.818359375,0.0,89.8903579711914,0.5388555526733398,3.432088080961191,3.432088080961191,4.014915560161114,0.8548344366234852
2422,48982784,194194,362.3167419433594,4.596080780029297,362.3167419433594,4.596080780029297,1027.818359375,0.0,90.24267578125,1.144753098487854,3.432088080961191,3.432088080961191,4.014915560161114,0.8548344366234852
2423,49003008,194274,367.6126403808594,6.4349446296691895,367.6126403808594,6.4349446296691895,1027.818359375,0.0,91.56172943115234,1.6027560234069824,3.432088080961191,3.432088080961191,4.014915560161114,0.8548344366234852
2424,49023232,194356,360.904541015625,4.880851745605469,360.904541015625,4.880851745605469,1027.818359375,0.0,89.89093780517578,1.2156792879104614,3.432088080961191,3.432088080961191,4.014915560161114,0.8548344366234852
2425,49043456,194437,365.3016662597656,2.8453240394592285,365.3016662597656,2.8453240394592285,1027.818359375,0.0,90.98614501953125,0.7086865305900574,3.432088080961191,3.432088080961191,4.014915560161114,0.8548344366234852
2426,49063680,194517,358.4144287109375,2.8335440158843994,358.4144287109375,2.8335440158843994,1027.818359375,0.0,89.27072143554688,0.7057538628578186,3.432088080961191,3.432088080961191,4.014915560161114,0.8548344366234852
2427,49083904,194597,360.0756530761719,6.246851921081543,360.0756530761719,6.246851921081543,1027.818359375,0.0,89.68447875976562,1.5559110641479492,3.432088080961191,3.432088080961191,4.014915560161114,0.8548344366234852
2428,49104128,194678,367.8101501464844,8.888648986816406,367.8101501464844,8.888648986816406,1027.818359375,0.0,91.6109390258789,2.21390700340271,3.432088080961191,3.432088080961191,4.014915560161114,0.8548344366234852
2429,49124352,194758,360.845458984375,4.789018154144287,360.845458984375,4.789018154144287,1027.818359375,0.0,89.876220703125,1.1928062438964844,3.432088080961191,3.432088080961191,4.014915560161114,0.8548344366234852
2430,49144576,194838,360.7803955078125,4.1044440269470215,360.7803955078125,4.1044440269470215,1027.818359375,0.0,89.86001586914062,1.0222963094711304,3.432088080961191,3.432088080961191,4.014915560161114,0.8548344366234852
2431,49164800,194919,361.0153503417969,2.403989315032959,361.0153503417969,2.403989315032959,1027.818359375,0.0,89.91854095458984,0.5987653732299805,3.432088080961191,3.432088080961191,4.014915560161114,0.8548344366234852
2432,49185024,195000,360.6534729003906,1.2025878429412842,360.6534729003906,1.2025878429412842,1027.818359375,0.0,89.82842254638672,0.2995314598083496,3.432088080961191,3.432088080961191,4.014915560161114,0.8548344366234852
2433,49205248,195081,359.9986572265625,3.168031930923462,359.9986572265625,3.168031930923462,1027.818359375,0.0,89.66531372070312,0.7890623211860657,3.432088080961191,3.432088080961191,4.014915560161114,0.8548344366234852
2434,49225472,195161,365.7124328613281,4.567176818847656,365.7124328613281,4.567176818847656,1027.818359375,0.0,91.08844757080078,1.1375483274459839,3.432088080961191,3.432088080961191,4.014915560161114,0.8548344366234852
2435,49245696,195242,361.384765625,6.241608142852783,361.384765625,6.241608142852783,1027.818359375,0.0,90.01055145263672,1.5546029806137085,3.432088080961191,3.432088080961191,4.014915560161114,0.8548344366234852
2436,49265920,195323,359.1961975097656,1.5147507190704346,359.1961975097656,1.5147507190704346,1027.818359375,0.0,89.46544647216797,0.37728577852249146,3.432088080961191,3.432088080961191,4.014915560161114,0.8548344366234852
2437,49286144,195404,362.7680969238281,5.592798233032227,362.7680969238281,5.592798233032227,1027.818359375,0.0,90.3551025390625,1.3930076360702515,3.432088080961191,3.432088080961191,4.014915560161114,0.8548344366234852
2438,49306368,195484,366.3553161621094,5.385954856872559,366.3553161621094,5.385954856872559,1027.818359375,0.0,91.2485580444336,1.3414838314056396,3.432088080961191,3.432088080961191,4.014915560161114,0.8548344366234852
2439,49326592,195564,364.0997314453125,2.1292548179626465,364.0997314453125,2.1292548179626465,1027.818359375,0.0,90.68677520751953,0.5303354859352112,3.432088080961191,3.432088080961191,4.014915560161114,0.8548344366234852
2440,49346816,195644,365.767333984375,3.740978956222534,365.767333984375,3.740978956222534,1027.818359375,0.0,91.10213470458984,0.9317700862884521,3.432088080961191,3.432088080961191,4.014915560161114,0.8548344366234852
2441,49367040,195724,362.8151550292969,9.057575225830078,362.8151550292969,9.057575225830078,1027.818359375,0.0,90.36681365966797,2.255981683731079,3.432088080961191,3.432088080961191,4.014915560161114,0.8548344366234852
2442,49387264,195804,359.1025390625,3.3844728469848633,359.1025390625,3.3844728469848633,1027.818359375,0.0,89.4421157836914,0.8429781198501587,3.432088080961191,3.432088080961191,4.014915560161114,0.8548344366234852
2443,49407488,195884,361.5635681152344,6.73534631729126,361.5635681152344,6.73534631729126,1027.818359375,0.0,90.05508422851562,1.6775774955749512,3.432088080961191,3.432088080961191,4.014915560161114,0.8548344366234852
2444,49427712,195964,362.7185974121094,2.926823139190674,362.7185974121094,2.926823139190674,1027.818359375,0.0,90.3427505493164,0.7289895415306091,3.432088080961191,3.432088080961191,4.014915560161114,0.8548344366234852
2445,49447936,196044,364.7601318359375,7.982036113739014,364.7601318359375,7.982036113739014,1027.818359375,0.0,90.85125732421875,1.9880963563919067,3.432088080961191,3.432088080961191,4.014915560161114,0.8548344366234852
2446,49468160,196124,360.5560302734375,7.025052070617676,360.5560302734375,7.025052070617676,1027.818359375,0.0,89.80413818359375,1.7497358322143555,3.432088080961191,3.432088080961191,4.014915560161114,0.8548344366234852
2447,49488384,196203,361.2657470703125,1.6640790700912476,361.2657470703125,1.6640790700912476,1027.818359375,0.0,89.98090362548828,0.41446927189826965,3.432088080961191,3.432088080961191,4.014915560161114,0.8548344366234852
2448,49508608,196283,363.6205139160156,5.131258964538574,363.6205139160156,5.131258964538574,1027.818359375,0.0,90.56741333007812,1.278054118156433,3.432088080961191,3.432088080961191,4.014915560161114,0.8548344366234852
2449,49528832,196363,358.673095703125,3.7747857570648193,358.673095703125,3.7747857570648193,1027.818359375,0.0,89.33515167236328,0.9401922225952148,3.432088080961191,3.432088080961191,4.014915560161114,0.8548344366234852
2450,49549056,196444,363.4150390625,4.8196234703063965,363.4150390625,4.8196234703063965,1027.818359375,0.0,90.5162353515625,1.200433373451233,3.432088080961191,3.432088080961191,4.014915560161114,0.8548344366234852
2451,49569280,196524,358.84619140625,3.3052608966827393,358.84619140625,3.3052608966827393,1027.818359375,0.0,89.3782730102539,0.8232424855232239,3.432088080961191,3.432088080961191,4.014915560161114,0.8548344366234852
2452,49589504,196604,358.8245849609375,2.659738540649414,358.8245849609375,2.659738540649414,1027.818359375,0.0,89.37288665771484,0.6624638438224792,3.432088080961191,3.432088080961191,4.014915560161114,0.8548344366234852
2453,49609728,196684,362.3980712890625,3.3894383907318115,362.3980712890625,3.3894383907318115,1027.818359375,0.0,90.262939453125,0.8442125916481018,3.432088080961191,3.432088080961191,4.014915560161114,0.8548344366234852
2454,49629952,196764,364.5721130371094,4.388064861297607,364.5721130371094,4.388064861297607,1027.818359375,0.0,90.8044204711914,1.0929429531097412,3.432088080961191,3.432088080961191,4.014915560161114,0.8548344366234852
2455,49650176,196844,358.932373046875,3.244339942932129,358.932373046875,3.244339942932129,1027.818359375,0.0,89.39972686767578,0.8080722689628601,3.432088080961191,3.432088080961191,4.014915560161114,0.8548344366234852
2456,49670400,196924,362.7369384765625,1.6837717294692993,362.7369384765625,1.6837717294692993,1027.818359375,0.0,90.34734344482422,0.4193785488605499,3.432088080961191,3.432088080961191,4.014915560161114,0.8548344366234852
2457,49690624,197005,362.8980712890625,7.488677501678467,362.8980712890625,7.488677501678467,1027.818359375,0.0,90.38748168945312,1.8652108907699585,3.432088080961191,3.432088080961191,4.014915560161114,0.8548344366234852
2458,49710848,197086,359.9925537109375,5.342264175415039,359.9925537109375,5.342264175415039,1027.818359375,0.0,89.6637954711914,1.3306025266647339,3.432088080961191,3.432088080961191,4.014915560161114,0.8548344366234852
2459,49731072,197166,362.4222717285156,7.567139148712158,362.4222717285156,7.567139148712158,1027.818359375,0.0,90.26897430419922,1.884755253791809,3.432088080961191,3.432088080961191,4.014915560161114,0.8548344366234852
2460,49751296,197246,360.281982421875,4.656490802764893,360.281982421875,4.656490802764893,1027.818359375,0.0,89.73587799072266,1.1597990989685059,3.432088080961191,3.432088080961191,4.014915560161114,0.8548344366234852
2461,49771520,197326,359.0467834472656,6.704076290130615,359.0467834472656,6.704076290130615,1027.818359375,0.0,89.42823028564453,1.6697938442230225,3.432088080961191,3.432088080961191,4.014915560161114,0.8548344366234852
2462,49791744,197406,360.4100646972656,3.723823308944702,360.4100646972656,3.723823308944702,1027.818359375,0.0,89.76779174804688,0.927501380443573,3.432088080961191,3.432088080961191,4.014915560161114,0.8548344366234852
2463,49811968,197492,363.158935546875,5.80211877822876,363.158935546875,5.80211877822876,1027.818359375,0.0,90.45245361328125,1.445138931274414,3.432088080961191,3.432088080961191,4.014915560161114,0.8548344366234852
2464,49832192,197576,362.2327575683594,4.507075309753418,362.2327575683594,4.507075309753418,1027.818359375,0.0,90.22176361083984,1.122581958770752,3.432088080961191,3.432088080961191,4.014915560161114,0.8548344366234852
2465,49852416,197659,360.3949279785156,1.245151400566101,360.3949279785156,1.245151400566101,1027.818359375,0.0,89.7640151977539,0.31013023853302,3.432088080961191,3.432088080961191,4.014915560161114,0.8548344366234852
2466,49872640,197743,362.8353576660156,2.771017551422119,362.8353576660156,2.771017551422119,1027.818359375,0.0,90.3718490600586,0.6901831030845642,3.432088080961191,3.432088080961191,4.014915560161114,0.8548344366234852
2467,49892864,197834,360.1351013183594,5.371127128601074,360.1351013183594,5.371127128601074,1027.818359375,0.0,89.69928741455078,1.3377944231033325,3.432088080961191,3.432088080961191,4.014915560161114,0.8548344366234852
2468,49913088,197932,361.3437194824219,4.124532699584961,361.3437194824219,4.124532699584961,1027.818359375,0.0,90.00032806396484,1.0273030996322632,3.432088080961191,3.432088080961191,4.014915560161114,0.8548344366234852
2469,49933312,198030,363.7000732421875,3.659777879714966,363.7000732421875,3.659777879714966,1027.818359375,0.0,90.58722686767578,0.9115471243858337,3.432088080961191,3.432088080961191,4.014915560161114,0.8548344366234852
2470,49953536,198127,362.4411926269531,8.71807861328125,362.4411926269531,8.71807861328125,1027.818359375,0.0,90.273681640625,2.17142391204834,3.432088080961191,3.432088080961191,4.014915560161114,0.8548344366234852
2471,49973760,198223,356.6758117675781,7.420936584472656,356.6758117675781,7.420936584472656,1027.818359375,0.0,88.83768463134766,1.8483384847640991,3.432088080961191,3.432088080961191,4.014915560161114,0.8548344366234852
2472,49993984,198321,367.6108093261719,3.998382329940796,367.6108093261719,3.998382329940796,1027.818359375,0.0,91.56127166748047,0.9958844780921936,3.432088080961191,3.432088080961191,4.014915560161114,0.8548344366234852
2473,50014208,198408,359.80615234375,6.1146240234375,359.80615234375,6.1146240234375,1027.818359375,0.0,89.61737060546875,1.5229779481887817,3.432088080961191,3.432088080961191,4.014915560161114,0.8548344366234852
2474,50034432,198487,358.5716857910156,3.690765619277954,358.5716857910156,3.690765619277954,1027.818359375,0.0,89.30989837646484,0.9192661643028259,3.432088080961191,3.432088080961191,4.014915560161114,0.8548344366234852
2475,50054656,198567,360.1228332519531,2.8867790699005127,360.1228332519531,2.8867790699005127,1027.818359375,0.0,89.69623565673828,0.719013512134552,3.432088080961191,3.432088080961191,4.014915560161114,0.8548344366234852
2476,50074880,198649,358.7505187988281,2.243795871734619,358.7505187988281,2.243795871734619,1027.818359375,0.0,89.35443115234375,0.5588642954826355,3.432088080961191,3.432088080961191,4.014915560161114,0.8548344366234852
2477,50095104,198730,361.700439453125,5.629709243774414,361.700439453125,5.629709243774414,1027.818359375,0.0,90.08917236328125,1.402194619178772,3.432088080961191,3.432088080961191,4.014915560161114,0.8548344366234852
2478,50115328,198811,361.7552185058594,4.173314094543457,361.7552185058594,4.173314094543457,1027.818359375,0.0,90.1028060913086,1.0394505262374878,3.432088080961191,3.432088080961191,4.014915560161114,0.8548344366234852
2479,50135552,198892,364.7430114746094,2.309626817703247,364.7430114746094,2.309626817703247,1027.818359375,0.0,90.84698486328125,0.5752600431442261,3.432088080961191,3.432088080961191,4.014915560161114,0.8548344366234852
2480,50155776,198973,357.55908203125,4.522526741027832,357.55908203125,4.522526741027832,1027.818359375,0.0,89.05767822265625,1.1264324188232422,3.432088080961191,3.432088080961191,4.014915560161114,0.8548344366234852
2481,50176000,199054,359.673828125,5.611636161804199,359.673828125,5.611636161804199,1027.818359375,0.0,89.58441162109375,1.397695541381836,3.432088080961191,3.432088080961191,4.014915560161114,0.8548344366234852
2482,50196224,199135,362.5427551269531,2.3754031658172607,362.5427551269531,2.3754031658172607,1027.818359375,0.0,90.2989730834961,0.5916439890861511,3.432088080961191,3.432088080961191,4.014915560161114,0.8548344366234852
2483,50216448,199216,360.0726623535156,2.5784709453582764,360.0726623535156,2.5784709453582764,1027.818359375,0.0,89.68374633789062,0.6422217488288879,3.432088080961191,3.432088080961191,4.014915560161114,0.8548344366234852
2484,50236672,199296,359.022216796875,4.096393585205078,359.022216796875,4.096393585205078,1027.818359375,0.0,89.4220962524414,1.0202903747558594,3.432088080961191,3.432088080961191,4.014915560161114,0.8548344366234852
2485,50256896,199378,357.7666320800781,3.666489362716675,357.7666320800781,3.666489362716675,1027.818359375,0.0,89.109375,0.9132153987884521,3.432088080961191,3.432088080961191,4.014915560161114,0.8548344366234852
2486,50277120,199458,362.6366882324219,0.8633585572242737,362.6366882324219,0.8633585572242737,1027.818359375,0.0,90.3223648071289,0.2150377482175827,3.432088080961191,3.432088080961191,4.014915560161114,0.8548344366234852
2487,50297344,199539,363.5276184082031,3.3287014961242676,363.5276184082031,3.3287014961242676,1027.818359375,0.0,90.54427337646484,0.8290833234786987,3.432088080961191,3.432088080961191,4.014915560161114,0.8548344366234852
2488,50317568,199620,361.7493896484375,8.369522094726562,361.7493896484375,8.369522094726562,1027.818359375,0.0,90.10137176513672,2.084606647491455,3.432088080961191,3.432088080961191,4.014915560161114,0.8548344366234852
2489,50337792,199702,362.7818908691406,3.297543525695801,362.7818908691406,3.297543525695801,1027.818359375,0.0,90.3585433959961,0.8213210701942444,3.432088080961191,3.432088080961191,4.014915560161114,0.8548344366234852
2490,50358016,199783,361.9637756347656,3.3586902618408203,361.9637756347656,3.3586902618408203,1027.818359375,0.0,90.1547622680664,0.8365545272827148,3.432088080961191,3.432088080961191,4.014915560161114,0.8548344366234852
2491,50378240,199865,363.2214660644531,1.5808922052383423,363.2214660644531,1.5808922052383423,1027.818359375,0.0,90.46802520751953,0.39375874400138855,3.432088080961191,3.432088080961191,4.014915560161114,0.8548344366234852
2492,50398464,199945,362.406005859375,6.225704193115234,362.406005859375,6.225704193115234,1027.818359375,0.0,90.26490020751953,1.5506470203399658,3.432088080961191,3.432088080961191,4.014915560161114,0.8548344366234852
2493,50418688,200026,357.3929443359375,5.173318386077881,357.3929443359375,5.173318386077881,1027.818359375,0.0,89.01629638671875,1.288527488708496,3.432088080961191,3.432088080961191,4.014915560161114,0.8548344366234852
2494,50438912,200107,362.5834045410156,0.4344463050365448,362.5834045410156,0.4344463050365448,1027.818359375,0.0,90.3091049194336,0.1082063540816307,3.432088080961191,3.432088080961191,4.014915560161114,0.8548344366234852
2495,50459136,200189,363.1319580078125,4.35640811920166,363.1319580078125,4.35640811920166,1027.818359375,0.0,90.44571685791016,1.0850545167922974,3.432088080961191,3.432088080961191,4.014915560161114,0.8548344366234852
2496,50479360,200271,362.163330078125,5.299029350280762,362.163330078125,5.299029350280762,1027.818359375,0.0,90.2044677734375,1.3198344707489014,3.432088080961191,3.432088080961191,4.014915560161114,0.8548344366234852
2497,50499584,200353,361.1632080078125,3.1488068103790283,361.1632080078125,3.1488068103790283,1027.818359375,0.0,89.95536041259766,0.784274160861969,3.432088080961191,3.432088080961191,4.014915560161114,0.8548344366234852
2498,50519808,200435,363.9578552246094,2.4776363372802734,363.9578552246094,2.4776363372802734,1027.818359375,0.0,90.65143585205078,0.6171071529388428,3.432088080961191,3.432088080961191,4.014915560161114,0.8548344366234852
2499,50540032,200516,361.8118591308594,4.49771785736084,361.8118591308594,4.49771785736084,1027.818359375,0.0,90.1169204711914,1.1202553510665894,3.432088080961191,3.432088080961191,4.014915560161114,0.8548344366234852
2500,50560256,200597,360.6477355957031,2.045840263366699,360.6477355957031,2.045840263366699,1027.818359375,0.0,89.82697296142578,0.5095602869987488,3.432088080961191,3.432088080961191,4.014915560161114,0.8548344366234852
2501,50580480,200679,362.6493225097656,5.723005771636963,362.6493225097656,5.723005771636963,1027.818359375,0.0,90.32552337646484,1.425437092781067,3.432088080961191,3.432088080961191,4.014915560161114,0.8548344366234852
2502,50600704,200760,360.2620544433594,2.6473000049591064,360.2620544433594,2.6473000049591064,1027.818359375,0.0,89.73091888427734,0.6593640446662903,3.432088080961191,3.432088080961191,4.014915560161114,0.8548344366234852
2503,50620928,200842,361.7496337890625,3.241602897644043,361.7496337890625,3.241602897644043,1027.818359375,0.0,90.10143280029297,0.8073914051055908,3.432088080961191,3.432088080961191,4.014915560161114,0.8548344366234852
2504,50641152,200923,363.774169921875,10.165782928466797,363.774169921875,10.165782928466797,1027.818359375,0.0,90.60568237304688,2.5320048332214355,3.432088080961191,3.432088080961191,4.014915560161114,0.8548344366234852
2505,50661376,201004,360.9744873046875,7.343111515045166,360.9744873046875,7.343111515045166,1027.818359375,0.0,89.90836334228516,1.8289594650268555,3.432088080961191,3.432088080961191,4.014915560161114,0.8548344366234852
2506,50681600,201085,363.2373352050781,3.9296867847442627,363.2373352050781,3.9296867847442627,1027.818359375,0.0,90.47197723388672,0.9787747263908386,3.432088080961191,3.432088080961191,4.014915560161114,0.8548344366234852
2507,50701824,201166,361.7995910644531,7.54431676864624,361.7995910644531,7.54431676864624,1027.818359375,0.0,90.11388397216797,1.8790706396102905,3.432088080961191,3.432088080961191,4.014915560161114,0.8548344366234852
2508,50722048,201247,359.8736267089844,2.1862711906433105,359.8736267089844,2.1862711906433105,1027.818359375,0.0,89.63416290283203,0.5445358157157898,3.432088080961191,3.432088080961191,4.014915560161114,0.8548344366234852
2509,50742272,201328,359.5686950683594,8.12026596069336,359.5686950683594,8.12026596069336,1027.818359375,0.0,89.55821990966797,2.0225253105163574,3.432088080961191,3.432088080961191,4.014915560161114,0.8548344366234852
2510,50762496,201409,363.921630859375,3.641244888305664,363.921630859375,3.641244888305664,1027.818359375,0.0,90.64241790771484,0.9069268107414246,3.432088080961191,3.432088080961191,4.014915560161114,0.8548344366234852
2511,50782720,201490,360.1651306152344,6.930906772613525,360.1651306152344,6.930906772613525,1027.818359375,0.0,89.70677947998047,1.72628653049469,3.432088080961191,3.432088080961191,4.014915560161114,0.8548344366234852
2512,50802944,201571,360.3073425292969,2.728428363800049,360.3073425292969,2.728428363800049,1027.818359375,0.0,89.7421875,0.6795754432678223,3.432088080961191,3.432088080961191,4.014915560161114,0.8548344366234852
2513,50823168,201651,361.3039855957031,1.3261470794677734,361.3039855957031,1.3261470794677734,1027.818359375,0.0,89.99044036865234,0.3303081691265106,3.432088080961191,3.432088080961191,4.014915560161114,0.8548344366234852
2514,50843392,201731,362.5600280761719,3.1653499603271484,362.5600280761719,3.1653499603271484,1027.818359375,0.0,90.30327606201172,0.7883979082107544,3.432088080961191,3.432088080961191,4.014915560161114,0.8548344366234852
2515,50863616,201813,360.7815246582031,2.2852818965911865,360.7815246582031,2.2852818965911865,1027.818359375,0.0,89.86031341552734,0.5691959261894226,3.432088080961191,3.432088080961191,4.014915560161114,0.8548344366234852
2516,50883840,201894,367.3498229980469,7.77980899810791,367.3498229980469,7.77980899810791,1027.818359375,0.0,91.49627685546875,1.937730073928833,3.432088080961191,3.432088080961191,4.014915560161114,0.8548344366234852
2517,50904064,201976,359.0121765136719,4.65739107131958,359.0121765136719,4.65739107131958,1027.818359375,0.0,89.41960906982422,1.1600227355957031,3.432088080961191,3.432088080961191,4.014915560161114,0.8548344366234852
2518,50924288,202057,364.9718017578125,3.6529178619384766,364.9718017578125,3.6529178619384766,1027.818359375,0.0,90.90398406982422,0.9098371267318726,3.432088080961191,3.432088080961191,4.014915560161114,0.8548344366234852
2519,50944512,202138,361.67138671875,0.6048218607902527,361.67138671875,0.6048218607902527,1027.818359375,0.0,90.08194732666016,0.15063978731632233,3.432088080961191,3.432088080961191,4.014915560161114,0.8548344366234852
2520,50964736,202219,364.4375915527344,2.4383175373077393,364.4375915527344,2.4383175373077393,1027.818359375,0.0,90.77091217041016,0.6073187589645386,3.432088080961191,3.432088080961191,4.014915560161114,0.8548344366234852
2521,50984960,202300,364.7843322753906,5.093465328216553,364.7843322753906,5.093465328216553,1027.818359375,0.0,90.85729217529297,1.2686351537704468,3.432088080961191,3.432088080961191,4.014915560161114,0.8548344366234852
2522,51005184,202382,360.4693603515625,1.2174665927886963,360.4693603515625,1.2174665927886963,1027.818359375,0.0,89.78255462646484,0.3032335937023163,3.432088080961191,3.432088080961191,4.014915560161114,0.8548344366234852
2523,51025408,202463,359.9986572265625,4.830974578857422,359.9986572265625,4.830974578857422,1027.818359375,0.0,89.66531372070312,1.2032614946365356,3.432088080961191,3.432088080961191,4.014915560161114,0.8548344366234852
2524,51045632,202545,364.9236145019531,1.6448907852172852,364.9236145019531,1.6448907852172852,1027.818359375,0.0,90.8919906616211,0.4096914231777191,3.432088080961191,3.432088080961191,4.014915560161114,0.8548344366234852
2525,51065856,202627,360.3580322265625,6.850592613220215,360.3580322265625,6.850592613220215,1027.818359375,0.0,89.75482940673828,1.7062833309173584,3.432088080961191,3.432088080961191,4.014915560161114,0.8548344366234852
2526,51086080,202708,366.157958984375,2.5760881900787354,366.157958984375,2.5760881900787354,1027.818359375,0.0,91.19942474365234,0.6416301727294922,3.432088080961191,3.432088080961191,4.014915560161114,0.8548344366234852
2527,51106304,202789,363.5255432128906,2.970828056335449,363.5255432128906,2.970828056335449,1027.818359375,0.0,90.54375457763672,0.7399502396583557,3.432088080961191,3.432088080961191,4.014915560161114,0.8548344366234852
2528,51126528,202870,360.894775390625,5.939939975738525,360.894775390625,5.939939975738525,1027.818359375,0.0,89.88851165771484,1.4794703722000122,3.432088080961191,3.432088080961191,4.014915560161114,0.8548344366234852
2529,51146752,202951,364.7530822753906,3.856842279434204,364.7530822753906,3.856842279434204,1027.818359375,0.0,90.8495101928711,0.960628092288971,3.432088080961191,3.432088080961191,4.014915560161114,0.8548344366234852
2530,51166976,203032,362.9057922363281,4.722873687744141,362.9057922363281,4.722873687744141,1027.818359375,0.0,90.389404296875,1.1763367652893066,3.432088080961191,3.432088080961191,4.014915560161114,0.8548344366234852
2531,51187200,203112,362.406494140625,4.318212985992432,362.406494140625,4.318212985992432,1027.818359375,0.0,90.2650375366211,1.0755430459976196,3.432088080961191,3.432088080961191,4.014915560161114,0.8548344366234852
2532,51207424,203193,362.6423645019531,3.5882725715637207,362.6423645019531,3.5882725715637207,1027.818359375,0.0,90.32379150390625,0.8937366008758545,3.432088080961191,3.432088080961191,4.014915560161114,0.8548344366234852
2533,51227648,203274,358.4712829589844,5.429553985595703,358.4712829589844,5.429553985595703,1027.818359375,0.0,89.28488159179688,1.352345585823059,3.432088080961191,3.432088080961191,4.014915560161114,0.8548344366234852
2534,51247872,203355,364.8329772949219,3.107177972793579,364.8329772949219,3.107177972793579,1027.818359375,0.0,90.86939239501953,0.7739099264144897,3.432088080961191,3.432088080961191,4.014915560161114,0.8548344366234852
2535,51268096,203436,361.5876159667969,2.7868800163269043,361.5876159667969,2.7868800163269043,1027.818359375,0.0,90.06107330322266,0.6941311955451965,3.432088080961191,3.432088080961191,4.014915560161114,0.8548344366234852
2536,51288320,203517,362.5919494628906,3.661623001098633,362.5919494628906,3.661623001098633,1027.818359375,0.0,90.31122589111328,0.9120027422904968,3.432088080961191,3.432088080961191,4.014915560161114,0.8548344366234852
2537,51308544,203598,362.0579528808594,2.6774425506591797,362.0579528808594,2.6774425506591797,1027.818359375,0.0,90.17822265625,0.666875958442688,3.432088080961191,3.432088080961191,4.014915560161114,0.8548344366234852
2538,51328768,203679,367.2565002441406,2.2406246662139893,367.2565002441406,2.2406246662139893,1027.818359375,0.0,91.47303009033203,0.5580726861953735,3.432088080961191,3.432088080961191,4.014915560161114,0.8548344366234852
2539,51348992,203760,358.4048156738281,1.8425071239471436,358.4048156738281,1.8425071239471436,1027.818359375,0.0,89.2683334350586,0.4589163064956665,3.432088080961191,3.432088080961191,4.014915560161114,0.8548344366234852
2540,51369216,203841,359.5389709472656,2.089963674545288,359.5389709472656,2.089963674545288,1027.818359375,0.0,89.55081176757812,0.5205503702163696,3.432088080961191,3.432088080961191,4.014915560161114,0.8548344366234852
2541,51389440,203922,363.0769348144531,2.424617052078247,363.0769348144531,2.424617052078247,1027.818359375,0.0,90.4320297241211,0.6039032340049744,3.432088080961191,3.432088080961191,4.014915560161114,0.8548344366234852
2542,51409664,204003,359.5123291015625,2.8648271560668945,359.5123291015625,2.8648271560668945,1027.818359375,0.0,89.54418182373047,0.713551938533783,3.432088080961191,3.432088080961191,4.014915560161114,0.8548344366234852
2543,51429888,204085,362.7558288574219,2.839655637741089,362.7558288574219,2.839655637741089,1027.818359375,0.0,90.35205078125,0.7072762250900269,3.432088080961191,3.432088080961191,4.014915560161114,0.8548344366234852
2544,51450112,204166,356.7459716796875,8.043805122375488,356.7459716796875,8.043805122375488,1027.818359375,0.0,88.85516357421875,2.003479242324829,3.432088080961191,3.432088080961191,4.014915560161114,0.8548344366234852
2545,51470336,204247,357.056884765625,5.292254447937012,357.056884765625,5.292254447937012,1027.818359375,0.0,88.9325942993164,1.3181482553482056,3.432088080961191,3.432088080961191,4.014915560161114,0.8548344366234852
2546,51490560,204328,358.2821350097656,4.9778642654418945,358.2821350097656,4.9778642654418945,1027.818359375,0.0,89.23779296875,1.2398478984832764,3.432088080961191,3.432088080961191,4.014915560161114,0.8548344366234852
2547,51510784,204409,363.0008544921875,3.0076334476470947,363.0008544921875,3.0076334476470947,1027.818359375,0.0,90.4130630493164,0.7491128444671631,3.432088080961191,3.432088080961191,4.014915560161114,0.8548344366234852
2548,51531008,204491,359.451416015625,1.0645235776901245,359.451416015625,1.0645235776901245,1027.818359375,0.0,89.52901458740234,0.2651461362838745,3.432088080961191,3.432088080961191,4.014915560161114,0.8548344366234852
2549,51551232,204572,360.923828125,3.3471689224243164,360.923828125,3.3471689224243164,1027.818359375,0.0,89.895751953125,0.8336839079856873,3.432088080961191,3.432088080961191,4.014915560161114,0.8548344366234852
2550,51571456,204653,360.2953796386719,3.633791923522949,360.2953796386719,3.633791923522949,1027.818359375,0.0,89.73921966552734,0.9050707221031189,3.432088080961191,3.432088080961191,4.014915560161114,0.8548344366234852
2551,51591680,204735,361.7312927246094,3.677091121673584,361.7312927246094,3.677091121673584,1027.818359375,0.0,90.09685516357422,0.9158556461334229,3.432088080961191,3.432088080961191,4.014915560161114,0.8548344366234852
2552,51611904,204816,362.5423278808594,9.121356010437012,362.5423278808594,9.121356010437012,1027.818359375,0.0,90.29885864257812,2.27187180519104,3.432088080961191,3.432088080961191,4.014915560161114,0.8548344366234852
2553,51632128,204897,365.2661437988281,4.953709602355957,365.2661437988281,4.953709602355957,1027.818359375,0.0,90.97728729248047,1.2338248491287231,3.432088080961191,3.432088080961191,4.014915560161114,0.8548344366234852
2554,51652352,204978,358.8418273925781,3.576190948486328,358.8418273925781,3.576190948486328,1027.818359375,0.0,89.3771743774414,0.8907250165939331,3.432088080961191,3.432088080961191,4.014915560161114,0.8548344366234852
2555,51672576,205059,358.2810974121094,4.655675411224365,358.2810974121094,4.655675411224365,1027.818359375,0.0,89.23751068115234,1.1595972776412964,3.432088080961191,3.432088080961191,4.014915560161114,0.8548344366234852
2556,51692800,205141,363.4523620605469,7.299086093902588,363.4523620605469,7.299086093902588,1027.818359375,0.0,90.52552032470703,1.8179899454116821,3.432088080961191,3.432088080961191,4.014915560161114,0.8548344366234852
2557,51713024,205222,365.1556396484375,2.366945505142212,365.1556396484375,2.366945505142212,1027.818359375,0.0,90.94976806640625,0.5895389914512634,3.432088080961191,3.432088080961191,4.014915560161114,0.8548344366234852
2558,51733248,205303,362.3519592285156,4.657470226287842,362.3519592285156,4.657470226287842,1027.818359375,0.0,90.25145721435547,1.1600409746170044,3.432088080961191,3.432088080961191,4.014915560161114,0.8548344366234852
2559,51753472,205384,362.8936767578125,3.249934673309326,362.8936767578125,3.249934673309326,1027.818359375,0.0,90.3863754272461,0.809465229511261,3.432088080961191,3.432088080961191,4.014915560161114,0.8548344366234852
2560,51773696,205466,358.0547180175781,9.557859420776367,358.0547180175781,9.557859420776367,1027.818359375,0.0,89.1811294555664,2.380587339401245,3.432088080961191,3.432088080961191,4.014915560161114,0.8548344366234852
2561,51793920,205547,360.7815246582031,4.463794708251953,360.7815246582031,4.463794708251953,1027.818359375,0.0,89.86031341552734,1.1118062734603882,3.432088080961191,3.432088080961191,4.014915560161114,0.8548344366234852
2562,51814144,205628,358.903564453125,1.8240710496902466,358.903564453125,1.8240710496902466,1027.818359375,0.0,89.39254760742188,0.4543258249759674,3.432088080961191,3.432088080961191,4.014915560161114,0.8548344366234852
2563,51834368,205709,358.3715515136719,5.649949073791504,358.3715515136719,5.649949073791504,1027.818359375,0.0,89.26004028320312,1.40723717212677,3.432088080961191,3.432088080961191,4.014915560161114,0.8548344366234852
2564,51854592,205790,366.9407958984375,5.494422435760498,366.9407958984375,5.494422435760498,1027.818359375,0.0,91.3944091796875,1.3685051202774048,3.432088080961191,3.432088080961191,4.014915560161114,0.8548344366234852
2565,51874816,205871,361.545166015625,2.5502686500549316,361.545166015625,2.5502686500549316,1027.818359375,0.0,90.05050659179688,0.6351944208145142,3.432088080961191,3.432088080961191,4.014915560161114,0.8548344366234852
2566,51895040,205952,362.8119201660156,5.553502082824707,362.8119201660156,5.553502082824707,1027.818359375,0.0,90.36600494384766,1.3832168579101562,3.432088080961191,3.432088080961191,4.014915560161114,0.8548344366234852
2567,51915264,206033,362.3296813964844,3.844618320465088,362.3296813964844,3.844618320465088,1027.818359375,0.0,90.24590301513672,0.957584798336029,3.432088080961191,3.432088080961191,4.014915560161114,0.8548344366234852
2568,51935488,206114,363.7637939453125,1.996777892112732,363.7637939453125,1.996777892112732,1027.818359375,0.0,90.60309600830078,0.4973401427268982,3.432088080961191,3.432088080961191,4.014915560161114,0.8548344366234852
2569,51955712,206196,361.0120544433594,4.553991317749023,361.0120544433594,4.553991317749023,1027.818359375,0.0,89.91771697998047,1.1342653036117554,3.432088080961191,3.432088080961191,4.014915560161114,0.8548344366234852
2570,51975936,206277,361.742431640625,3.674081563949585,361.742431640625,3.674081563949585,1027.818359375,0.0,90.09963989257812,0.9151062369346619,3.432088080961191,3.432088080961191,4.014915560161114,0.8548344366234852
2571,51996160,206357,361.2611389160156,6.076796531677246,361.2611389160156,6.076796531677246,1027.818359375,0.0,89.9797592163086,1.5135554075241089,3.432088080961191,3.432088080961191,4.014915560161114,0.8548344366234852
2572,52016384,206438,358.2610778808594,3.6827290058135986,358.2610778808594,3.6827290058135986,1027.818359375,0.0,89.23253631591797,0.9172590374946594,3.432088080961191,3.432088080961191,4.014915560161114,0.8548344366234852
2573,52036608,206519,363.1852722167969,4.0252685546875,363.1852722167969,4.0252685546875,1027.818359375,0.0,90.4590072631836,1.0025736093521118,3.432088080961191,3.432088080961191,4.014915560161114,0.8548344366234852
2574,52056832,206600,364.2012939453125,4.2253828048706055,364.2012939453125,4.2253828048706055,1027.818359375,0.0,90.71206665039062,1.052422285079956,3.432088080961191,3.432088080961191,4.014915560161114,0.8548344366234852
2575,52077056,206681,362.99609375,3.0033342838287354,362.99609375,3.0033342838287354,1027.818359375,0.0,90.4118881225586,0.7480409145355225,3.432088080961191,3.432088080961191,4.014915560161114,0.8548344366234852
2576,52097280,206762,360.2353515625,3.4268155097961426,360.2353515625,3.4268155097961426,1027.818359375,0.0,89.72427368164062,0.8535199165344238,3.432088080961191,3.432088080961191,4.014915560161114,0.8548344366234852
2577,52117504,206842,361.6640930175781,4.0913543701171875,361.6640930175781,4.0913543701171875,1027.818359375,0.0,90.08013153076172,1.0190348625183105,3.432088080961191,3.432088080961191,4.014915560161114,0.8548344366234852
2578,52137728,206923,364.6550598144531,2.6894948482513428,364.6550598144531,2.6894948482513428,1027.818359375,0.0,90.8250961303711,0.6698746681213379,3.432088080961191,3.432088080961191,4.014915560161114,0.8548344366234852
2579,52157952,207004,365.994873046875,3.9578804969787598,365.994873046875,3.9578804969787598,1027.818359375,0.0,91.1587905883789,0.9857969284057617,3.432088080961191,3.432088080961191,4.014915560161114,0.8548344366234852
2580,52178176,207086,358.9303283691406,0.9429534077644348,358.9303283691406,0.9429534077644348,1027.818359375,0.0,89.39923095703125,0.23486140370368958,3.432088080961191,3.432088080961191,4.014915560161114,0.8548344366234852
2581,52198400,207166,361.0592346191406,3.354717493057251,361.0592346191406,3.354717493057251,1027.818359375,0.0,89.9294662475586,0.8355682492256165,3.432088080961191,3.432088080961191,4.014915560161114,0.8548344366234852
2582,52218624,207247,360.620849609375,0.8358213901519775,360.620849609375,0.8358213901519775,1027.818359375,0.0,89.82028198242188,0.20818156003952026,3.432088080961191,3.432088080961191,4.014915560161114,0.8548344366234852
2583,52238848,207328,362.0133972167969,4.196584224700928,362.0133972167969,4.196584224700928,1027.818359375,0.0,90.16712188720703,1.0452476739883423,3.432088080961191,3.432088080961191,4.014915560161114,0.8548344366234852
2584,52259072,207408,360.7983703613281,3.2750513553619385,360.7983703613281,3.2750513553619385,1027.818359375,0.0,89.86449432373047,0.8157185912132263,3.432088080961191,3.432088080961191,4.014915560161114,0.8548344366234852
2585,52279296,207488,361.4566345214844,5.361417293548584,361.4566345214844,5.361417293548584,1027.818359375,0.0,90.0284423828125,1.3353750705718994,3.432088080961191,3.432088080961191,4.014915560161114,0.8548344366234852
2586,52299520,207569,359.3232116699219,2.3673346042633057,359.3232116699219,2.3673346042633057,1027.818359375,0.0,89.4970703125,0.5896362066268921,3.432088080961191,3.432088080961191,4.014915560161114,0.8548344366234852
2587,52319744,207651,361.9358825683594,4.999953746795654,361.9358825683594,4.999953746795654,1027.818359375,0.0,90.1478042602539,1.2453442811965942,3.432088080961191,3.432088080961191,4.014915560161114,0.8548344366234852
2588,52339968,207732,361.4695739746094,1.2969284057617188,361.4695739746094,1.2969284057617188,1027.818359375,0.0,90.03167724609375,0.32303011417388916,3.432088080961191,3.432088080961191,4.014915560161114,0.8548344366234852
2589,52360192,207813,364.2829284667969,6.541660308837891,364.2829284667969,6.541660308837891,1027.818359375,0.0,90.73239135742188,1.6293400526046753,3.432088080961191,3.432088080961191,4.014915560161114,0.8548344366234852
2590,52380416,207893,363.5787048339844,7.114642143249512,363.5787048339844,7.114642143249512,1027.818359375,0.0,90.55699920654297,1.7720491886138916,3.432088080961191,3.432088080961191,4.014915560161114,0.8548344366234852
2591,52400640,207974,362.1116638183594,6.489901542663574,362.1116638183594,6.489901542663574,1027.818359375,0.0,90.19158935546875,1.6164472103118896,3.432088080961191,3.432088080961191,4.014915560161114,0.8548344366234852
2592,52420864,208055,363.5623474121094,5.756011486053467,363.5623474121094,5.756011486053467,1027.818359375,0.0,90.55292510986328,1.4336525201797485,3.432088080961191,3.432088080961191,4.014915560161114,0.8548344366234852
2593,52441088,208136,360.5680236816406,4.537239074707031,360.5680236816406,4.537239074707031,1027.818359375,0.0,89.80712890625,1.13009774684906,3.432088080961191,3.432088080961191,4.014915560161114,0.8548344366234852
2594,52461312,208216,361.7318115234375,1.689037561416626,361.7318115234375,1.689037561416626,1027.818359375,0.0,90.09698486328125,0.4206911027431488,3.432088080961191,3.432088080961191,4.014915560161114,0.8548344366234852
2595,52481536,208297,365.4540100097656,6.501759052276611,365.4540100097656,6.501759052276611,1027.818359375,0.0,91.02408599853516,1.61940336227417,3.432088080961191,3.432088080961191,4.014915560161114,0.8548344366234852
2596,52501760,208378,361.8502502441406,3.9951963424682617,361.8502502441406,3.9951963424682617,1027.818359375,0.0,90.12649536132812,0.9950884580612183,3.432088080961191,3.432088080961191,4.014915560161114,0.8548344366234852
2597,52521984,208459,361.9849548339844,1.4574506282806396,361.9849548339844,1.4574506282806396,1027.818359375,0.0,90.1600341796875,0.3630100190639496,3.432088080961191,3.432088080961191,4.014915560161114,0.8548344366234852
2598,52542208,208539,362.4326171875,2.5269625186920166,362.4326171875,2.5269625186920166,1027.818359375,0.0,90.27155303955078,0.6293960213661194,3.432088080961191,3.432088080961191,4.014915560161114,0.8548344366234852
2599,52562432,208620,364.3232421875,3.2725284099578857,364.3232421875,3.2725284099578857,1027.818359375,0.0,90.74243927001953,0.8150953054428101,3.432088080961191,3.432088080961191,4.014915560161114,0.8548344366234852
2600,52582656,208701,360.78759765625,4.315917015075684,360.78759765625,4.315917015075684,1027.818359375,0.0,89.86180877685547,1.074968934059143,3.432088080961191,3.432088080961191,4.014915560161114,0.8548344366234852
2601,52602880,208782,361.2167053222656,2.7513844966888428,361.2167053222656,2.7513844966888428,1027.818359375,0.0,89.96869659423828,0.6852920055389404,3.432088080961191,3.432088080961191,4.014915560161114,0.8548344366234852
2602,52623104,208862,362.5184326171875,6.209159851074219,362.5184326171875,6.209159851074219,1027.818359375,0.0,90.29291534423828,1.5465199947357178,3.432088080961191,3.432088080961191,4.014915560161114,0.8548344366234852
2603,52643328,208943,358.720703125,4.539331436157227,358.720703125,4.539331436157227,1027.818359375,0.0,89.34700775146484,1.1306164264678955,3.432088080961191,3.432088080961191,4.014915560161114,0.8548344366234852
2604,52663552,209024,362.127685546875,5.039175033569336,362.127685546875,5.039175033569336,1027.818359375,0.0,90.19558715820312,1.2551136016845703,3.432088080961191,3.432088080961191,4.014915560161114,0.8548344366234852
2605,52683776,209104,360.0945739746094,1.6258149147033691,360.0945739746094,1.6258149147033691,1027.818359375,0.0,89.6891860961914,0.40494397282600403,3.432088080961191,3.432088080961191,4.014915560161114,0.8548344366234852
2606,52704000,209186,362.9900817871094,4.81174898147583,362.9900817871094,4.81174898147583,1027.818359375,0.0,90.41039276123047,1.1984702348709106,3.432088080961191,3.432088080961191,4.014915560161114,0.8548344366234852
2607,52724224,209267,362.4960021972656,2.971717119216919,362.4960021972656,2.971717119216919,1027.818359375,0.0,90.2873306274414,0.7401705384254456,3.432088080961191,3.432088080961191,4.014915560161114,0.8548344366234852
2608,52744448,209349,361.6649169921875,3.565664529800415,361.6649169921875,3.565664529800415,1027.818359375,0.0,90.08032989501953,0.8881065249443054,3.432088080961191,3.432088080961191,4.014915560161114,0.8548344366234852
2609,52764672,209430,361.7700500488281,4.655966281890869,361.7700500488281,4.655966281890869,1027.818359375,0.0,90.10652923583984,1.159665822982788,3.432088080961191,3.432088080961191,4.014915560161114,0.8548344366234852
2610,52784896,209512,365.5873107910156,2.6109795570373535,365.5873107910156,2.6109795570373535,1027.818359375,0.0,91.05728912353516,0.6503211855888367,3.432088080961191,3.432088080961191,4.014915560161114,0.8548344366234852
2611,52805120,209592,363.777099609375,3.6644599437713623,363.777099609375,3.6644599437713623,1027.818359375,0.0,90.60641479492188,0.9127084016799927,3.432088080961191,3.432088080961191,4.014915560161114,0.8548344366234852
2612,52825344,209674,360.8215026855469,3.6308341026306152,360.8215026855469,3.6308341026306152,1027.818359375,0.0,89.8702621459961,0.9043376445770264,3.432088080961191,3.432088080961191,4.014915560161114,0.8548344366234852
2613,52845568,209755,360.3757019042969,1.3841298818588257,360.3757019042969,1.3841298818588257,1027.818359375,0.0,89.75921630859375,0.3447457551956177,3.432088080961191,3.432088080961191,4.014915560161114,0.8548344366234852
2614,52865792,209836,360.4402160644531,1.4292705059051514,360.4402160644531,1.4292705059051514,1027.818359375,0.0,89.7752914428711,0.35598957538604736,3.432088080961191,3.432088080961191,4.014915560161114,0.8548344366234852
2615,52886016,209918,359.9820251464844,6.383058547973633,359.9820251464844,6.383058547973633,1027.818359375,0.0,89.66116333007812,1.5898364782333374,3.432088080961191,3.432088080961191,4.014915560161114,0.8548344366234852
2616,52906240,209999,359.5111389160156,4.054828643798828,359.5111389160156,4.054828643798828,1027.818359375,0.0,89.54388427734375,1.009941577911377,3.432088080961191,3.432088080961191,4.014915560161114,0.8548344366234852
2617,52926464,210080,364.157958984375,1.0769280195236206,364.157958984375,1.0769280195236206,1027.818359375,0.0,90.7012710571289,0.26823127269744873,3.432088080961191,3.432088080961191,4.014915560161114,0.8548344366234852
2618,52946688,210161,361.0434265136719,5.970116138458252,361.0434265136719,5.970116138458252,1027.818359375,0.0,89.92552947998047,1.486985206604004,3.432088080961191,3.432088080961191,4.014915560161114,0.8548344366234852
2619,52966912,210242,364.2444763183594,5.3012213706970215,364.2444763183594,5.3012213706970215,1027.818359375,0.0,90.72281646728516,1.3203809261322021,3.432088080961191,3.432088080961191,4.014915560161114,0.8548344366234852
2620,52987136,210323,360.1268310546875,3.501002073287964,360.1268310546875,3.501002073287964,1027.818359375,0.0,89.69723510742188,0.8719950914382935,3.432088080961191,3.432088080961191,4.014915560161114,0.8548344366234852
2621,53007360,210403,359.5367431640625,1.5801235437393188,359.5367431640625,1.5801235437393188,1027.818359375,0.0,89.55026245117188,0.39356231689453125,3.432088080961191,3.432088080961191,4.014915560161114,0.8548344366234852
2622,53027584,210484,357.869384765625,7.9751105308532715,357.869384765625,7.9751105308532715,1027.818359375,0.0,89.13497161865234,1.9863712787628174,3.432088080961191,3.432088080961191,4.014915560161114,0.8548344366234852
2623,53047808,210565,360.5285339355469,1.9477498531341553,360.5285339355469,1.9477498531341553,1027.818359375,0.0,89.79729461669922,0.4851249158382416,3.432088080961191,3.432088080961191,4.014915560161114,0.8548344366234852
2624,53068032,210645,363.4256286621094,4.341648101806641,363.4256286621094,4.341648101806641,1027.818359375,0.0,90.51885986328125,1.0813772678375244,3.432088080961191,3.432088080961191,4.014915560161114,0.8548344366234852
